,TFID,targetID
520,AT1G06850,AT3G50340
14020,AT1G06850,AT3G27170
2320,AT1G06850,AT5G67200
8580,AT1G06850,AT1G13250
5920,AT1G06850,AT1G72140
12140,AT1G06850,AT4G36780
3180,AT1G06850,AT1G65920
12040,AT1G06850,AT5G16000
3220,AT1G06850,AT2G47440
11940,AT1G06850,AT3G02570
5520,AT1G06850,AT3G19680
1240,AT1G06850,AT3G12920
10640,AT1G06850,AT5G54510
3260,AT1G06850,AT1G15670
11840,AT1G06850,AT1G01540
11740,AT1G06850,AT5G42100
9280,AT1G06850,AT4G02540
5260,AT1G06850,AT2G23130
5200,AT1G06850,AT2G44500
5140,AT1G06850,AT1G03870
9300,AT1G06850,AT4G18700
9340,AT1G06850,AT2G38530
8500,AT1G06850,AT4G35470
3120,AT1G06850,AT4G37260
1120,AT1G06850,AT2G31010
2420,AT1G06850,AT1G49780
920,AT1G06850,AT4G27280
7460,AT1G06850,AT1G76620
12980,AT1G06850,AT4G12420
2700,AT1G06850,AT1G04240
2760,AT1G06850,AT5G02760
7240,AT1G06850,AT1G75240
12860,AT1G06850,AT1G66150
7580,AT1G06850,AT3G14870
7600,AT1G06850,AT1G22882
1020,AT1G06850,AT4G27260
3440,AT1G06850,AT5G08130
7900,AT1G06850,AT3G55740
2860,AT1G06850,AT3G45970
2960,AT1G06850,AT3G58120
760,AT1G06850,AT1G18400
6600,AT1G06850,AT5G22870
12420,AT1G06850,AT5G54380
12400,AT1G06850,AT3G04730
6460,AT1G06850,AT3G11700
13860,AT1G06850,AT1G57680
8400,AT1G06850,AT1G70090
8440,AT1G06850,AT2G40540
7040,AT1G06850,AT1G69040
9480,AT1G06850,AT2G44920
7420,AT1G06850,AT4G38420
4420,AT1G06850,AT2G34650
3500,AT1G06850,AT3G02170
9740,AT1G06850,AT2G23290
160,AT1G06850,AT4G32280
4660,AT1G06850,AT3G28180
10940,AT1G06850,AT1G07420
1640,AT1G06850,AT1G35140
11440,AT1G06850,AT4G24510
1740,AT1G06850,AT2G42870
11300,AT1G06850,AT5G56980
11100,AT1G06850,AT2G34770
1780,AT1G06850,AT3G63430
3680,AT1G06850,AT4G38400
10120,AT1G06850,AT3G27960
11120,AT1G06850,AT3G24550
4640,AT1G06850,AT2G45050
10380,AT1G06850,AT4G31000
3780,AT1G06850,AT2G41170
10820,AT1G06850,AT3G08600
10880,AT1G06850,AT5G04330
9680,AT1G06850,AT2G42840
10760,AT1G06850,AT4G04840
15100,AT1G06850,AT1G72150
4820,AT1G06850,AT1G72490
3480,AT1G06850,AT3G54810
4860,AT1G06850,AT4G03210
15700,AT1G06850,AT1G15690
3840,AT1G06850,AT1G02640
8161,AT1G27730,AT3G18710
8181,AT1G27730,AT5G57110
7521,AT1G27730,AT2G46780
12481,AT1G27730,AT2G37600
12461,AT1G27730,AT1G70370
1061,AT1G27730,AT4G25420
8221,AT1G27730,AT3G54920
11041,AT1G27730,AT4G16250
12661,AT1G27730,AT5G22090
8121,AT1G27730,AT2G47930
8101,AT1G27730,AT4G39390
7461,AT1G27730,AT1G76620
8001,AT1G27730,AT1G12990
10861,AT1G27730,AT5G05690
7721,AT1G27730,AT4G34000
12901,AT1G27730,AT5G44030
12821,AT1G27730,AT2G18090
12861,AT1G27730,AT1G66150
7641,AT1G27730,AT2G17230
10401,AT1G27730,AT1G12460
10461,AT1G27730,AT2G36400
11121,AT1G27730,AT3G24550
1361,AT1G27730,AT5G28300
1501,AT1G27730,AT4G38840
8881,AT1G27730,AT5G66460
11441,AT1G27730,AT4G24510
1921,AT1G27730,AT4G32290
8941,AT1G27730,AT3G08030
11901,AT1G27730,AT2G47180
9721,AT1G27730,AT3G28850
2161,AT1G27730,AT1G21050
11741,AT1G27730,AT5G42100
11481,AT1G27730,AT4G23820
1941,AT1G27730,AT1G69690
9281,AT1G27730,AT4G02540
1301,AT1G27730,AT1G69160
9681,AT1G27730,AT2G42840
11681,AT1G27730,AT1G75820
11721,AT1G27730,AT3G06750
12021,AT1G27730,AT3G54400
8781,AT1G27730,AT3G24530
8701,AT1G27730,AT4G09970
12321,AT1G27730,AT1G32900
11201,AT1G27730,AT1G68330
11521,AT1G27730,AT1G18870
8441,AT1G27730,AT2G40540
10021,AT1G27730,AT5G62220
9961,AT1G27730,AT2G38540
8541,AT1G27730,AT4G36360
12221,AT1G27730,AT1G19835
9881,AT1G27730,AT5G65730
8581,AT1G27730,AT1G13250
2261,AT1G27730,AT5G04190
9841,AT1G27730,AT5G47820
8681,AT1G27730,AT3G20470
1861,AT1G27730,AT1G67265
1221,AT1G27730,AT1G14920
1761,AT1G27730,AT5G60840
9561,AT1G27730,AT2G21660
7321,AT1G27730,AT4G18670
7361,AT1G27730,AT5G06940
3441,AT1G27730,AT5G08130
5021,AT1G27730,AT1G01200
5101,AT1G27730,AT5G67460
421,AT1G27730,AT4G34760
5141,AT1G27730,AT1G03870
5261,AT1G27730,AT2G23130
5341,AT1G27730,AT2G10940
481,AT1G27730,AT1G68560
14461,AT1G27730,AT3G55280
3221,AT1G27730,AT2G47440
14381,AT1G27730,AT2G05920
5621,AT1G27730,AT1G66250
5641,AT1G27730,AT3G45780
14321,AT1G27730,AT5G20720
5741,AT1G27730,AT5G22940
5801,AT1G27730,AT5G51670
14061,AT1G27730,AT3G05910
4961,AT1G27730,AT3G09035
3141,AT1G27730,AT1G68570
14921,AT1G27730,AT3G19450
15021,AT1G27730,AT3G11630
3901,AT1G27730,AT5G60850
4001,AT1G27730,AT1G03170
15561,AT1G27730,AT5G13450
3761,AT1G27730,AT3G61950
4381,AT1G27730,AT4G11190
181,AT1G27730,AT1G29460
15421,AT1G27730,AT1G01620
15341,AT1G27730,AT5G56030
4521,AT1G27730,AT3G17580
4561,AT1G27730,AT3G63450
3561,AT1G27730,AT5G57660
15161,AT1G27730,AT2G20570
4641,AT1G27730,AT2G45050
4781,AT1G27730,AT1G72180
15121,AT1G27730,AT1G45130
381,AT1G27730,AT1G26945
15041,AT1G27730,AT5G16130
4861,AT1G27730,AT4G03210
6041,AT1G27730,AT4G39400
10661,AT1G27730,AT5G57350
7201,AT1G27730,AT3G02140
7041,AT1G27730,AT1G69040
7081,AT1G27730,AT5G49100
6661,AT1G27730,AT4G35240
6621,AT1G27730,AT1G21060
13681,AT1G27730,AT3G23050
2781,AT1G27730,AT1G62950
7161,AT1G27730,AT5G48920
13781,AT1G27730,AT4G16765
13301,AT1G27730,AT3G21190
13261,AT1G27730,AT5G42760
6941,AT1G27730,AT1G67880
13241,AT1G27730,AT2G45470
6521,AT1G27730,AT1G68360
2841,AT1G27730,AT4G03190
7241,AT1G27730,AT1G75240
3081,AT1G27730,AT5G02190
6381,AT1G27730,AT1G32190
6281,AT1G27730,AT2G32990
6481,AT1G27730,AT3G16570
7281,AT1G27730,AT2G15440
7702,AT1G34190,AT3G25700
3842,AT1G34190,AT1G02640
9762,AT1G34190,AT3G20810
4682,AT1G34190,AT1G70940
3902,AT1G34190,AT5G60850
4242,AT1G34190,AT2G28080
4802,AT1G34190,AT3G50750
2802,AT1G34190,AT1G30190
9702,AT1G34190,AT4G18760
7302,AT1G34190,AT1G68620
2562,AT1G34190,AT3G54510
7122,AT1G34190,AT2G46710
3822,AT1G34190,AT4G34135
3562,AT1G34190,AT5G57660
3962,AT1G34190,AT4G28240
7182,AT1G34190,AT3G18490
4542,AT1G34190,AT4G24570
3982,AT1G34190,AT5G43190
10022,AT1G34190,AT5G62220
7282,AT1G34190,AT2G15440
10122,AT1G34190,AT3G27960
3642,AT1G34190,AT5G60860
10182,AT1G34190,AT4G16140
2662,AT1G34190,AT3G55840
4322,AT1G34190,AT1G66930
4282,AT1G34190,AT1G36940
4262,AT1G34190,AT2G05790
10242,AT1G34190,AT1G60710
9842,AT1G34190,AT5G47820
6202,AT1G34190,AT4G16500
6842,AT1G34190,AT3G58850
9602,AT1G34190,AT5G41460
5422,AT1G34190,AT4G08040
5442,AT1G34190,AT2G21220
3222,AT1G34190,AT2G47440
8342,AT1G34190,AT5G64080
5582,AT1G34190,AT2G34070
2162,AT1G34190,AT1G21050
8802,AT1G34190,AT1G52750
2182,AT1G34190,AT2G01150
8382,AT1G34190,AT4G31360
5662,AT1G34190,AT1G78450
6382,AT1G34190,AT1G32190
6302,AT1G34190,AT2G14890
5802,AT1G34190,AT5G51670
8662,AT1G34190,AT5G47640
3162,AT1G34190,AT1G78100
5962,AT1G34190,AT1G14280
3082,AT1G34190,AT5G02190
8962,AT1G34190,AT3G18050
1942,AT1G34190,AT1G69690
3042,AT1G34190,AT2G43060
9102,AT1G34190,AT3G25290
1962,AT1G34190,AT1G54200
8482,AT1G34190,AT1G26770
4982,AT1G34190,AT1G66940
9482,AT1G34190,AT2G44920
6802,AT1G34190,AT1G24170
9362,AT1G34190,AT5G44130
2062,AT1G34190,AT4G36010
2482,AT1G34190,AT1G44350
5142,AT1G34190,AT1G03870
6522,AT1G34190,AT1G68360
3282,AT1G34190,AT1G21830
9162,AT1G34190,AT4G27310
9142,AT1G34190,AT2G33570
2102,AT1G34190,AT3G13980
9122,AT1G34190,AT4G26540
8222,AT1G34190,AT3G54920
5342,AT1G34190,AT2G10940
7382,AT1G34190,AT4G12730
9062,AT1G34190,AT2G22170
7822,AT1G34190,AT2G40620
3882,AT1G34190,AT3G62690
14802,AT1G34190,AT2G28190
14622,AT1G34190,AT4G36390
1362,AT1G34190,AT5G28300
11562,AT1G34190,AT3G63530
11622,AT1G34190,AT3G17090
522,AT1G34190,AT3G50340
14382,AT1G34190,AT2G05920
14342,AT1G34190,AT1G03600
14282,AT1G34190,AT1G55670
14182,AT1G34190,AT3G27850
11862,AT1G34190,AT3G12590
11902,AT1G34190,AT2G47180
602,AT1G34190,AT5G66590
14082,AT1G34190,AT1G53240
11482,AT1G34190,AT4G23820
14002,AT1G34190,AT2G45400
13982,AT1G34190,AT1G32200
13822,AT1G34190,AT3G28200
1202,AT1G34190,AT2G42380
13802,AT1G34190,AT5G49910
13602,AT1G34190,AT3G18080
1122,AT1G34190,AT2G31010
13242,AT1G34190,AT2G45470
12402,AT1G34190,AT3G04730
12522,AT1G34190,AT1G01520
922,AT1G34190,AT4G27280
12682,AT1G34190,AT3G54470
12722,AT1G34190,AT2G14880
1002,AT1G34190,AT1G06850
12822,AT1G34190,AT2G18090
682,AT1G34190,AT3G29575
14882,AT1G34190,AT3G53020
14202,AT1G34190,AT3G23640
1422,AT1G34190,AT1G54120
15242,AT1G34190,AT2G01420
11302,AT1G34190,AT5G56980
342,AT1G34190,AT3G23030
15682,AT1G34190,AT3G60750
15582,AT1G34190,AT3G16910
10862,AT1G34190,AT5G05690
15442,AT1G34190,AT1G67090
11122,AT1G34190,AT3G24550
15182,AT1G34190,AT3G23750
15602,AT1G34190,AT3G27830
4223,AT1G49010,AT1G73480
13543,AT1G49010,AT1G75540
13523,AT1G49010,AT5G60670
13483,AT1G49010,AT1G75460
7023,AT1G49010,AT5G52890
13583,AT1G49010,AT5G15210
7043,AT1G49010,AT1G69040
15123,AT1G49010,AT1G45130
13603,AT1G49010,AT3G18080
783,AT1G49010,AT3G60390
6723,AT1G49010,AT3G28860
6683,AT1G49010,AT3G05880
3023,AT1G49010,AT5G54590
6623,AT1G49010,AT1G21060
13663,AT1G49010,AT5G54280
6583,AT1G49010,AT3G23730
13743,AT1G49010,AT1G05150
723,AT1G49010,AT4G34770
3043,AT1G49010,AT2G43060
6923,AT1G49010,AT1G51940
15523,AT1G49010,AT3G56800
7143,AT1G49010,AT5G22290
13443,AT1G49010,AT4G37590
7723,AT1G49010,AT4G34000
12783,AT1G49010,AT1G29070
15763,AT1G49010,AT2G24270
2623,AT1G49010,AT3G55240
12823,AT1G49010,AT2G18090
7623,AT1G49010,AT2G36050
15703,AT1G49010,AT1G15690
12923,AT1G49010,AT5G11740
12943,AT1G49010,AT5G53970
15603,AT1G49010,AT3G27830
2703,AT1G49010,AT1G04240
12983,AT1G49010,AT4G12420
13003,AT1G49010,AT3G23810
7283,AT1G49010,AT2G15440
13203,AT1G49010,AT2G27030
2763,AT1G49010,AT5G02760
4023,AT1G49010,AT3G50660
863,AT1G49010,AT4G38860
13423,AT1G49010,AT1G18620
15503,AT1G49010,AT4G34620
1703,AT1G49010,AT1G69570
823,AT1G49010,AT5G39860
15463,AT1G49010,AT5G67420
3063,AT1G49010,AT2G21210
13943,AT1G49010,AT1G49730
5383,AT1G49010,AT1G01260
14483,AT1G49010,AT3G11670
483,AT1G49010,AT1G68560
15163,AT1G49010,AT2G20570
5323,AT1G49010,AT3G13970
14543,AT1G49010,AT3G20770
3283,AT1G49010,AT1G21830
5303,AT1G49010,AT1G51170
443,AT1G49010,AT5G47370
5223,AT1G49010,AT5G66600
14403,AT1G49010,AT3G24503
14563,AT1G49010,AT3G15190
5063,AT1G49010,AT4G03010
343,AT1G49010,AT3G23030
5003,AT1G49010,AT4G16770
4663,AT1G49010,AT3G28180
14843,AT1G49010,AT3G53420
3503,AT1G49010,AT3G02170
14903,AT1G49010,AT5G06980
4923,AT1G49010,AT3G44310
14923,AT1G49010,AT3G19450
403,AT1G49010,AT3G50800
14583,AT1G49010,AT4G22540
3723,AT1G49010,AT1G52190
3563,AT1G49010,AT5G57660
5663,AT1G49010,AT1G78450
6363,AT1G49010,AT5G25460
15143,AT1G49010,AT1G07320
683,AT1G49010,AT3G29575
15443,AT1G49010,AT1G67090
3123,AT1G49010,AT4G37260
6183,AT1G49010,AT2G27080
6103,AT1G49010,AT4G14550
3143,AT1G49010,AT1G68570
15423,AT1G49010,AT1G01620
4383,AT1G49010,AT4G11190
14343,AT1G49010,AT1G03600
5903,AT1G49010,AT1G22330
3583,AT1G49010,AT1G75490
5863,AT1G49010,AT3G57550
15303,AT1G49010,AT1G08360
4443,AT1G49010,AT1G67590
7803,AT1G49010,AT4G30180
5723,AT1G49010,AT5G40630
15263,AT1G49010,AT3G12780
3183,AT1G49010,AT1G65920
5703,AT1G49010,AT1G75450
5683,AT1G49010,AT3G15770
14123,AT1G49010,AT1G10360
2603,AT1G49010,AT3G61460
7123,AT1G49010,AT2G46710
12223,AT1G49010,AT1G19835
1443,AT1G49010,AT4G30410
8483,AT1G49010,AT1G26770
1363,AT1G49010,AT5G28300
2403,AT1G49010,AT5G02260
9563,AT1G49010,AT2G21660
8443,AT1G49010,AT2G40540
8503,AT1G49010,AT4G35470
11223,AT1G49010,AT2G45960
2203,AT1G49010,AT2G18010
10023,AT1G49010,AT5G62220
8423,AT1G49010,AT3G14560
11163,AT1G49010,AT2G38090
1503,AT1G49010,AT4G38840
12363,AT1G49010,AT3G15353
12283,AT1G49010,AT5G50150
10123,AT1G49010,AT3G27960
9923,AT1G49010,AT1G67340
1863,AT1G49010,AT1G67265
1223,AT1G49010,AT1G14920
1383,AT1G49010,AT5G54585
9743,AT1G49010,AT2G23290
11503,AT1G49010,AT2G27050
8663,AT1G49010,AT5G47640
8623,AT1G49010,AT1G60010
11923,AT1G49010,AT1G78110
8583,AT1G49010,AT1G13250
2303,AT1G49010,AT4G13790
11403,AT1G49010,AT3G53620
11963,AT1G49010,AT1G60590
9603,AT1G49010,AT5G41460
9783,AT1G49010,AT5G48900
2343,AT1G49010,AT3G16800
1183,AT1G49010,AT3G42800
12543,AT1G49010,AT1G19450
7843,AT1G49010,AT5G15220
9123,AT1G49010,AT4G26540
7883,AT1G49010,AT1G68020
11663,AT1G49010,AT4G19200
12743,AT1G49010,AT2G42620
1303,AT1G49010,AT1G69160
12723,AT1G49010,AT2G14880
8003,AT1G49010,AT1G12990
11623,AT1G49010,AT3G17090
2083,AT1G49010,AT2G20750
10623,AT1G49010,AT5G58440
9483,AT1G49010,AT2G44920
9283,AT1G49010,AT4G02540
11703,AT1G49010,AT5G48545
9243,AT1G49010,AT3G25710
2503,AT1G49010,AT1G73540
9163,AT1G49010,AT4G27310
8763,AT1G49010,AT4G32350
1563,AT1G49010,AT5G02200
1263,AT1G49010,AT5G02580
1043,AT1G49010,AT3G25717
11023,AT1G49010,AT1G65840
11723,AT1G49010,AT3G06750
12603,AT1G49010,AT2G32300
1283,AT1G49010,AT1G67900
2404,AT1G62300,AT5G02260
524,AT1G62300,AT3G50340
12204,AT1G62300,AT4G26690
9684,AT1G62300,AT2G42840
11024,AT1G62300,AT1G65840
11684,AT1G62300,AT1G75820
7904,AT1G62300,AT3G55740
84,AT1G62300,AT2G44910
15444,AT1G62300,AT1G67090
7424,AT1G62300,AT4G38420
3324,AT1G62300,AT5G15580
10644,AT1G62300,AT5G54510
784,AT1G62300,AT3G60390
8784,AT1G62300,AT3G24530
8164,AT1G62300,AT3G18710
6904,AT1G62300,AT5G62670
15164,AT1G62300,AT2G20570
11284,AT1G62300,AT3G52890
2424,AT1G62300,AT1G49780
13444,AT1G62300,AT4G37590
9505,AT1G69010,AT2G46270
5345,AT1G69010,AT2G10940
9685,AT1G69010,AT2G42840
14745,AT1G69010,AT4G31390
11485,AT1G69010,AT4G23820
5145,AT1G69010,AT1G03870
14665,AT1G69010,AT1G65010
11505,AT1G69010,AT2G27050
9605,AT1G69010,AT5G41460
3885,AT1G69010,AT3G62690
14545,AT1G69010,AT3G20770
14505,AT1G69010,AT2G19750
5305,AT1G69010,AT1G51170
9485,AT1G69010,AT2G44920
5245,AT1G69010,AT4G22560
5105,AT1G69010,AT5G67460
5205,AT1G69010,AT2G44500
7845,AT1G69010,AT5G15220
4985,AT1G69010,AT1G66940
10165,AT1G69010,AT2G43710
15465,AT1G69010,AT5G67420
4245,AT1G69010,AT2G28080
4225,AT1G69010,AT1G73480
4185,AT1G69010,AT5G66080
4065,AT1G69010,AT3G57830
10285,AT1G69010,AT1G22710
10905,AT1G69010,AT5G64220
10125,AT1G69010,AT3G27960
4045,AT1G69010,AT2G40610
15585,AT1G69010,AT3G16910
10845,AT1G69010,AT4G36180
3945,AT1G69010,AT5G03150
3925,AT1G69010,AT1G09470
15645,AT1G69010,AT3G06650
3905,AT1G69010,AT5G60850
10625,AT1G69010,AT5G58440
10705,AT1G69010,AT1G14910
10405,AT1G69010,AT1G12460
11465,AT1G69010,AT1G01720
4405,AT1G69010,AT1G15800
4425,AT1G69010,AT2G34650
11445,AT1G69010,AT4G24510
14905,AT1G69010,AT5G06980
11405,AT1G69010,AT3G53620
4845,AT1G69010,AT2G25460
14965,AT1G69010,AT4G37760
15085,AT1G69010,AT2G24280
9745,AT1G69010,AT2G23290
15125,AT1G69010,AT1G45130
10025,AT1G69010,AT5G62220
4745,AT1G69010,AT3G53380
15145,AT1G69010,AT1G07320
4665,AT1G69010,AT3G28180
4645,AT1G69010,AT2G45050
11325,AT1G69010,AT5G52060
11265,AT1G69010,AT3G04910
11245,AT1G69010,AT1G69530
15265,AT1G69010,AT3G12780
4505,AT1G69010,AT1G02660
9765,AT1G69010,AT3G20810
5385,AT1G69010,AT1G01260
5805,AT1G69010,AT5G51670
14425,AT1G69010,AT3G48690
13225,AT1G69010,AT4G38740
12425,AT1G69010,AT5G54380
7205,AT1G69010,AT3G02140
13325,AT1G69010,AT5G62390
13385,AT1G69010,AT2G23000
12325,AT1G69010,AT1G32900
7125,AT1G69010,AT2G46710
12285,AT1G69010,AT5G50150
7085,AT1G69010,AT5G49100
7045,AT1G69010,AT1G69040
8445,AT1G69010,AT2G40540
12265,AT1G69010,AT4G14680
6985,AT1G69010,AT1G53163
6945,AT1G69010,AT1G67880
12225,AT1G69010,AT1G19835
6905,AT1G69010,AT5G62670
6865,AT1G69010,AT2G39010
6845,AT1G69010,AT3G58850
8505,AT1G69010,AT4G35470
8205,AT1G69010,AT4G32272
13145,AT1G69010,AT3G17120
13085,AT1G69010,AT1G73670
13065,AT1G69010,AT4G34710
7805,AT1G69010,AT4G30180
7725,AT1G69010,AT4G34000
7885,AT1G69010,AT1G68020
12745,AT1G69010,AT2G42620
7645,AT1G69010,AT2G17230
7945,AT1G69010,AT5G23850
7585,AT1G69010,AT3G14870
12825,AT1G69010,AT2G18090
7565,AT1G69010,AT3G54000
6825,AT1G69010,AT3G01490
7525,AT1G69010,AT2G46780
7505,AT1G69010,AT1G22360
7465,AT1G69010,AT1G76620
12905,AT1G69010,AT5G44030
8085,AT1G69010,AT5G15830
8145,AT1G69010,AT3G14000
12985,AT1G69010,AT4G12420
13045,AT1G69010,AT4G27520
8165,AT1G69010,AT3G18710
7305,AT1G69010,AT1G68620
12845,AT1G69010,AT1G68490
5405,AT1G69010,AT3G19380
6745,AT1G69010,AT3G15210
8545,AT1G69010,AT4G36360
14025,AT1G69010,AT3G27170
14045,AT1G69010,AT4G35090
11945,AT1G69010,AT3G02570
5925,AT1G69010,AT1G72140
11905,AT1G69010,AT2G47180
8945,AT1G69010,AT3G08030
5885,AT1G69010,AT3G07000
11885,AT1G69010,AT1G69800
14125,AT1G69010,AT1G10360
11725,AT1G69010,AT3G06750
5765,AT1G69010,AT2G28350
5705,AT1G69010,AT1G75450
11685,AT1G69010,AT1G75820
14345,AT1G69010,AT1G03600
5585,AT1G69010,AT2G34070
14385,AT1G69010,AT2G05920
14405,AT1G69010,AT3G24503
5505,AT1G69010,AT5G59480
9305,AT1G69010,AT4G18700
6045,AT1G69010,AT4G39400
8805,AT1G69010,AT1G52750
6105,AT1G69010,AT4G14550
11965,AT1G69010,AT1G60590
13605,AT1G69010,AT3G18080
12205,AT1G69010,AT4G26690
6625,AT1G69010,AT1G21060
13685,AT1G69010,AT3G23050
6525,AT1G69010,AT1G68360
8585,AT1G69010,AT1G13250
12145,AT1G69010,AT4G36780
6465,AT1G69010,AT3G11700
13825,AT1G69010,AT3G28200
6705,AT1G69010,AT2G01570
6405,AT1G69010,AT1G07090
8665,AT1G69010,AT5G47640
13945,AT1G69010,AT1G49730
12105,AT1G69010,AT5G12250
13965,AT1G69010,AT2G26690
12045,AT1G69010,AT5G16000
6225,AT1G69010,AT2G41300
11985,AT1G69010,AT3G18040
6205,AT1G69010,AT4G16500
14005,AT1G69010,AT2G45400
6385,AT1G69010,AT1G32190
10645,AT1G69010,AT5G54510
25,AT1G69010,AT4G16780
1165,AT1G69010,AT3G29370
305,AT1G69010,AT3G15540
1105,AT1G69010,AT5G15160
3725,AT1G69010,AT1G52190
1785,AT1G69010,AT3G63430
565,AT1G69010,AT3G14440
2785,AT1G69010,AT1G62950
1125,AT1G69010,AT2G31010
2825,AT1G69010,AT4G25390
1865,AT1G69010,AT1G67265
3325,AT1G69010,AT5G15580
2485,AT1G69010,AT1G44350
2845,AT1G69010,AT4G03190
1145,AT1G69010,AT1G52830
1945,AT1G69010,AT1G69690
1025,AT1G69010,AT4G27260
265,AT1G69010,AT4G14560
905,AT1G69010,AT5G16023
3125,AT1G69010,AT4G37260
345,AT1G69010,AT3G23030
3225,AT1G69010,AT2G47440
2765,AT1G69010,AT5G02760
425,AT1G69010,AT4G34760
3565,AT1G69010,AT5G57660
2625,AT1G69010,AT3G55240
1705,AT1G69010,AT1G69570
1645,AT1G69010,AT1G35140
1725,AT1G69010,AT3G57800
3505,AT1G69010,AT3G02170
1585,AT1G69010,AT2G30040
3445,AT1G69010,AT5G08130
825,AT1G69010,AT5G39860
2605,AT1G69010,AT3G61460
1745,AT1G69010,AT2G42870
785,AT1G69010,AT3G60390
1445,AT1G69010,AT4G30410
2565,AT1G69010,AT3G54510
1425,AT1G69010,AT1G54120
1045,AT1G69010,AT3G25717
1765,AT1G69010,AT5G60840
405,AT1G69010,AT3G50800
3145,AT1G69010,AT1G68570
3045,AT1G69010,AT2G43060
85,AT1G69010,AT2G44910
985,AT1G69010,AT5G54470
3185,AT1G69010,AT1G65920
3165,AT1G69010,AT1G78100
2285,AT1G69010,AT5G15150
965,AT1G69010,AT2G18790
1245,AT1G69010,AT3G12920
2105,AT1G69010,AT3G13980
3805,AT1G69010,AT1G75500
2145,AT1G69010,AT1G67050
105,AT1G69010,AT5G66580
2905,AT1G69010,AT5G17490
2065,AT1G69010,AT4G36010
3025,AT1G69010,AT5G54590
2325,AT1G69010,AT5G67200
605,AT1G69010,AT5G66590
2405,AT1G69010,AT5G02260
2225,AT1G69010,AT1G03610
2965,AT1G69010,AT3G58120
1225,AT1G69010,AT1G14920
1345,AT1G69010,AT5G07010
1965,AT1G69010,AT1G54200
685,AT1G69010,AT3G29575
11166,AT1G69570,AT2G38090
14446,AT1G69570,AT2G26730
12386,AT1G69570,AT3G44820
11186,AT1G69570,AT2G24630
11146,AT1G69570,AT5G28290
6986,AT1G69570,AT1G53163
686,AT1G69570,AT3G29575
11206,AT1G69570,AT1G68330
3346,AT1G69570,AT4G36540
10906,AT1G69570,AT5G64220
3266,AT1G69570,AT1G15670
13526,AT1G69570,AT5G60670
3506,AT1G69570,AT3G02170
6726,AT1G69570,AT3G28860
10846,AT1G69570,AT4G36180
13886,AT1G69570,AT4G14320
14666,AT1G69570,AT1G65010
11126,AT1G69570,AT3G24550
4686,AT1G69570,AT1G70940
14006,AT1G69570,AT2G45400
3026,AT1G69570,AT5G54590
1346,AT1G69570,AT5G07010
5006,AT1G69570,AT4G16770
6926,AT1G69570,AT1G51940
11606,AT1G69570,AT2G35880
12226,AT1G69570,AT1G19835
11526,AT1G69570,AT1G18870
3326,AT1G69570,AT5G15580
6906,AT1G69570,AT5G62670
13506,AT1G69570,AT5G47800
14046,AT1G69570,AT4G35090
4906,AT1G69570,AT4G29140
566,AT1G69570,AT3G14440
14026,AT1G69570,AT3G27170
3286,AT1G69570,AT1G21830
14366,AT1G69570,AT1G04430
11346,AT1G69570,AT5G66320
1246,AT1G69570,AT3G12920
11326,AT1G69570,AT5G52060
5106,AT1G69570,AT5G67460
5306,AT1G69570,AT1G51170
13846,AT1G69570,AT3G61820
11286,AT1G69570,AT3G52890
14386,AT1G69570,AT2G05920
12286,AT1G69570,AT5G50150
666,AT1G69570,AT2G26710
786,AT1G69570,AT3G60390
5386,AT1G69570,AT1G01260
7706,AT1G69570,AT3G25700
10706,AT1G69570,AT1G14910
15426,AT1G69570,AT1G01620
15386,AT1G69570,AT1G67230
8386,AT1G69570,AT4G31360
6026,AT1G69570,AT3G62630
5606,AT1G69570,AT3G13520
12726,AT1G69570,AT2G14880
8486,AT1G69570,AT1G26770
6046,AT1G69570,AT4G39400
2486,AT1G69570,AT1G44350
6306,AT1G69570,AT2G14890
8166,AT1G69570,AT3G18710
13286,AT1G69570,AT2G41740
12566,AT1G69570,AT1G52410
8146,AT1G69570,AT3G14000
8186,AT1G69570,AT5G57110
3726,AT1G69570,AT1G52190
5926,AT1G69570,AT1G72140
13146,AT1G69570,AT3G17120
5766,AT1G69570,AT2G28350
8966,AT1G69570,AT3G18050
5726,AT1G69570,AT5G40630
3886,AT1G69570,AT3G62690
15706,AT1G69570,AT1G15690
9186,AT1G69570,AT1G33240
2346,AT1G69570,AT3G16800
966,AT1G69570,AT2G18790
3946,AT1G69570,AT5G03150
9286,AT1G69570,AT4G02540
3186,AT1G69570,AT1G65920
9446,AT1G69570,AT5G52310
906,AT1G69570,AT5G16023
9466,AT1G69570,AT3G62090
2086,AT1G69570,AT2G20750
8086,AT1G69570,AT5G15830
6646,AT1G69570,AT5G49330
15086,AT1G69570,AT2G24280
10366,AT1G69570,AT1G69295
7666,AT1G69570,AT3G06890
406,AT1G69570,AT3G50800
2606,AT1G69570,AT3G61460
6286,AT1G69570,AT2G32990
2586,AT1G69570,AT5G59010
10386,AT1G69570,AT4G31000
3066,AT1G69570,AT2G21210
10206,AT1G69570,AT2G27500
3126,AT1G69570,AT4G37260
5406,AT1G69570,AT3G19380
7886,AT1G69570,AT1G68020
1706,AT1G69570,AT1G69570
4426,AT1G69570,AT2G34650
7906,AT1G69570,AT3G55740
2626,AT1G69570,AT3G55240
3226,AT1G69570,AT2G47440
10686,AT1G69570,AT1G03590
2526,AT1G69570,AT2G18300
10126,AT1G69570,AT3G27960
13386,AT1G69570,AT2G23000
14766,AT1G69570,AT5G65470
12046,AT1G69570,AT5G16000
4506,AT1G69570,AT1G02660
12547,AT1G75240,AT1G19450
3027,AT1G75240,AT5G54590
5867,AT1G75240,AT3G57550
6627,AT1G75240,AT1G21060
12967,AT1G75240,AT2G20370
12987,AT1G75240,AT4G12420
12447,AT1G75240,AT5G37770
3167,AT1G75240,AT1G78100
6287,AT1G75240,AT2G32990
6387,AT1G75240,AT1G32190
12207,AT1G75240,AT4G26690
3127,AT1G75240,AT4G37260
3047,AT1G75240,AT2G43060
1047,AT1G75240,AT3G25717
12227,AT1G75240,AT1G19835
12507,AT1G75240,AT2G28950
1027,AT1G75240,AT4G27260
6467,AT1G75240,AT3G11700
12847,AT1G75240,AT1G68490
8887,AT1G75240,AT5G66460
12387,AT1G75240,AT3G44820
12407,AT1G75240,AT3G04730
987,AT1G75240,AT5G54470
12427,AT1G75240,AT5G54380
5907,AT1G75240,AT1G22330
6587,AT1G75240,AT3G23730
12187,AT1G75240,AT2G47060
6047,AT1G75240,AT4G39400
2727,AT1G75240,AT3G60630
6707,AT1G75240,AT2G01570
9727,AT1G75240,AT3G28850
8287,AT1G75240,AT1G32690
9747,AT1G75240,AT2G23290
8207,AT1G75240,AT4G32272
1867,AT1G75240,AT1G67265
8167,AT1G75240,AT3G18710
2487,AT1G75240,AT1G44350
9907,AT1G75240,AT1G28130
9927,AT1G75240,AT1G67340
10027,AT1G75240,AT5G62220
8047,AT1G75240,AT3G62110
10047,AT1G75240,AT5G44680
8027,AT1G75240,AT1G62700
1767,AT1G75240,AT5G60840
10127,AT1G75240,AT3G27960
10167,AT1G75240,AT2G43710
7907,AT1G75240,AT3G55740
1947,AT1G75240,AT1G69690
10187,AT1G75240,AT4G16140
2427,AT1G75240,AT1G49780
8487,AT1G75240,AT1G26770
8867,AT1G75240,AT2G46630
2147,AT1G75240,AT1G67050
9127,AT1G75240,AT4G26540
8787,AT1G75240,AT3G24530
9227,AT1G75240,AT1G56423
8687,AT1G75240,AT3G20470
9267,AT1G75240,AT3G22620
2087,AT1G75240,AT2G20750
9287,AT1G75240,AT4G02540
8627,AT1G75240,AT1G60010
9307,AT1G75240,AT4G18700
8587,AT1G75240,AT1G13250
2287,AT1G75240,AT5G15150
9447,AT1G75240,AT5G52310
8547,AT1G75240,AT4G36360
8507,AT1G75240,AT4G35470
9547,AT1G75240,AT3G17100
9607,AT1G75240,AT5G41460
12067,AT1G75240,AT3G16240
10227,AT1G75240,AT5G44250
10367,AT1G75240,AT1G69295
1387,AT1G75240,AT5G54585
11487,AT1G75240,AT4G23820
7047,AT1G75240,AT1G69040
1367,AT1G75240,AT5G28300
2847,AT1G75240,AT4G03190
6987,AT1G75240,AT1G53163
6927,AT1G75240,AT1G51940
6907,AT1G75240,AT5G62670
6887,AT1G75240,AT4G17280
6867,AT1G75240,AT2G39010
6847,AT1G75240,AT3G58850
11927,AT1G75240,AT1G78110
11967,AT1G75240,AT1G60590
11987,AT1G75240,AT3G18040
12007,AT1G75240,AT1G22530
6727,AT1G75240,AT3G28860
1227,AT1G75240,AT1G14920
11407,AT1G75240,AT3G53620
7787,AT1G75240,AT3G62660
11387,AT1G75240,AT4G13340
7247,AT1G75240,AT1G75240
10467,AT1G75240,AT2G36400
1707,AT1G75240,AT1G69570
10707,AT1G75240,AT1G14910
7567,AT1G75240,AT3G54000
10747,AT1G75240,AT5G62680
7527,AT1G75240,AT2G46780
1687,AT1G75240,AT2G47160
10867,AT1G75240,AT5G05690
7467,AT1G75240,AT1G76620
2707,AT1G75240,AT1G04240
11027,AT1G75240,AT1G65840
7347,AT1G75240,AT1G28440
7327,AT1G75240,AT4G18670
11167,AT1G75240,AT2G38090
11227,AT1G75240,AT2G45960
11247,AT1G75240,AT1G69530
13007,AT1G75240,AT3G23810
11327,AT1G75240,AT5G52060
5747,AT1G75240,AT5G22940
3867,AT1G75240,AT5G50335
13387,AT1G75240,AT2G23000
15227,AT1G75240,AT5G64740
4667,AT1G75240,AT3G28180
427,AT1G75240,AT4G34760
14587,AT1G75240,AT4G22540
5407,AT1G75240,AT3G19380
5107,AT1G75240,AT5G67460
14007,AT1G75240,AT2G45400
447,AT1G75240,AT5G47370
3507,AT1G75240,AT3G02170
3227,AT1G75240,AT2G47440
15087,AT1G75240,AT2G24280
15427,AT1G75240,AT1G01620
847,AT1G75240,AT3G28857
14047,AT1G75240,AT4G35090
15467,AT1G75240,AT5G67420
15487,AT1G75240,AT5G17920
14447,AT1G75240,AT2G26730
4027,AT1G75240,AT3G50660
5487,AT1G75240,AT1G76500
4227,AT1G75240,AT1G73480
14767,AT1G75240,AT5G65470
3727,AT1G75240,AT1G52190
3327,AT1G75240,AT5G15580
15127,AT1G75240,AT1G45130
14927,AT1G75240,AT3G19450
13807,AT1G75240,AT5G49910
13907,AT1G75240,AT5G11420
13667,AT1G75240,AT5G54280
347,AT1G75240,AT3G23030
3667,AT1G75240,AT5G25110
3287,AT1G75240,AT1G21830
687,AT1G75240,AT3G29575
14267,AT1G75240,AT5G48150
13647,AT1G75240,AT5G50000
13947,AT1G75240,AT1G49730
5147,AT1G75240,AT1G03870
787,AT1G75240,AT3G60390
4287,AT1G75240,AT1G36940
15187,AT1G75240,AT3G23750
3567,AT1G75240,AT5G57660
4247,AT1G75240,AT2G28080
527,AT1G75240,AT3G50340
13027,AT1G75240,AT5G13460
5207,AT1G75240,AT2G44500
15587,AT1G75240,AT3G16910
3447,AT1G75240,AT5G08130
5707,AT1G75240,AT1G75450
14367,AT1G75240,AT1G04430
15667,AT1G75240,AT1G29470
3187,AT1G75240,AT1G65920
4847,AT1G75240,AT2G25460
567,AT1G75240,AT3G14440
87,AT1G75240,AT2G44910
15707,AT1G75240,AT1G15690
3847,AT1G75240,AT1G02640
4907,AT1G75240,AT4G29140
3947,AT1G75240,AT5G03150
5647,AT1G75240,AT3G45780
907,AT1G75240,AT5G16023
13207,AT1G75240,AT2G27030
15527,AT1G75240,AT3G56800
4947,AT1G75240,AT2G22430
927,AT1G75240,AT4G27280
5627,AT1G75240,AT1G66250
14207,AT1G75240,AT3G23640
13067,AT1G75240,AT4G34710
15767,AT1G75240,AT2G24270
3987,AT1G75240,AT5G43190
10528,AT1G77200,AT4G14455
10208,AT1G77200,AT2G27500
3568,AT1G77200,AT5G57660
14968,AT1G77200,AT4G37760
4528,AT1G77200,AT3G17580
14348,AT1G77200,AT1G03600
10628,AT1G77200,AT5G58440
2768,AT1G77200,AT5G02760
4448,AT1G77200,AT1G67590
10428,AT1G77200,AT1G68550
11388,AT1G77200,AT4G13340
4488,AT1G77200,AT5G24580
2608,AT1G77200,AT3G61460
7148,AT1G77200,AT5G22290
568,AT1G77200,AT3G14440
7748,AT1G77200,AT2G21140
11408,AT1G77200,AT3G53620
7128,AT1G77200,AT2G46710
10268,AT1G77200,AT4G34131
11448,AT1G77200,AT4G24510
4508,AT1G77200,AT1G02660
7788,AT1G77200,AT3G62660
7708,AT1G77200,AT3G25700
4788,AT1G77200,AT1G72180
10708,AT1G77200,AT1G14910
4548,AT1G77200,AT4G24570
528,AT1G77200,AT3G50340
7328,AT1G77200,AT4G18670
14428,AT1G77200,AT3G48690
11148,AT1G77200,AT5G28290
1448,AT1G77200,AT4G30410
14448,AT1G77200,AT2G26730
14388,AT1G77200,AT2G05920
7348,AT1G77200,AT1G28440
1528,AT1G77200,AT1G64660
488,AT1G77200,AT1G68560
11048,AT1G77200,AT4G16250
11268,AT1G77200,AT3G04910
4808,AT1G77200,AT3G50750
7388,AT1G77200,AT4G12730
2708,AT1G77200,AT1G04240
1628,AT1G77200,AT4G36110
11008,AT1G77200,AT5G15350
14768,AT1G77200,AT5G65470
7308,AT1G77200,AT1G68620
7588,AT1G77200,AT3G14870
4648,AT1G77200,AT2G45050
11328,AT1G77200,AT5G52060
4848,AT1G77200,AT2G25460
7668,AT1G77200,AT3G06890
7248,AT1G77200,AT1G75240
10868,AT1G77200,AT5G05690
7268,AT1G77200,AT4G22780
428,AT1G77200,AT4G34760
14368,AT1G77200,AT1G04430
7468,AT1G77200,AT1G76620
4688,AT1G77200,AT1G70940
3488,AT1G77200,AT3G54810
13028,AT1G77200,AT5G13460
10068,AT1G77200,AT3G12580
10188,AT1G77200,AT4G16140
9288,AT1G77200,AT4G02540
2068,AT1G77200,AT4G36010
8588,AT1G77200,AT1G13250
9308,AT1G77200,AT4G18700
108,AT1G77200,AT5G66580
9348,AT1G77200,AT2G38530
9388,AT1G77200,AT5G02560
9428,AT1G77200,AT2G23100
15528,AT1G77200,AT3G56800
15508,AT1G77200,AT4G34620
8548,AT1G77200,AT4G36360
9448,AT1G77200,AT5G52310
2028,AT1G77200,AT5G06930
9508,AT1G77200,AT2G46270
9528,AT1G77200,AT1G58370
128,AT1G77200,AT3G03830
9548,AT1G77200,AT3G17100
1968,AT1G77200,AT1G54200
15488,AT1G77200,AT5G17920
9588,AT1G77200,AT3G59350
2088,AT1G77200,AT2G20750
15628,AT1G77200,AT5G66040
28,AT1G77200,AT4G16780
9008,AT1G77200,AT1G20330
15708,AT1G77200,AT1G15690
3888,AT1G77200,AT3G62690
8808,AT1G77200,AT1G52750
2168,AT1G77200,AT1G21050
9108,AT1G77200,AT3G25290
9128,AT1G77200,AT4G26540
8668,AT1G77200,AT5G47640
8788,AT1G77200,AT3G24530
2188,AT1G77200,AT2G01150
9148,AT1G77200,AT2G33570
9168,AT1G77200,AT4G27310
9188,AT1G77200,AT1G33240
8768,AT1G77200,AT4G32350
9228,AT1G77200,AT1G56423
3908,AT1G77200,AT5G60850
8688,AT1G77200,AT3G20470
15668,AT1G77200,AT1G29470
7848,AT1G77200,AT5G15220
8448,AT1G77200,AT2G40540
228,AT1G77200,AT1G02340
15168,AT1G77200,AT2G20570
328,AT1G77200,AT3G03850
10028,AT1G77200,AT5G62220
4348,AT1G77200,AT5G39865
4368,AT1G77200,AT3G63160
10048,AT1G77200,AT5G44680
10088,AT1G77200,AT3G60380
1768,AT1G77200,AT5G60840
2508,AT1G77200,AT1G73540
4388,AT1G77200,AT4G11190
7948,AT1G77200,AT5G23850
4408,AT1G77200,AT1G15800
10148,AT1G77200,AT3G08670
15128,AT1G77200,AT1G45130
10168,AT1G77200,AT2G43710
2568,AT1G77200,AT3G54510
1748,AT1G77200,AT2G42870
7888,AT1G77200,AT1G68020
10128,AT1G77200,AT3G27960
15388,AT1G77200,AT1G67230
9928,AT1G77200,AT1G67340
2488,AT1G77200,AT1G44350
9608,AT1G77200,AT5G41460
9628,AT1G77200,AT3G50900
8408,AT1G77200,AT1G70090
1948,AT1G77200,AT1G69690
15248,AT1G77200,AT2G01420
9708,AT1G77200,AT4G18760
2448,AT1G77200,AT5G62280
8308,AT1G77200,AT3G07350
9908,AT1G77200,AT1G28130
15228,AT1G77200,AT5G64740
9748,AT1G77200,AT2G23290
8208,AT1G77200,AT4G32272
4228,AT1G77200,AT1G73480
9788,AT1G77200,AT5G48900
8188,AT1G77200,AT5G57110
15188,AT1G77200,AT3G23750
9828,AT1G77200,AT1G20450
4248,AT1G77200,AT2G28080
8248,AT1G77200,AT3G06590
2828,AT1G77200,AT4G25390
8948,AT1G77200,AT3G08030
11488,AT1G77200,AT4G23820
13548,AT1G77200,AT1G75540
6388,AT1G77200,AT1G32190
12388,AT1G77200,AT3G44820
3048,AT1G77200,AT2G43060
6468,AT1G77200,AT3G11700
13608,AT1G77200,AT3G18080
5268,AT1G77200,AT2G23130
12228,AT1G77200,AT1G19835
13648,AT1G77200,AT5G50000
6528,AT1G77200,AT1G68360
13768,AT1G77200,AT5G16010
12208,AT1G77200,AT4G26690
13808,AT1G77200,AT5G49910
1168,AT1G77200,AT3G29370
13828,AT1G77200,AT3G28200
12168,AT1G77200,AT2G41870
1208,AT1G77200,AT2G42380
12108,AT1G77200,AT5G12250
12068,AT1G77200,AT3G16240
5148,AT1G77200,AT1G03870
1228,AT1G77200,AT1G14920
13948,AT1G77200,AT1G49730
5128,AT1G77200,AT2G41150
13988,AT1G77200,AT1G32200
6748,AT1G77200,AT3G15210
11948,AT1G77200,AT3G02570
5108,AT1G77200,AT5G67460
11908,AT1G77200,AT2G47180
6808,AT1G77200,AT1G24170
1068,AT1G77200,AT4G25420
3268,AT1G77200,AT1G15670
6368,AT1G77200,AT5G25460
12428,AT1G77200,AT5G54380
13008,AT1G77200,AT3G23810
5768,AT1G77200,AT2G28350
12988,AT1G77200,AT4G12420
13068,AT1G77200,AT4G34710
3168,AT1G77200,AT1G78100
5808,AT1G77200,AT5G51670
968,AT1G77200,AT2G18790
5848,AT1G77200,AT3G44610
12968,AT1G77200,AT2G20370
12948,AT1G77200,AT5G53970
5888,AT1G77200,AT3G07000
3148,AT1G77200,AT1G68570
13148,AT1G77200,AT3G17120
12828,AT1G77200,AT2G18090
6828,AT1G77200,AT3G01490
888,AT1G77200,AT1G15580
13248,AT1G77200,AT2G45470
6048,AT1G77200,AT4G39400
12648,AT1G77200,AT1G61580
12628,AT1G77200,AT2G02510
12588,AT1G77200,AT1G76160
13308,AT1G77200,AT3G21190
5528,AT1G77200,AT3G19680
3088,AT1G77200,AT5G02190
6228,AT1G77200,AT2G41300
1048,AT1G77200,AT3G25717
13488,AT1G77200,AT1G75460
6288,AT1G77200,AT2G32990
6308,AT1G77200,AT2G14890
6328,AT1G77200,AT3G08640
1028,AT1G77200,AT4G27260
3368,AT1G77200,AT3G60410
3308,AT1G77200,AT1G27210
11728,AT1G77200,AT3G06750
1348,AT1G77200,AT5G07010
3388,AT1G77200,AT4G22190
14168,AT1G77200,AT1G34110
11848,AT1G77200,AT1G01540
11808,AT1G77200,AT3G11500
588,AT1G77200,AT3G03820
14108,AT1G77200,AT5G15090
5008,AT1G77200,AT4G16770
6868,AT1G77200,AT2G39010
6928,AT1G77200,AT1G51940
3408,AT1G77200,AT2G28050
6968,AT1G77200,AT4G34980
2888,AT1G77200,AT1G64640
6848,AT1G77200,AT3G58850
2908,AT1G77200,AT5G17490
1368,AT1G77200,AT5G28300
1288,AT1G77200,AT1G67900
8209,AT1G78700,AT4G32272
6909,AT1G78700,AT5G62670
349,AT1G78700,AT3G23030
7209,AT1G78700,AT3G02140
3029,AT1G78700,AT5G54590
4429,AT1G78700,AT2G34650
4029,AT1G78700,AT3G50660
8549,AT1G78700,AT4G36360
1029,AT1G78700,AT4G27260
4229,AT1G78700,AT1G73480
14969,AT1G78700,AT4G37760
6629,AT1G78700,AT1G21060
15209,AT1G78700,AT5G08680
12149,AT1G78700,AT4G36780
3729,AT1G78700,AT1G52190
9489,AT1G78700,AT2G44920
6289,AT1G78700,AT2G32990
269,AT1G78700,AT4G14560
1309,AT1G78700,AT1G69160
3229,AT1G78700,AT2G47440
8149,AT1G78700,AT3G14000
3049,AT1G78700,AT2G43060
11729,AT1G78700,AT3G06750
1049,AT1G78700,AT3G25717
6469,AT1G78700,AT3G11700
8289,AT1G78700,AT1G32690
2409,AT1G78700,AT5G02260
2729,AT1G78700,AT3G60630
5309,AT1G78700,AT1G51170
1949,AT1G78700,AT1G69690
1449,AT1G78700,AT4G30410
7809,AT1G78700,AT4G30180
8169,AT1G78700,AT3G18710
6209,AT1G78700,AT4G16500
10129,AT1G78700,AT3G27960
4849,AT1G78700,AT2G25460
9509,AT1G78700,AT2G46270
6049,AT1G78700,AT4G39400
409,AT1G78700,AT3G50800
5709,AT1G78700,AT1G75450
11409,AT1G78700,AT3G53620
6869,AT1G78700,AT2G39010
5589,AT1G78700,AT2G34070
1229,AT1G78700,AT1G14920
969,AT1G78700,AT2G18790
2629,AT1G78700,AT3G55240
14749,AT1G78700,AT4G31390
7589,AT1G78700,AT3G14870
13069,AT1G78700,AT4G34710
10709,AT1G78700,AT1G14910
11969,AT1G78700,AT1G60590
4649,AT1G78700,AT2G45050
29,AT1G78700,AT4G16780
2789,AT1G78700,AT1G62950
5109,AT1G78700,AT5G67460
3169,AT1G78700,AT1G78100
2709,AT1G78700,AT1G04240
12989,AT1G78700,AT4G12420
909,AT1G78700,AT5G16023
10909,AT1G78700,AT5G64220
7469,AT1G78700,AT1G76620
1249,AT1G78700,AT3G12920
11529,AT1G78700,AT1G18870
10649,AT1G78700,AT5G54510
11269,AT1G78700,AT3G04910
11329,AT1G78700,AT5G52060
2609,AT1G78700,AT3G61460
6709,AT1G78700,AT2G01570
3809,AT1G78700,AT1G75500
9309,AT1G78700,AT4G18700
3949,AT1G78700,AT5G03150
12849,AT1G78700,AT1G68490
89,AT1G78700,AT2G44910
2229,AT1G78700,AT1G03610
3189,AT1G78700,AT1G65920
1709,AT1G78700,AT1G69570
11989,AT1G78700,AT3G18040
3449,AT1G78700,AT5G08130
689,AT1G78700,AT3G29575
4509,AT1G78700,AT1G02660
11510,AT2G01930,AT2G27050
15230,AT2G01930,AT5G64740
1930,AT2G01930,AT4G32290
3790,AT2G01930,AT2G41170
13510,AT2G01930,AT5G47800
12430,AT2G01930,AT5G54380
8950,AT2G01930,AT3G08030
3990,AT2G01930,AT5G43190
13250,AT2G01930,AT2G45470
11270,AT2G01930,AT3G04910
8230,AT2G01930,AT3G54920
3230,AT2G01930,AT2G47440
4150,AT2G01930,AT2G41070
6290,AT2G01930,AT2G32990
6050,AT2G01930,AT4G39400
14170,AT2G01930,AT1G34110
1010,AT2G01930,AT1G06850
3470,AT2G01930,AT2G42800
4030,AT2G01930,AT3G50660
4950,AT2G01930,AT2G22430
9290,AT2G01930,AT4G02540
11570,AT2G01930,AT3G63530
12510,AT2G01930,AT2G28950
12890,AT2G01930,AT1G08010
13110,AT2G01930,AT4G40060
9510,AT2G01930,AT2G46270
9710,AT2G01930,AT4G18760
1950,AT2G01930,AT1G69690
4790,AT2G01930,AT1G72180
14790,AT2G01930,AT5G19190
15770,AT2G01930,AT2G24270
13870,AT2G01930,AT1G57680
5210,AT2G01930,AT2G44500
7350,AT2G01930,AT1G28440
390,AT2G01930,AT1G26945
6570,AT2G01930,AT3G06868
6870,AT2G01930,AT2G39010
6530,AT2G01930,AT1G68360
11750,AT2G01930,AT5G42100
6730,AT2G01930,AT3G28860
1810,AT2G01930,AT3G30180
2630,AT2G01930,AT3G55240
4270,AT2G01930,AT2G05790
10830,AT2G01930,AT3G08600
410,AT2G01930,AT3G50800
3490,AT2G01930,AT3G54810
2490,AT2G01930,AT1G44350
10950,AT2G01930,AT1G07420
14010,AT2G01930,AT2G45400
7290,AT2G01930,AT2G15440
2950,AT2G01930,AT5G41400
6390,AT2G01930,AT1G32190
13550,AT2G01930,AT1G75540
9850,AT2G01930,AT5G47820
14511,AT2G01940,AT2G19750
12011,AT2G01940,AT1G22530
13151,AT2G01940,AT3G17120
2151,AT2G01940,AT1G67050
1251,AT2G01940,AT3G12920
12831,AT2G01940,AT2G18090
411,AT2G01940,AT3G50800
9291,AT2G01940,AT4G02540
451,AT2G01940,AT5G47370
1731,AT2G01940,AT3G57800
10371,AT2G01940,AT1G69295
11331,AT2G01940,AT5G52060
12731,AT2G01940,AT2G14880
10431,AT2G01940,AT1G68550
1371,AT2G01940,AT5G28300
12851,AT2G01940,AT1G68490
11531,AT2G01940,AT1G18870
1671,AT2G01940,AT4G00820
10751,AT2G01940,AT5G62680
11971,AT2G01940,AT1G60590
1391,AT2G01940,AT5G54585
14751,AT2G01940,AT4G31390
14771,AT2G01940,AT5G65470
14171,AT2G01940,AT1G34110
12951,AT2G01940,AT5G53970
1351,AT2G01940,AT5G07010
10671,AT2G01940,AT5G57350
14011,AT2G01940,AT2G45400
11091,AT2G01940,AT1G65590
12991,AT2G01940,AT4G12420
14831,AT2G01940,AT1G69620
13111,AT2G01940,AT4G40060
13971,AT2G01940,AT2G26690
13951,AT2G01940,AT1G49730
11511,AT2G01940,AT2G27050
9211,AT2G01940,AT5G39850
9791,AT2G01940,AT5G48900
391,AT2G01940,AT1G26945
491,AT2G01940,AT1G68560
15391,AT2G01940,AT1G67230
12291,AT2G01940,AT5G50150
15171,AT2G01940,AT2G20570
12471,AT2G01940,AT1G70370
9611,AT2G01940,AT5G41460
9951,AT2G01940,AT3G62720
9931,AT2G01940,AT1G67340
11691,AT2G01940,AT1G75820
1071,AT2G01940,AT4G25420
10031,AT2G01940,AT5G62220
271,AT2G01940,AT4G14560
12371,AT2G01940,AT3G15353
13551,AT2G01940,AT1G75540
9711,AT2G01940,AT4G18760
11251,AT2G01940,AT1G69530
1291,AT2G01940,AT1G67900
11271,AT2G01940,AT3G04910
9871,AT2G01940,AT1G44970
1871,AT2G01940,AT1G67265
13531,AT2G01940,AT5G60670
9911,AT2G01940,AT1G28130
14391,AT2G01940,AT2G05920
1111,AT2G01940,AT5G15160
9591,AT2G01940,AT3G59350
9311,AT2G01940,AT4G18700
1191,AT2G01940,AT3G42800
1051,AT2G01940,AT3G25717
12171,AT2G01940,AT2G41870
1031,AT2G01940,AT4G27260
12711,AT2G01940,AT3G60260
14091,AT2G01940,AT1G53240
12691,AT2G01940,AT3G54470
12191,AT2G01940,AT2G47060
9471,AT2G01940,AT3G62090
12671,AT2G01940,AT5G22090
10171,AT2G01940,AT2G43710
12211,AT2G01940,AT4G26690
11791,AT2G01940,AT2G38080
851,AT2G01940,AT3G28857
15131,AT2G01940,AT1G45130
13311,AT2G01940,AT3G21190
131,AT2G01940,AT3G03830
14211,AT2G01940,AT3G23640
1771,AT2G01940,AT5G60840
12231,AT2G01940,AT1G19835
12091,AT2G01940,AT2G21050
1631,AT2G01940,AT4G36110
15771,AT2G01940,AT2G24270
4151,AT2G01940,AT2G41070
3751,AT2G01940,AT4G08950
8091,AT2G01940,AT5G15830
8551,AT2G01940,AT4G36360
5631,AT2G01940,AT1G66250
6931,AT2G01940,AT1G51940
6051,AT2G01940,AT4G39400
8011,AT2G01940,AT1G12990
4671,AT2G01940,AT3G28180
4271,AT2G01940,AT2G05790
2791,AT2G01940,AT1G62950
8591,AT2G01940,AT1G13250
2711,AT2G01940,AT1G04240
5111,AT2G01940,AT5G67460
6791,AT2G01940,AT5G09970
4331,AT2G01940,AT1G66930
7911,AT2G01940,AT3G55740
3351,AT2G01940,AT4G36540
4031,AT2G01940,AT3G50660
7951,AT2G01940,AT5G23850
5651,AT2G01940,AT3G45780
4991,AT2G01940,AT1G66940
2491,AT2G01940,AT1G44350
8291,AT2G01940,AT1G32690
5811,AT2G01940,AT5G51670
3171,AT2G01940,AT1G78100
4871,AT2G01940,AT4G03210
5771,AT2G01940,AT2G28350
4431,AT2G01940,AT2G34650
8411,AT2G01940,AT1G70090
2831,AT2G01940,AT4G25390
2431,AT2G01940,AT1G49780
5871,AT2G01940,AT3G57550
8451,AT2G01940,AT2G40540
8211,AT2G01940,AT4G32272
7031,AT2G01940,AT5G52890
2391,AT2G01940,AT3G56790
8191,AT2G01940,AT5G57110
8491,AT2G01940,AT1G26770
4931,AT2G01940,AT3G44310
3151,AT2G01940,AT1G68570
7291,AT2G01940,AT2G15440
3531,AT2G01940,AT4G28640
3931,AT2G01940,AT1G09470
7131,AT2G01940,AT2G46710
6371,AT2G01940,AT5G25460
4571,AT2G01940,AT3G63450
8931,AT2G01940,AT3G09770
7811,AT2G01940,AT4G30180
2611,AT2G01940,AT3G61460
6611,AT2G01940,AT5G22870
8851,AT2G01940,AT4G16480
5211,AT2G01940,AT2G44500
2631,AT2G01940,AT3G55240
7711,AT2G01940,AT3G25700
2971,AT2G01940,AT3G58120
3331,AT2G01940,AT5G15580
15652,AT2G18380,AT3G06650
1832,AT2G18380,AT1G13245
11312,AT2G18380,AT5G56980
13052,AT2G18380,AT4G27520
11292,AT2G18380,AT3G52890
5692,AT2G18380,AT3G15770
5312,AT2G18380,AT1G51170
7292,AT2G18380,AT2G15440
15172,AT2G18380,AT2G20570
5652,AT2G18380,AT3G45780
13572,AT2G18380,AT3G49720
15532,AT2G18380,AT3G56800
2772,AT2G18380,AT5G02760
15592,AT2G18380,AT3G16910
3832,AT2G18380,AT4G34135
13692,AT2G18380,AT3G23050
3992,AT2G18380,AT5G43190
11392,AT2G18380,AT4G13340
7692,AT2G18380,AT3G08630
1872,AT2G18380,AT1G67265
7652,AT2G18380,AT2G17230
13652,AT2G18380,AT5G50000
10572,AT2G18380,AT1G71360
5232,AT2G18380,AT5G66600
15132,AT2G18380,AT1G45130
10512,AT2G18380,AT4G14940
3172,AT2G18380,AT1G78100
9752,AT2G18380,AT2G23290
132,AT2G18380,AT3G03830
14292,AT2G18380,AT1G55670
7192,AT2G18380,AT3G18490
3812,AT2G18380,AT1G75500
15492,AT2G18380,AT5G17920
10532,AT2G18380,AT4G14455
752,AT2G18380,AT1G02350
2632,AT2G18380,AT3G55240
5012,AT2G18380,AT4G16770
5512,AT2G18380,AT5G59480
5072,AT2G18380,AT4G03010
10872,AT2G18380,AT5G05690
11052,AT2G18380,AT4G16250
11032,AT2G18380,AT1G65840
13532,AT2G18380,AT5G60670
832,AT2G18380,AT5G39860
10152,AT2G18380,AT3G08670
4352,AT2G18380,AT5G39865
11012,AT2G18380,AT5G15350
7832,AT2G18380,AT2G40620
10992,AT2G18380,AT3G61750
5132,AT2G18380,AT2G41150
5192,AT2G18380,AT2G14900
13932,AT2G18380,AT1G01630
10192,AT2G18380,AT4G16140
10912,AT2G18380,AT5G64220
2712,AT2G18380,AT1G04240
592,AT2G18380,AT3G03820
10272,AT2G18380,AT4G34131
10312,AT2G18380,AT4G25280
9952,AT2G18380,AT3G62720
13172,AT2G18380,AT5G22860
8092,AT2G18380,AT5G15830
13552,AT2G18380,AT1G75540
13192,AT2G18380,AT3G05490
15572,AT2G18380,AT5G13450
4032,AT2G18380,AT3G50660
1772,AT2G18380,AT5G60840
10772,AT2G18380,AT4G04840
13212,AT2G18380,AT2G27030
3212,AT2G18380,AT5G43700
852,AT2G18380,AT3G28857
15612,AT2G18380,AT3G27830
5552,AT2G18380,AT3G12600
632,AT2G18380,AT3G03840
10332,AT2G18380,AT1G74450
13332,AT2G18380,AT5G62390
13372,AT2G18380,AT2G40940
2952,AT2G18380,AT5G41400
8292,AT2G18380,AT1G32690
5832,AT2G18380,AT3G20450
12452,AT2G18380,AT5G37770
8772,AT2G18380,AT4G32350
6712,AT2G18380,AT2G01570
9232,AT2G18380,AT1G56423
3072,AT2G18380,AT2G21210
2232,AT2G18380,AT1G03610
2272,AT2G18380,AT5G04190
6732,AT2G18380,AT3G28860
14732,AT2G18380,AT5G08690
6212,AT2G18380,AT4G16500
9292,AT2G18380,AT4G02540
1232,AT2G18380,AT1G14920
14672,AT2G18380,AT1G65010
11952,AT2G18380,AT3G02570
6792,AT2G18380,AT5G09970
2912,AT2G18380,AT5G17490
14592,AT2G18380,AT4G22540
12732,AT2G18380,AT2G14880
432,AT2G18380,AT4G34760
15732,AT2G18380,AT2G26080
9192,AT2G18380,AT1G33240
6332,AT2G18380,AT3G08640
252,AT2G18380,AT5G18080
232,AT2G18380,AT1G02340
14932,AT2G18380,AT3G19450
8972,AT2G18380,AT3G18050
1072,AT2G18380,AT4G25420
3872,AT2G18380,AT5G50335
6412,AT2G18380,AT1G07090
9012,AT2G18380,AT1G20330
3052,AT2G18380,AT2G43060
14912,AT2G18380,AT5G06980
12752,AT2G18380,AT2G42620
6592,AT2G18380,AT3G23730
12172,AT2G18380,AT2G41870
1052,AT2G18380,AT3G25717
9132,AT2G18380,AT4G26540
12152,AT2G18380,AT4G36780
6632,AT2G18380,AT1G21060
15352,AT2G18380,AT5G56030
12112,AT2G18380,AT5G12250
1212,AT2G18380,AT2G42380
9172,AT2G18380,AT4G27310
12412,AT2G18380,AT3G04730
14512,AT2G18380,AT2G19750
8592,AT2G18380,AT1G13250
5992,AT2G18380,AT3G05640
32,AT2G18380,AT4G16780
15712,AT2G18380,AT1G15690
12852,AT2G18380,AT1G68490
9592,AT2G18380,AT3G59350
6952,AT2G18380,AT1G67880
12832,AT2G18380,AT2G18090
12932,AT2G18380,AT5G11740
9572,AT2G18380,AT2G21660
11672,AT2G18380,AT4G19200
4772,AT2G18380,AT1G32920
5932,AT2G18380,AT1G72140
14452,AT2G18380,AT2G26730
9552,AT2G18380,AT3G17100
11552,AT2G18380,AT3G61640
152,AT2G18380,AT5G18030
1952,AT2G18380,AT1G69690
11692,AT2G18380,AT1G75820
392,AT2G18380,AT1G26945
1372,AT2G18380,AT5G28300
472,AT2G18380,AT5G52900
1272,AT2G18380,AT5G02580
11472,AT2G18380,AT1G01720
2032,AT2G18380,AT5G06930
532,AT2G18380,AT3G50340
7072,AT2G18380,AT5G45350
1012,AT2G18380,AT1G06850
992,AT2G18380,AT5G54470
2052,AT2G18380,AT4G32285
972,AT2G18380,AT2G18790
5273,AT2G40620,AT2G23130
2973,AT2G40620,AT3G58120
12233,AT2G40620,AT1G19835
6473,AT2G40620,AT3G11700
10833,AT2G40620,AT3G08600
3633,AT2G40620,AT1G80280
3273,AT2G40620,AT1G15670
11453,AT2G40620,AT4G24510
12433,AT2G40620,AT5G54380
2773,AT2G40620,AT5G02760
10773,AT2G40620,AT4G04840
7053,AT2G40620,AT1G69040
11313,AT2G40620,AT5G56980
7213,AT2G40620,AT3G02140
6613,AT2G40620,AT5G22870
12873,AT2G40620,AT1G66150
1353,AT2G40620,AT5G07010
12153,AT2G40620,AT4G36780
1133,AT2G40620,AT2G31010
12413,AT2G40620,AT3G04730
7613,AT2G40620,AT1G22882
1653,AT2G40620,AT1G35140
3173,AT2G40620,AT1G78100
10653,AT2G40620,AT5G54510
11953,AT2G40620,AT3G02570
3133,AT2G40620,AT4G37260
1033,AT2G40620,AT4G27260
11113,AT2G40620,AT2G34770
1253,AT2G40620,AT3G12920
1233,AT2G40620,AT1G14920
11853,AT2G40620,AT1G01540
11133,AT2G40620,AT3G24550
2873,AT2G40620,AT3G45970
11753,AT2G40620,AT5G42100
7333,AT2G40620,AT4G18670
2713,AT2G40620,AT1G04240
6933,AT2G40620,AT1G51940
5533,AT2G40620,AT3G19680
7393,AT2G40620,AT4G12730
7433,AT2G40620,AT4G38420
1293,AT2G40620,AT1G67900
3793,AT2G40620,AT2G41170
12053,AT2G40620,AT5G16000
10893,AT2G40620,AT5G04330
15473,AT2G40620,AT5G67420
6993,AT2G40620,AT1G53163
7513,AT2G40620,AT1G22360
3233,AT2G40620,AT2G47440
5933,AT2G40620,AT1G72140
3193,AT2G40620,AT1G65920
12013,AT2G40620,AT1G22530
7473,AT2G40620,AT1G76620
11673,AT2G40620,AT4G19200
6213,AT2G40620,AT4G16500
10953,AT2G40620,AT1G07420
6773,AT2G40620,AT5G23750
7253,AT2G40620,AT1G75240
7653,AT2G40620,AT2G17230
7593,AT2G40620,AT3G14870
9693,AT2G40620,AT2G42840
13873,AT2G40620,AT1G57680
9313,AT2G40620,AT4G18700
13913,AT2G40620,AT5G11420
5153,AT2G40620,AT1G03870
8153,AT2G40620,AT3G14000
1753,AT2G40620,AT2G42870
9433,AT2G40620,AT2G23100
15713,AT2G40620,AT1G15690
8513,AT2G40620,AT4G35470
9493,AT2G40620,AT2G44920
10133,AT2G40620,AT3G27960
14013,AT2G40620,AT2G45400
7993,AT2G40620,AT5G13400
9513,AT2G40620,AT2G46270
3513,AT2G40620,AT3G02170
2373,AT2G40620,AT4G24275
8453,AT2G40620,AT2G40540
8013,AT2G40620,AT1G12990
3493,AT2G40620,AT3G54810
8413,AT2G40620,AT1G70090
14033,AT2G40620,AT3G27170
2433,AT2G40620,AT1G49780
533,AT2G40620,AT3G50340
773,AT2G40620,AT1G18400
15113,AT2G40620,AT1G72150
4873,AT2G40620,AT4G03210
3853,AT2G40620,AT1G02640
14093,AT2G40620,AT1G53240
9753,AT2G40620,AT2G23290
3453,AT2G40620,AT5G08130
4433,AT2G40620,AT2G34650
4653,AT2G40620,AT2G45050
4673,AT2G40620,AT3G28180
14813,AT2G40620,AT2G28190
9293,AT2G40620,AT4G02540
14673,AT2G40620,AT1G65010
8813,AT2G40620,AT1G52750
8593,AT2G40620,AT1G13250
2273,AT2G40620,AT5G04190
2093,AT2G40620,AT2G20750
3573,AT2G40620,AT5G57660
14773,AT2G40620,AT5G65470
5213,AT2G40620,AT2G44500
10393,AT2G40620,AT4G31000
1713,AT2G40620,AT1G69570
4814,AT2G43000,AT3G50750
2174,AT2G43000,AT1G21050
12954,AT2G43000,AT5G53970
3054,AT2G43000,AT2G43060
9114,AT2G43000,AT3G25290
12174,AT2G43000,AT2G41870
414,AT2G43000,AT3G50800
11494,AT2G43000,AT4G23820
5854,AT2G43000,AT3G44610
2274,AT2G43000,AT5G04190
12974,AT2G43000,AT2G20370
4534,AT2G43000,AT3G17580
7134,AT2G43000,AT2G46710
1414,AT2G43000,AT4G25260
11394,AT2G43000,AT4G13340
1174,AT2G43000,AT3G29370
3574,AT2G43000,AT5G57660
8954,AT2G43000,AT3G08030
13014,AT2G43000,AT3G23810
2154,AT2G43000,AT1G67050
7214,AT2G43000,AT3G02140
6474,AT2G43000,AT3G11700
7274,AT2G43000,AT4G22780
5734,AT2G43000,AT5G40630
1934,AT2G43000,AT4G32290
4054,AT2G43000,AT2G40610
12434,AT2G43000,AT5G54380
8494,AT2G43000,AT1G26770
1234,AT2G43000,AT1G14920
12594,AT2G43000,AT1G76160
9314,AT2G43000,AT4G18700
11914,AT2G43000,AT2G47180
14594,AT2G43000,AT4G22540
8574,AT2G43000,AT1G08570
12534,AT2G43000,AT1G01520
11854,AT2G43000,AT1G01540
6914,AT2G43000,AT5G62670
14754,AT2G43000,AT4G31390
1254,AT2G43000,AT3G12920
9394,AT2G43000,AT5G02560
12734,AT2G43000,AT2G14880
2094,AT2G43000,AT2G20750
6034,AT2G43000,AT3G62630
4694,AT2G43000,AT1G70940
11734,AT2G43000,AT3G06750
8774,AT2G43000,AT4G32350
14514,AT2G43000,AT2G19750
2334,AT2G43000,AT5G67200
11694,AT2G43000,AT1G75820
14774,AT2G43000,AT5G65470
9494,AT2G43000,AT2G44920
4554,AT2G43000,AT4G24570
9174,AT2G43000,AT4G27310
3854,AT2G43000,AT1G02640
6994,AT2G43000,AT1G53163
14434,AT2G43000,AT3G48690
12454,AT2G43000,AT5G37770
14194,AT2G43000,AT3G27850
6494,AT2G43000,AT3G16570
8154,AT2G43000,AT3G14000
5674,AT2G43000,AT1G78450
10214,AT2G43000,AT2G27500
4414,AT2G43000,AT1G15800
13494,AT2G43000,AT1G75460
11114,AT2G43000,AT2G34770
2634,AT2G43000,AT3G55240
2514,AT2G43000,AT1G73540
7514,AT2G43000,AT1G22360
2574,AT2G43000,AT3G54510
15614,AT2G43000,AT3G27830
774,AT2G43000,AT1G18400
7354,AT2G43000,AT1G28440
10134,AT2G43000,AT3G27960
5054,AT2G43000,AT2G46980
7334,AT2G43000,AT4G18670
13534,AT2G43000,AT5G60670
114,AT2G43000,AT5G66580
14094,AT2G43000,AT1G53240
2614,AT2G43000,AT3G61460
10154,AT2G43000,AT3G08670
3974,AT2G43000,AT4G28240
10754,AT2G43000,AT5G62680
5314,AT2G43000,AT1G51170
5114,AT2G43000,AT5G67460
10634,AT2G43000,AT5G58440
11094,AT2G43000,AT1G65590
13854,AT2G43000,AT3G61820
734,AT2G43000,AT4G34770
2055,AT2G46270,AT4G32285
15715,AT2G46270,AT1G15690
8515,AT2G46270,AT4G35470
3755,AT2G46270,AT4G08950
3235,AT2G46270,AT2G47440
10135,AT2G46270,AT3G27960
5175,AT2G46270,AT1G07150
11735,AT2G46270,AT3G06750
10915,AT2G46270,AT5G64220
1715,AT2G46270,AT1G69570
12815,AT2G46270,AT5G16390
3335,AT2G46270,AT5G15580
10175,AT2G46270,AT2G43710
2875,AT2G46270,AT3G45970
3055,AT2G46270,AT2G43060
1255,AT2G46270,AT3G12920
2675,AT2G46270,AT3G55840
15595,AT2G46270,AT3G16910
5115,AT2G46270,AT5G67460
6915,AT2G46270,AT5G62670
6055,AT2G46270,AT4G39400
3135,AT2G46270,AT4G37260
13695,AT2G46270,AT3G23050
6475,AT2G46270,AT3G11700
5215,AT2G46270,AT2G44500
3815,AT2G46270,AT1G75500
12155,AT2G46270,AT4G36780
7735,AT2G46270,AT4G34000
4555,AT2G46270,AT4G24570
14875,AT2G46270,AT1G08830
6715,AT2G46270,AT2G01570
4515,AT2G46270,AT1G02660
2115,AT2G46270,AT3G13980
6215,AT2G46270,AT4G16500
10295,AT2G46270,AT1G22710
12175,AT2G46270,AT2G41870
775,AT2G46270,AT1G18400
11895,AT2G46270,AT1G69800
15255,AT2G46270,AT2G01420
13615,AT2G46270,AT3G18080
1695,AT2G46270,AT2G47160
8595,AT2G46270,AT1G13250
7535,AT2G46270,AT2G46780
11955,AT2G46270,AT3G02570
2635,AT2G46270,AT3G55240
7515,AT2G46270,AT1G22360
695,AT2G46270,AT3G29575
1235,AT2G46270,AT1G14920
1035,AT2G46270,AT4G27260
95,AT2G46270,AT2G44910
1655,AT2G46270,AT1G35140
2955,AT2G46270,AT5G41400
9315,AT2G46270,AT4G18700
11975,AT2G46270,AT1G60590
13435,AT2G46270,AT1G18620
4435,AT2G46270,AT2G34650
835,AT2G46270,AT5G39860
11335,AT2G46270,AT5G52060
4235,AT2G46270,AT1G73480
14295,AT2G46270,AT1G55670
9955,AT2G46270,AT3G62720
2715,AT2G46270,AT1G04240
13195,AT2G46270,AT3G05490
4875,AT2G46270,AT4G03210
3455,AT2G46270,AT5G08130
6495,AT2G46270,AT3G16570
12995,AT2G46270,AT4G12420
14935,AT2G46270,AT3G19450
615,AT2G46270,AT5G66590
1395,AT2G46270,AT5G54585
7155,AT2G46270,AT5G22290
7315,AT2G46270,AT1G68620
10655,AT2G46270,AT5G54510
14255,AT2G46270,AT2G37660
9935,AT2G46270,AT1G67340
7275,AT2G46270,AT4G22780
11275,AT2G46270,AT3G04910
13095,AT2G46270,AT1G73670
5715,AT2G46270,AT1G75450
15455,AT2G46270,AT1G67090
3575,AT2G46270,AT5G57660
9895,AT2G46270,AT5G65730
575,AT2G46270,AT3G14440
12235,AT2G46270,AT1G19835
8175,AT2G46270,AT3G18710
4955,AT2G46270,AT2G22430
3915,AT2G46270,AT5G60850
8195,AT2G46270,AT5G57110
1415,AT2G46270,AT4G25260
7215,AT2G46270,AT3G02140
14355,AT2G46270,AT1G03600
5935,AT2G46270,AT1G72140
14055,AT2G46270,AT4G35090
4055,AT2G46270,AT2G40610
14915,AT2G46270,AT5G06980
5915,AT2G46270,AT1G22330
1595,AT2G46270,AT2G30040
12855,AT2G46270,AT1G68490
9075,AT2G46270,AT2G22170
6995,AT2G46270,AT1G53163
9515,AT2G46270,AT2G46270
11095,AT2G46270,AT1G65590
4755,AT2G46270,AT3G53380
3895,AT2G46270,AT3G62690
1975,AT2G46270,AT1G54200
995,AT2G46270,AT5G54470
12835,AT2G46270,AT2G18090
7595,AT2G46270,AT3G14870
9495,AT2G46270,AT2G44920
4855,AT2G46270,AT2G25460
11535,AT2G46270,AT1G18870
2195,AT2G46270,AT2G01150
4495,AT2G46270,AT5G24580
4815,AT2G46270,AT3G50750
10035,AT2G46270,AT5G62220
12335,AT2G46270,AT1G32900
11475,AT2G46270,AT1G01720
14415,AT2G46270,AT3G24503
7095,AT2G46270,AT5G49100
14035,AT2G46270,AT3G27170
4075,AT2G46270,AT3G57830
8035,AT2G46270,AT1G62700
6415,AT2G46270,AT1G07090
12215,AT2G46270,AT4G26690
13335,AT2G46270,AT5G62390
12955,AT2G46270,AT5G53970
6396,AT3G15210,AT1G32190
3056,AT3G15210,AT2G43060
12356,AT3G15210,AT2G46330
14856,AT3G15210,AT3G53420
4456,AT3G15210,AT1G67590
13656,AT3G15210,AT5G50000
13696,AT3G15210,AT3G23050
3576,AT3G15210,AT5G57660
416,AT3G15210,AT3G50800
4776,AT3G15210,AT1G32920
3376,AT3G15210,AT3G60410
5536,AT3G15210,AT3G19680
5576,AT3G15210,AT1G02330
5856,AT3G15210,AT3G44610
616,AT3G15210,AT5G66590
656,AT3G15210,AT3G59900
5596,AT3G15210,AT2G34070
14356,AT3G15210,AT1G03600
5776,AT3G15210,AT2G28350
15196,AT3G15210,AT3G23750
14256,AT3G15210,AT2G37660
4256,AT3G15210,AT2G28080
576,AT3G15210,AT3G14440
536,AT3G15210,AT3G50340
6336,AT3G15210,AT3G08640
14436,AT3G15210,AT3G48690
396,AT3G15210,AT1G26945
12436,AT3G15210,AT5G54380
13556,AT3G15210,AT1G75540
4556,AT3G15210,AT4G24570
13836,AT3G15210,AT3G28200
6216,AT3G15210,AT4G16500
14756,AT3G15210,AT4G31390
13376,AT3G15210,AT2G40940
13856,AT3G15210,AT3G61820
15256,AT3G15210,AT2G01420
12596,AT3G15210,AT1G76160
4416,AT3G15210,AT1G15800
12716,AT3G15210,AT3G60260
13996,AT3G15210,AT1G32200
14496,AT3G15210,AT3G11670
14976,AT3G15210,AT4G37760
756,AT3G15210,AT1G02350
2156,AT3G15210,AT1G67050
1376,AT3G15210,AT5G28300
6716,AT3G15210,AT2G01570
4056,AT3G15210,AT2G40610
3916,AT3G15210,AT5G60850
11016,AT3G15210,AT5G15350
7156,AT3G15210,AT5G22290
9436,AT3G15210,AT2G23100
116,AT3G15210,AT5G66580
15376,AT3G15210,AT4G24280
2956,AT3G15210,AT5G41400
10656,AT3G15210,AT5G54510
3896,AT3G15210,AT3G62690
7656,AT3G15210,AT2G17230
6756,AT3G15210,AT3G15210
7296,AT3G15210,AT2G15440
11256,AT3G15210,AT1G69530
10636,AT3G15210,AT5G58440
8476,AT3G15210,AT3G61800
2456,AT3G15210,AT5G62280
9756,AT3G15210,AT2G23290
8296,AT3G15210,AT1G32690
7716,AT3G15210,AT3G25700
10456,AT3G15210,AT5G01710
6876,AT3G15210,AT2G39010
1776,AT3G15210,AT5G60840
2436,AT3G15210,AT1G49780
6816,AT3G15210,AT1G24170
1236,AT3G15210,AT1G14920
9776,AT3G15210,AT3G20810
11696,AT3G15210,AT1G75820
7696,AT3G15210,AT3G08630
1436,AT3G15210,AT1G54120
8396,AT3G15210,AT4G31360
10716,AT3G15210,AT1G14910
11396,AT3G15210,AT4G13340
2576,AT3G15210,AT3G54510
11056,AT3G15210,AT4G16250
6496,AT3G15210,AT3G16570
3856,AT3G15210,AT1G02640
9016,AT3G15210,AT1G20330
8816,AT3G15210,AT1G52750
2836,AT3G15210,AT4G25390
6536,AT3G15210,AT1G68360
9116,AT3G15210,AT3G25290
2516,AT3G15210,AT1G73540
10876,AT3G15210,AT5G05690
9156,AT3G15210,AT2G33570
2096,AT3G15210,AT2G20750
15736,AT3G15210,AT2G26080
8936,AT3G15210,AT3G09770
11736,AT3G15210,AT3G06750
10036,AT3G15210,AT5G62220
11136,AT3G15210,AT3G24550
12176,AT3G15210,AT2G41870
11556,AT3G15210,AT3G61640
2976,AT3G15210,AT3G58120
6616,AT3G15210,AT5G22870
11156,AT3G15210,AT5G28290
9176,AT3G15210,AT4G27310
10196,AT3G15210,AT4G16140
10257,AT3G24120,AT1G60710
15597,AT3G24120,AT3G16910
7757,AT3G24120,AT2G21140
10157,AT3G24120,AT3G08670
13977,AT3G24120,AT2G26690
10217,AT3G24120,AT2G27500
5157,AT3G24120,AT1G03870
3337,AT3G24120,AT5G15580
5197,AT3G24120,AT2G14900
15577,AT3G24120,AT5G13450
7917,AT3G24120,AT3G55740
10177,AT3G24120,AT2G43710
13957,AT3G24120,AT1G49730
2577,AT3G24120,AT3G54510
7797,AT3G24120,AT3G62660
10297,AT3G24120,AT1G22710
6477,AT3G24120,AT3G11700
10397,AT3G24120,AT4G31000
5317,AT3G24120,AT1G51170
15497,AT3G24120,AT5G17920
13557,AT3G24120,AT1G75540
10777,AT3G24120,AT4G04840
12277,AT3G24120,AT4G14680
797,AT3G24120,AT3G60390
10717,AT3G24120,AT1G14910
1697,AT3G24120,AT2G47160
7537,AT3G24120,AT2G46780
2637,AT3G24120,AT3G55240
13497,AT3G24120,AT1G75460
7477,AT3G24120,AT1G76620
5417,AT3G24120,AT3G19380
13457,AT3G24120,AT4G37590
13537,AT3G24120,AT5G60670
7737,AT3G24120,AT4G34000
10697,AT3G24120,AT1G03590
4017,AT3G24120,AT1G03170
697,AT3G24120,AT3G29575
13817,AT3G24120,AT5G49910
5217,AT3G24120,AT2G44500
1717,AT3G24120,AT1G69570
13737,AT3G24120,AT5G12140
13697,AT3G24120,AT3G23050
15137,AT3G24120,AT1G45130
10537,AT3G24120,AT4G14455
5237,AT3G24120,AT5G66600
10657,AT3G24120,AT5G54510
2617,AT3G24120,AT3G61460
10677,AT3G24120,AT5G57350
15517,AT3G24120,AT4G34620
13617,AT3G24120,AT3G18080
357,AT3G24120,AT3G23030
7677,AT3G24120,AT3G06890
4997,AT3G24120,AT1G66940
5077,AT3G24120,AT4G03010
8597,AT3G24120,AT1G13250
9297,AT3G24120,AT4G02540
2277,AT3G24120,AT5G04190
8577,AT3G24120,AT1G08570
9317,AT3G24120,AT4G18700
2057,AT3G24120,AT4G32285
8637,AT3G24120,AT1G60010
9397,AT3G24120,AT5G02560
9437,AT3G24120,AT2G23100
8557,AT3G24120,AT4G36360
9457,AT3G24120,AT5G52310
2357,AT3G24120,AT3G16800
14477,AT3G24120,AT3G55280
3497,AT3G24120,AT3G54810
4677,AT3G24120,AT3G28180
4757,AT3G24120,AT3G53380
3517,AT3G24120,AT3G02170
15717,AT3G24120,AT1G15690
2157,AT3G24120,AT1G67050
8857,AT3G24120,AT4G16480
8977,AT3G24120,AT3G18050
14917,AT3G24120,AT5G06980
4497,AT3G24120,AT5G24580
15737,AT3G24120,AT2G26080
4437,AT3G24120,AT2G34650
14877,AT3G24120,AT1G08830
2097,AT3G24120,AT2G20750
14837,AT3G24120,AT1G69620
8777,AT3G24120,AT4G32350
9217,AT3G24120,AT5G39850
2197,AT3G24120,AT2G01150
2237,AT3G24120,AT1G03610
8797,AT3G24120,AT3G24530
10137,AT3G24120,AT3G27960
9517,AT3G24120,AT2G46270
9557,AT3G24120,AT3G17100
9917,AT3G24120,AT1G28130
1817,AT3G24120,AT3G30180
4977,AT3G24120,AT3G09035
15617,AT3G24120,AT3G27830
15117,AT3G24120,AT1G72150
8057,AT3G24120,AT3G62110
8157,AT3G24120,AT3G14000
14057,AT3G24120,AT4G35090
5037,AT3G24120,AT1G01200
10037,AT3G24120,AT5G62220
3917,AT3G24120,AT5G60850
8017,AT3G24120,AT1G12990
14017,AT3G24120,AT2G45400
7957,AT3G24120,AT5G23850
8037,AT3G24120,AT1G62700
8497,AT3G24120,AT1G26770
8177,AT3G24120,AT3G18710
8197,AT3G24120,AT5G57110
9597,AT3G24120,AT3G59350
14397,AT3G24120,AT2G05920
4797,AT3G24120,AT1G72180
9637,AT3G24120,AT3G50900
1937,AT3G24120,AT4G32290
15097,AT3G24120,AT2G24280
14217,AT3G24120,AT3G23640
14377,AT3G24120,AT1G04430
9737,AT3G24120,AT3G28850
15677,AT3G24120,AT1G29470
537,AT3G24120,AT3G50340
1877,AT3G24120,AT1G67265
9757,AT3G24120,AT2G23290
3857,AT3G24120,AT1G02640
8317,AT3G24120,AT3G07350
11037,AT3G24120,AT1G65840
5337,AT3G24120,AT3G13970
397,AT3G24120,AT1G26945
11977,AT3G24120,AT1G60590
977,AT3G24120,AT2G18790
7037,AT3G24120,AT5G52890
5857,AT3G24120,AT3G44610
7057,AT3G24120,AT1G69040
12957,AT3G24120,AT5G53970
1377,AT3G24120,AT5G28300
2797,AT3G24120,AT1G62950
12017,AT3G24120,AT1G22530
11417,AT3G24120,AT3G53620
7137,AT3G24120,AT2G46710
5877,AT3G24120,AT3G57550
5777,AT3G24120,AT2G28350
12997,AT3G24120,AT4G12420
6717,AT3G24120,AT2G01570
2777,AT3G24120,AT5G02760
6037,AT3G24120,AT3G62630
4077,AT3G24120,AT3G57830
137,AT3G24120,AT3G03830
12057,AT3G24120,AT5G16000
11337,AT3G24120,AT5G52060
5737,AT3G24120,AT5G40630
6697,AT3G24120,AT3G05880
1437,AT3G24120,AT1G54120
6237,AT3G24120,AT2G41300
3177,AT3G24120,AT1G78100
12597,AT3G24120,AT1G76160
6117,AT3G24120,AT4G14550
1257,AT3G24120,AT3G12920
12757,AT3G24120,AT2G42620
217,AT3G24120,AT4G38850
1017,AT3G24120,AT1G06850
11697,AT3G24120,AT1G75820
5977,AT3G24120,AT1G14280
3137,AT3G24120,AT4G37260
997,AT3G24120,AT5G54470
11857,AT3G24120,AT1G01540
1317,AT3G24120,AT1G69160
6957,AT3G24120,AT1G67880
1037,AT3G24120,AT4G27260
14937,AT3G24120,AT3G19450
12837,AT3G24120,AT2G18090
12697,AT3G24120,AT3G54470
4117,AT3G24120,AT4G22200
11657,AT3G24120,AT1G11440
2857,AT3G24120,AT4G03190
11597,AT3G24120,AT3G12110
1617,AT3G24120,AT1G70210
6997,AT3G24120,AT1G53163
15377,AT3G24120,AT4G24280
12637,AT3G24120,AT2G02510
11557,AT3G24120,AT3G61640
6057,AT3G24120,AT4G39400
12077,AT3G24120,AT3G16240
4057,AT3G24120,AT2G40610
13197,AT3G24120,AT3G05490
15297,AT3G24120,AT2G47610
4037,AT3G24120,AT3G50660
2717,AT3G24120,AT1G04240
6597,AT3G24120,AT3G23730
15317,AT3G24120,AT1G08360
1477,AT3G24120,AT1G09250
13337,AT3G24120,AT5G62390
7317,AT3G24120,AT1G68620
6517,AT3G24120,AT5G58530
12337,AT3G24120,AT1G32900
12217,AT3G24120,AT4G26690
15477,AT3G24120,AT5G67420
6577,AT3G24120,AT3G06868
13217,AT3G24120,AT2G27030
13317,AT3G24120,AT3G21190
1057,AT3G24120,AT3G25717
12097,AT3G24120,AT2G21050
4297,AT3G24120,AT1G36940
1577,AT3G24120,AT5G02200
857,AT3G24120,AT3G28857
7297,AT3G24120,AT2G15440
12377,AT3G24120,AT3G15353
6637,AT3G24120,AT1G21060
5717,AT3G24120,AT1G75450
7337,AT3G24120,AT4G18670
13077,AT3G24120,AT4G34710
277,AT3G24120,AT4G14560
3037,AT3G24120,AT5G54590
11277,AT3G24120,AT3G04910
4257,AT3G24120,AT2G28080
11117,AT3G24120,AT2G34770
13397,AT3G24120,AT2G23000
12237,AT3G24120,AT1G19835
13117,AT3G24120,AT4G40060
5517,AT3G24120,AT5G59480
6617,AT3G24120,AT5G22870
11257,AT3G24120,AT1G69530
13157,AT3G24120,AT3G17120
837,AT3G24120,AT5G39860
12177,AT3G24120,AT2G41870
15457,AT3G24120,AT1G67090
12397,AT3G24120,AT3G44820
2418,AT5G47370,AT5G02260
8638,AT5G47370,AT1G60010
12678,AT5G47370,AT5G22090
3038,AT5G47370,AT5G54590
8798,AT5G47370,AT3G24530
12298,AT5G47370,AT5G50150
15238,AT5G47370,AT5G64740
12238,AT5G47370,AT1G19835
11798,AT5G47370,AT2G38080
6798,AT5G47370,AT5G09970
14858,AT5G47370,AT3G53420
9498,AT5G47370,AT2G44920
14418,AT5G47370,AT3G24503
3058,AT5G47370,AT2G43060
12158,AT5G47370,AT4G36780
12058,AT5G47370,AT5G16000
12458,AT5G47370,AT5G37770
9278,AT5G47370,AT3G22620
9318,AT5G47370,AT4G18700
6238,AT5G47370,AT2G41300
9418,AT5G47370,AT4G33960
14558,AT5G47370,AT3G20770
4678,AT5G47370,AT3G28180
8558,AT5G47370,AT4G36360
11938,AT5G47370,AT1G78110
6718,AT5G47370,AT2G01570
12198,AT5G47370,AT2G47060
11998,AT5G47370,AT3G18040
8778,AT5G47370,AT4G32350
6738,AT5G47370,AT3G28860
8518,AT5G47370,AT4G35470
12578,AT5G47370,AT1G52410
11978,AT5G47370,AT1G60590
6118,AT5G47370,AT4G14550
8498,AT5G47370,AT1G26770
6398,AT5G47370,AT1G32190
12378,AT5G47370,AT3G15353
4698,AT5G47370,AT1G70940
14598,AT5G47370,AT4G22540
3678,AT5G47370,AT5G25110
3458,AT5G47370,AT5G08130
13678,AT5G47370,AT5G54280
11258,AT5G47370,AT1G69530
2718,AT5G47370,AT1G04240
11278,AT5G47370,AT3G04910
7718,AT5G47370,AT3G25700
5718,AT5G47370,AT1G75450
3198,AT5G47370,AT1G65920
13818,AT5G47370,AT5G49910
11298,AT5G47370,AT3G52890
4038,AT5G47370,AT3G50660
1738,AT5G47370,AT3G57800
13018,AT5G47370,AT3G23810
98,AT5G47370,AT2G44910
10238,AT5G47370,AT5G44250
698,AT5G47370,AT3G29575
13618,AT5G47370,AT3G18080
13218,AT5G47370,AT2G27030
858,AT5G47370,AT3G28857
5418,AT5G47370,AT3G19380
2638,AT5G47370,AT3G55240
11098,AT5G47370,AT1G65590
10898,AT5G47370,AT5G04330
798,AT5G47370,AT3G60390
10878,AT5G47370,AT5G05690
5338,AT5G47370,AT3G13970
7358,AT5G47370,AT1G28440
13538,AT5G47370,AT5G60670
7338,AT5G47370,AT4G18670
5318,AT5G47370,AT1G51170
1698,AT5G47370,AT2G47160
7538,AT5G47370,AT2G46780
13558,AT5G47370,AT1G75540
15478,AT5G47370,AT5G67420
12998,AT5G47370,AT4G12420
11398,AT5G47370,AT4G13340
5758,AT5G47370,AT5G22940
6998,AT5G47370,AT1G53163
14058,AT5G47370,AT4G35090
12858,AT5G47370,AT1G68490
11558,AT5G47370,AT3G61640
5018,AT5G47370,AT4G16770
1778,AT5G47370,AT5G60840
14138,AT5G47370,AT1G10360
2498,AT5G47370,AT1G44350
11658,AT5G47370,AT1G11440
9918,AT5G47370,AT1G28130
12838,AT5G47370,AT2G18090
1818,AT5G47370,AT3G30180
9858,AT5G47370,AT5G47820
2858,AT5G47370,AT4G03190
4918,AT5G47370,AT4G29140
1878,AT5G47370,AT1G67265
7898,AT5G47370,AT1G68020
12878,AT5G47370,AT1G66150
9938,AT5G47370,AT1G67340
13958,AT5G47370,AT1G49730
7918,AT5G47370,AT3G55740
10038,AT5G47370,AT5G62220
358,AT5G47370,AT3G23030
11498,AT5G47370,AT4G23820
1378,AT5G47370,AT5G28300
10138,AT5G47370,AT3G27960
5838,AT5G47370,AT3G20450
8018,AT5G47370,AT1G12990
3738,AT5G47370,AT1G52190
10178,AT5G47370,AT2G43710
2838,AT5G47370,AT4G25390
15759,AT5G60850,AT1G16880
15099,AT5G60850,AT2G24280
39,AT5G60850,AT4G16780
15019,AT5G60850,AT5G26280
15719,AT5G60850,AT1G15690
14979,AT5G60850,AT4G37760
3899,AT5G60850,AT3G62690
15139,AT5G60850,AT1G45130
3819,AT5G60850,AT1G75500
15279,AT5G60850,AT3G12780
3599,AT5G60850,AT1G75490
4439,AT5G60850,AT2G34650
4199,AT5G60850,AT5G66080
3739,AT5G60850,AT1G52190
15479,AT5G60850,AT5G67420
15439,AT5G60850,AT1G01620
12199,AT5G60850,AT2G47060
3519,AT5G60850,AT3G02170
7899,AT5G60850,AT1G68020
10219,AT5G60850,AT2G27500
10239,AT5G60850,AT5G44250
7819,AT5G60850,AT4G30180
10379,AT5G60850,AT1G69295
10399,AT5G60850,AT4G31000
1719,AT5G60850,AT1G69570
10479,AT5G60850,AT2G36400
7679,AT5G60850,AT3G06890
10659,AT5G60850,AT5G54510
10679,AT5G60850,AT5G57350
7619,AT5G60850,AT1G22882
1699,AT5G60850,AT2G47160
10719,AT5G60850,AT1G14910
10739,AT5G60850,AT3G13470
10879,AT5G60850,AT5G05690
10919,AT5G60850,AT5G64220
11139,AT5G60850,AT3G24550
11159,AT5G60850,AT5G28290
11179,AT5G60850,AT2G38090
11199,AT5G60850,AT2G24630
1459,AT5G60850,AT4G30410
11219,AT5G60850,AT1G68330
7299,AT5G60850,AT2G15440
2719,AT5G60850,AT1G04240
11279,AT5G60850,AT3G04910
11299,AT5G60850,AT3G52890
10179,AT5G60850,AT2G43710
11339,AT5G60850,AT5G52060
7919,AT5G60850,AT3G55740
7959,AT5G60850,AT5G23850
8979,AT5G60850,AT3G18050
8999,AT5G60850,AT1G20850
8819,AT5G60850,AT1G52750
8799,AT5G60850,AT3G24530
8779,AT5G60850,AT4G32350
9199,AT5G60850,AT1G33240
9239,AT5G60850,AT1G56423
8639,AT5G60850,AT1G60010
8559,AT5G60850,AT4G36360
9439,AT5G60850,AT2G23100
1979,AT5G60850,AT1G54200
9499,AT5G60850,AT2G44920
2359,AT5G60850,AT3G16800
8499,AT5G60850,AT1G26770
8459,AT5G60850,AT2G40540
9599,AT5G60850,AT3G59350
8399,AT5G60850,AT4G31360
9739,AT5G60850,AT3G28850
2479,AT5G60850,AT4G17460
8199,AT5G60850,AT5G57110
8179,AT5G60850,AT3G18710
1819,AT5G60850,AT3G30180
2499,AT5G60850,AT1G44350
8099,AT5G60850,AT5G15830
8039,AT5G60850,AT1G62700
10039,AT5G60850,AT5G62220
8019,AT5G60850,AT1G12990
10139,AT5G60850,AT3G27960
11359,AT5G60850,AT5G66320
11399,AT5G60850,AT4G13340
11439,AT5G60850,AT4G19840
3219,AT5G60850,AT5G43700
13399,AT5G60850,AT2G23000
799,AT5G60850,AT3G60390
3239,AT5G60850,AT2G47440
13539,AT5G60850,AT5G60670
13559,AT5G60850,AT1G75540
3279,AT5G60850,AT1G15670
5239,AT5G60850,AT5G66600
699,AT5G60850,AT3G29575
13859,AT5G60850,AT3G61820
13899,AT5G60850,AT4G14320
5119,AT5G60850,AT5G67460
679,AT5G60850,AT2G26710
3359,AT5G60850,AT4G36540
14079,AT5G60850,AT3G05910
5019,AT5G60850,AT4G16770
14179,AT5G60850,AT1G34110
4859,AT5G60850,AT2G25460
14379,AT5G60850,AT1G04430
4799,AT5G60850,AT1G72180
499,AT5G60850,AT1G68560
4719,AT5G60850,AT2G46310
14479,AT5G60850,AT3G55280
4699,AT5G60850,AT1G70940
14559,AT5G60850,AT3G20770
14699,AT5G60850,AT1G78510
419,AT5G60850,AT3G50800
3199,AT5G60850,AT1G65920
13159,AT5G60850,AT3G17120
5659,AT5G60850,AT3G45780
13099,AT5G60850,AT1G73670
11539,AT5G60850,AT1G18870
11619,AT5G60850,AT2G35880
6939,AT5G60850,AT1G51940
1259,AT5G60850,AT3G12920
6919,AT5G60850,AT5G62670
11859,AT5G60850,AT1G01540
11939,AT5G60850,AT1G78110
6739,AT5G60850,AT3G28860
6659,AT5G60850,AT5G49330
12219,AT5G60850,AT4G26690
3039,AT5G60850,AT5G54590
12299,AT5G60850,AT5G50150
1079,AT5G60850,AT4G25420
14759,AT5G60850,AT4G31390
12399,AT5G60850,AT3G44820
6299,AT5G60850,AT2G32990
6119,AT5G60850,AT4G14550
12579,AT5G60850,AT1G52410
12679,AT5G60850,AT5G22090
6059,AT5G60850,AT4G39400
3139,AT5G60850,AT4G37260
5939,AT5G60850,AT1G72140
3159,AT5G60850,AT1G68570
979,AT5G60850,AT2G18790
5779,AT5G60850,AT2G28350
12999,AT5G60850,AT4G12420
13019,AT5G60850,AT3G23810
5739,AT5G60850,AT5G40630
12439,AT5G60850,AT5G54380
9759,AT5G60850,AT2G23290
