,PRJEB10930_3_T-PRJEB10930_3_C.csv,GSE81202_14-GSE81202_12.csv,GSE81202_18-GSE81202_16.csv,GSE63406_6-GSE63406_4.csv,GSE67332_5-GSE67332_4.csv,PRJNA324514_11-PRJNA314076_1.csv,GSE69510_4-GSE69510_3.csv,GSE63406_3-GSE63406_1.csv,PRJNA324514_6-PRJNA314076_1.csv,GSE80565_3-GSE80565_4.csv,GSE59699_11-GSE59699_12.csv,GSE67332_3-GSE67332_2.csv,GSE81202_17-GSE81202_15.csv,PRJNA324514_14-PRJNA324514_13.csv,GSE81202_10-GSE81202_8.csv,GSE59699_3-GSE59699_4.csv,GSE67332_2-GSE67332_1.csv,GSE60865_3-GSE60865_2.csv,PRJEB10930_4_T-PRJEB10930_4_C.csv,GSE80565_5-GSE80565_6.csv,GSE67332_6-GSE67332_5.csv,PRJNA324514_15-PRJNA324514_14.csv,PRJNA324514_4-PRJNA324514_3.csv,GSE59699_15-GSE59699_16.csv,GSE80565_7-GSE80565_8.csv,GSE59699_7-GSE59699_8.csv,GSE69510_2-GSE69510_1.csv,GSE80565_13-GSE80565_14.csv,GSE59699_17-GSE59699_18.csv,GSE80565_11-GSE80565_12.csv,GSE59699_14-GSE59699_13.csv,GSE69077_2-GSE69077_1.csv,GSE72806_4-GSE72806_1.csv,GSE63406_5-GSE63406_3.csv,PRJNA324514_12-PRJNA324514_11.csv,PRJNA324514_10-PRJNA324514_9.csv,GSE72806_3-GSE72806_1.csv,GSE80565_9-GSE80565_10.csv,PRJNA324514_2-PRJNA324514_1.csv,GSE60865_2-GSE60865_1.csv,PRJNA324514_1-PRJNA314076_1.csv,GSE81202_13-GSE81202_11.csv,PRJNA324514_3-PRJNA324514_2.csv,GSE69077_3-GSE69077_2.csv
AT1G01060,0.43,0.0,0.0,0.5,0.305,0.745,0.0,0.0,0.555,0.0,0.41,0.0,0.0,0.0,0.0,0.0,0.475,0.0,0.44,0.0,0.0,0.81,0.135,0.645,0.05,0.445,0.765,0.0,0.55,0.055,0.385,0.545,0.595,0.0,0.085,0.61,0.62,0.0,0.0,0.13,0.69,0.0,0.02,0.31
AT1G01250,0.23,0.0,0.0,0.0,0.0,0.0,0.0,0.0,0.0,0.0,0.0,0.0,0.515,0.0,0.0,0.0,0.0,0.0,0.0,0.0,0.0,0.0,0.0,0.0,0.0,0.0,0.0,0.0,0.0,0.0,0.0,0.0,0.0,0.005,0.0,0.0,0.0,0.0,0.0,0.0,0.0,0.0,0.0,0.0
AT1G01720,0.72,0.0,0.0,0.38,0.495,0.005,0.325,0.0,0.505,0.0,0.0,0.195,0.0,0.0,0.5,0.515,0.09,0.975,0.0,0.0,0.89,0.02,0.625,0.0,0.0,0.0,0.19,0.0,0.0,0.09,0.045,0.105,0.41,0.04,0.605,0.915,0.165,0.0,0.11,0.05,0.0,0.505,0.18,0.0
AT1G02230,0.005,0.0,0.0,0.0,0.0,0.0,0.0,0.0,0.0,0.0,0.735,0.72,0.0,0.0,0.0,0.0,0.12,0.015,0.12,0.0,0.055,0.0,0.0,0.0,0.0,0.0,0.0,0.0,0.0,0.0,0.0,0.26,0.0,0.0,0.0,0.0,0.0,0.0,0.0,0.0,0.005,0.0,0.0,0.29
AT1G02250,0.0,0.0,0.0,0.0,0.065,0.0,0.0,0.0,0.0,0.0,0.0,0.18,0.0,0.0,0.0,0.0,0.0,0.0,0.0,0.0,0.095,0.0,0.0,0.0,0.0,0.0,0.0,0.0,0.0,0.0,0.0,0.6,0.0,0.0,0.0,0.0,0.0,0.0,0.0,0.0,0.0,0.0,0.0,0.095
AT1G03800,0.0,0.0,0.865,0.005,0.005,0.0,0.01,0.0,0.0,0.0,0.855,0.74,0.0,0.0,0.0,0.01,0.29,0.0,0.045,0.0,0.52,0.0,0.0,0.0,0.0,0.005,0.92,0.0,1.0,0.0,0.0,0.0,0.755,0.0,0.0,0.0,0.835,0.0,0.0,0.0,0.09,0.0,0.0,0.0
AT1G03840,0.0,0.0,0.0,0.1,0.0,0.0,0.0,0.0,0.0,0.0,0.0,0.37,0.0,0.0,0.0,0.0,0.0,0.0,0.0,0.0,0.03,0.0,0.0,0.0,0.0,0.0,0.0,0.0,0.01,0.34,0.005,0.01,0.16,0.145,0.0,0.0,0.02,0.0,0.0,0.005,0.0,0.0,0.0,0.18
AT1G06180,0.0,0.0,0.23,0.57,0.255,0.0,0.0,0.035,0.0,0.0,0.985,0.0,0.005,0.0,0.0,0.995,0.005,0.0,0.86,0.0,0.94,0.0,0.0,0.73,0.0,0.935,0.0,0.0,0.0,0.0,0.0,0.81,0.1,0.0,0.0,0.96,0.0,0.0,0.0,0.0,0.0,0.0,0.855,0.205
AT1G06280,0.0,0.0,0.0,0.0,0.0,0.42,0.0,0.0,0.0,0.0,0.0,0.0,0.0,0.0,0.0,0.0,0.0,0.0,0.0,0.0,0.0,0.0,0.0,0.0,0.0,0.0,0.0,0.0,0.0,0.0,0.0,1.0,1.0,0.0,0.0,0.0,1.0,0.0,0.0,0.0,1.0,0.0,0.0,1.0
AT1G06850,0.31,0.225,0.04,0.015,0.0,0.0,0.0,0.0,0.0,0.0,0.0,0.05,0.0,0.0,0.465,0.0,0.0,0.0,0.795,0.0,0.025,0.0,0.0,0.14,0.0,0.0,0.0,0.0,0.0,0.625,0.085,0.0,0.0,0.0,0.0,0.0,0.0,0.0,0.0,0.0,0.0,0.0,0.935,0.0
AT1G08010,0.89,0.0,0.0,0.0,0.135,0.0,0.0,0.0,0.0,0.0,0.0,0.0,0.0,0.0,0.0,0.01,0.96,1.0,0.015,0.0,0.0,0.0,0.0,0.0,0.0,0.0,0.0,0.0,0.0,0.0,0.0,0.02,0.02,0.0,0.0,0.0,0.3,0.0,0.0,0.985,0.0,0.0,0.0,0.64
AT1G08320,0.0,0.105,0.0,0.0,0.48,0.0,0.0,0.0,0.0,0.0,0.39,0.7,0.0,0.0,0.0,0.205,0.205,0.0,0.0,0.0,0.015,0.0,0.0,0.005,0.0,0.565,0.0,0.0,0.0,0.0,0.005,0.0,0.0,0.0,0.0,0.0,0.0,0.0,0.0,0.0,0.095,0.0,0.0,0.0
AT1G09540,0.0,0.005,0.02,0.0,0.065,0.0,0.0,0.0,0.0,0.0,0.27,0.095,0.0,0.0,0.0,0.0,0.19,0.0,0.0,0.0,0.0,0.0,0.0,0.42,0.0,0.425,0.0,0.0,0.0,0.0,0.01,0.0,0.305,0.0,0.0,0.0,0.0,0.0,0.0,0.0,0.0,0.0,0.0,0.0
AT1G12260,0.0,0.0,0.01,0.0,0.0,0.085,0.0,0.0,0.0,0.0,0.0,0.0,0.0,0.0,0.0,0.0,0.095,0.0,0.0,0.0,0.095,0.0,0.0,0.0,0.0,0.0,0.0,0.0,0.0,0.0,0.0,0.0,0.15,0.0,0.0,0.0,0.02,0.0,0.0,0.0,0.135,0.0,0.0,0.015
AT1G12610,0.0,0.27,0.0,0.16,0.0,0.0,0.83,0.0,0.0,0.0,0.0,0.715,0.0,0.0,0.0,0.0,0.005,0.0,0.0,0.0,0.0,0.0,0.0,0.0,0.0,0.0,0.0,0.0,0.0,0.0,0.0,0.47,0.045,0.0,0.0,0.0,0.085,0.0,0.0,0.0,0.085,0.0,0.06,0.18
AT1G12630,0.0,0.0,0.27,0.2,0.5,0.0,0.0,0.135,0.0,0.0,0.25,1.0,0.0,0.0,0.0,0.0,0.415,0.0,0.0,0.0,0.59,0.0,0.0,0.0,0.0,0.0,0.0,0.0,0.0,0.0,0.0,0.085,0.0,0.245,0.0,0.0,0.0,0.0,0.0,0.0,0.0,0.0,0.0,0.015
AT1G13260,0.915,0.0,0.04,0.22,0.065,0.0,0.0,0.285,0.02,0.0,0.13,0.065,0.075,0.0,0.0,0.005,0.0,0.34,0.03,0.0,0.01,0.0,0.0,0.595,0.0,0.0,0.0,0.0,0.13,0.0,0.04,0.39,0.465,0.0,0.0,0.0,0.51,0.0,0.045,0.745,0.0,0.0,0.0,0.265
AT1G13450,0.0,0.0,0.0,0.0,0.0,0.0,0.0,0.0,0.0,0.0,0.0,0.0,0.0,0.0,0.0,0.025,0.0,0.0,0.0,0.0,0.0,0.0,0.0,0.05,0.0,0.0,0.0,0.0,0.02,0.0,0.0,0.0,0.0,0.0,0.0,0.0,0.0,0.0,0.0,0.0,0.0,0.0,0.0,0.0
AT1G14687,0.0,0.095,0.52,0.05,0.615,0.15,0.03,0.0,0.115,0.0,0.0,0.535,0.295,0.35,0.565,0.13,0.4,0.0,0.0,0.0,0.295,0.0,0.0,0.425,0.0,0.0,0.85,0.0,0.0,0.0,0.0,0.525,0.0,0.125,0.98,0.055,0.1,0.0,0.28,0.0,0.075,0.0,0.5,0.52
AT1G18330,0.725,1.0,0.21,0.345,0.565,1.0,1.0,0.905,1.0,0.0,1.0,1.0,1.0,1.0,1.0,0.995,0.965,0.855,0.0,0.0,0.0,1.0,1.0,1.0,0.235,0.145,0.915,0.865,1.0,0.775,0.98,1.0,1.0,0.985,0.93,0.0,1.0,1.0,0.54,0.02,1.0,0.705,0.42,0.99
AT1G19000,0.0,0.46,0.975,0.9,0.58,0.0,0.65,0.305,0.0,0.0,0.325,0.0,0.0,0.0,0.0,0.34,0.37,0.31,0.0,0.0,0.0,0.0,0.045,0.615,0.0,0.145,0.0,0.0,0.755,0.0,0.005,0.005,0.0,0.98,0.0,0.0,0.0,0.0,0.57,0.0,0.0,0.0,0.82,0.195
AT1G19040,0.0,0.0,0.0,0.0,0.0,0.0,0.0,0.0,0.0,0.0,0.0,0.705,0.0,0.0,0.0,0.0,0.725,0.0,0.0,0.0,0.0,0.0,0.0,0.0,0.0,0.0,0.01,0.0,0.0,0.0,0.0,0.0,0.0,0.0,0.0,0.0,0.0,0.0,0.0,0.0,0.0,0.0,0.0,0.0
AT1G19210,0.08,0.0,0.005,0.115,0.105,0.135,0.935,0.0,0.005,0.0,0.0,0.305,0.0,0.0,0.0,0.0,0.0,0.0,0.0,0.0,0.17,0.0,0.0,0.0,0.0,0.0,0.7,0.0,0.015,0.0,0.03,0.625,0.69,0.815,0.02,0.19,0.005,0.0,0.445,0.005,0.145,0.0,0.0,0.025
AT1G19790,0.0,0.0,0.27,0.02,0.75,0.0,0.0,0.0,0.0,0.0,0.02,0.235,0.0,0.0,0.0,0.045,0.06,0.0,0.075,0.0,0.0,0.0,0.0,0.0,0.0,0.0,0.025,0.0,0.0,0.0,0.0,0.435,0.04,0.0,0.0,0.0,0.005,0.0,0.345,0.0,0.0,0.0,0.185,0.235
AT1G19850,0.2,0.0,0.0,0.61,0.0,0.295,0.175,0.0,0.0,0.0,0.005,0.92,0.035,0.0,0.0,0.145,0.055,0.0,0.415,0.0,0.915,0.0,0.0,0.88,0.0,0.0,0.9,0.0,0.005,0.0,0.0,0.02,0.0,0.03,0.0,0.0,0.0,0.0,0.0,0.85,0.05,0.0,0.0,0.515
AT1G20910,0.3,0.0,0.0,0.525,0.93,0.0,0.005,0.78,0.0,0.0,0.545,0.945,0.0,0.0,0.0,0.035,0.95,0.0,0.0,0.0,0.21,0.0,0.0,0.795,0.0,0.16,0.0,0.0,0.285,0.0,0.765,0.94,0.815,0.295,0.0,0.0,0.065,0.0,0.0,0.0,0.0,0.0,0.0,0.965
AT1G20980,0.005,0.0,0.0,0.0,0.0,0.0,0.0,0.0,0.0,0.0,0.0,0.005,0.0,0.0,0.0,0.045,0.0,0.0,0.0,0.0,0.0,0.0,0.0,0.0,0.0,0.0,0.0,0.0,0.0,0.0,0.0,0.0,0.125,0.0,0.0,0.0,0.0,0.0,0.0,0.0,0.0,0.0,0.0,0.0
AT1G22070,0.505,0.0,0.0,0.585,0.0,0.005,0.0,0.0,0.045,0.0,0.0,0.075,0.0,0.0,0.02,0.0,0.11,0.0,0.05,0.0,0.0,0.0,0.0,0.0,0.0,0.0,0.165,0.0,0.07,0.0,0.0,0.09,0.22,0.185,0.005,0.0,0.03,0.0,0.06,0.0,0.0,0.0,0.0,0.045
AT1G22810,0.0,0.0,0.0,0.0,0.0,0.0,0.0,0.0,0.0,0.0,0.0,0.0,0.0,0.0,0.0,0.0,0.0,0.0,0.0,0.0,0.0,0.0,0.0,0.0,0.0,0.0,0.0,0.0,0.0,0.0,0.0,0.0,0.0,0.0,0.0,0.0,0.0,0.0,0.0,0.0,0.0,0.0,0.0,0.0
AT1G24250,0.0,0.0,0.0,0.0,0.0,0.0,0.0,0.0,0.0,0.0,0.0,0.0,0.0,0.0,0.0,0.0,0.0,0.0,0.0,0.0,0.0,0.0,0.0,0.0,0.0,0.0,0.0,0.0,0.0,0.0,0.0,0.0,0.0,0.0,0.0,0.0,0.0,0.0,0.0,0.0,0.0,0.0,0.0,0.0
AT1G25340,0.0,0.0,0.0,0.0,0.0,0.0,0.0,0.0,0.0,0.0,0.0,0.0,0.0,0.0,0.0,0.0,0.0,0.0,0.0,0.0,0.0,0.0,0.0,0.0,0.0,0.0,0.0,0.0,0.0,0.0,0.0,0.0,0.0,0.0,0.0,0.0,0.0,0.0,0.0,0.0,0.0,0.0,0.0,0.0
AT1G25550,0.695,0.0,0.0,0.02,0.0,0.0,0.0,0.155,0.0,0.0,0.04,0.065,0.0,0.0,0.66,0.0,0.0,0.0,0.0,0.0,0.06,0.0,0.0,0.09,0.0,0.005,0.015,0.0,0.05,0.0,0.0,0.225,0.215,0.0,0.0,0.0,0.09,0.0,0.0,0.44,0.0,0.0,0.0,0.08
AT1G27730,0.965,1.0,0.915,1.0,1.0,1.0,0.995,0.97,0.0,0.0,0.99,1.0,0.0,0.0,0.685,0.985,0.0,0.875,0.935,0.0,0.92,0.0,1.0,0.0,0.67,1.0,0.57,0.0,0.945,1.0,0.995,1.0,0.0,1.0,0.04,1.0,0.0,0.45,1.0,1.0,0.99,0.0,1.0,0.99
AT1G28160,0.0,0.0,0.0,0.0,0.0,0.0,0.0,0.0,0.0,0.0,0.0,0.0,0.0,0.0,0.0,0.0,0.0,0.0,0.0,0.0,0.0,0.0,0.0,0.0,0.0,0.0,0.0,0.0,0.0,0.0,0.0,0.0,0.0,0.0,0.0,0.0,0.0,0.0,0.0,0.0,0.0,0.0,0.0,0.0
AT1G28370,0.01,0.485,0.97,0.95,0.0,0.0,0.79,1.0,1.0,0.0,1.0,1.0,0.945,0.0,0.0,0.0,0.8,0.705,0.945,0.0,0.355,0.0,0.0,0.975,0.0,0.06,0.0,0.145,0.765,0.74,0.99,0.98,0.55,1.0,0.145,0.0,1.0,0.0,0.9,0.88,0.695,0.0,0.115,1.0
AT1G28470,0.36,0.0,0.0,0.53,0.0,0.865,0.25,0.09,0.72,0.0,0.0,0.9,0.155,0.0,0.095,0.0,0.02,0.0,0.0,0.0,0.725,0.0,0.0,0.0,0.0,0.0,0.0,0.0,0.0,0.0,0.0,0.905,0.285,0.9,0.0,0.0,0.48,0.0,0.0,0.005,0.92,0.0,0.105,0.07
AT1G29160,0.22,0.0,0.0,0.72,0.425,0.0,0.0,0.305,0.0,0.0,0.01,0.36,0.0,0.05,0.0,0.0,0.335,0.0,0.26,0.0,0.0,0.0,0.69,0.0,0.0,0.0,0.7,0.0,0.0,0.135,0.0,0.37,0.055,0.94,0.0,0.0,0.185,0.0,0.0,0.195,0.01,0.0,0.0,0.125
AT1G29280,0.0,0.36,0.015,0.0,0.84,0.105,0.0,0.01,0.32,0.0,0.0,0.22,0.0,0.0,0.0,0.0,0.03,0.0,0.0,0.0,0.0,0.0,0.005,0.0,0.015,0.0,0.0,0.555,0.0,0.91,0.0,0.25,0.06,0.005,0.0,0.0,0.0,0.02,0.01,0.0,0.88,0.0,0.31,0.04
AT1G29860,0.225,0.0,0.59,0.37,0.0,0.0,0.0,0.0,0.0,0.0,0.0,0.645,0.01,0.0,0.045,0.0,0.0,0.0,0.0,0.0,0.0,0.0,0.0,0.0,0.0,0.0,0.0,0.0,0.085,0.0,0.355,0.23,0.0,0.0,0.0,0.0,0.0,0.0,0.0,0.0,0.0,0.0,0.0,0.37
AT1G30210,0.0,0.0,0.02,0.0,0.0,0.0,0.0,0.0,0.0,0.0,0.0,0.005,0.0,0.0,0.0,0.0,0.0,0.0,0.0,0.0,0.0,0.0,0.0,0.0,0.0,0.0,0.005,0.0,0.0,0.0,0.0,0.28,0.01,0.0,0.0,0.0,0.0,0.0,0.01,0.105,0.0,0.0,0.315,0.0
AT1G30490,0.0,0.035,0.15,0.0,0.205,0.0,0.0,0.035,0.0,0.0,0.0,0.0,0.0,0.0,0.0,0.0,0.17,0.0,0.0,0.0,0.13,0.0,0.0,0.0,0.0,0.0,0.02,0.0,0.0,0.0,0.0,0.015,0.375,0.0,0.0,0.0,0.085,0.0,0.0,0.0,0.0,0.0,0.075,0.0
AT1G30650,0.0,0.035,0.0,0.0,0.0,0.0,0.0,0.0,0.005,0.0,0.04,0.0,0.0,0.0,0.0,0.0,0.0,0.0,0.0,0.0,0.345,0.0,0.0,0.0,0.0,0.305,0.0,0.0,0.0,0.0,0.0,0.0,0.0,0.0,0.0,0.0,0.0,0.0,0.0,0.07,0.08,0.0,0.0,0.0
AT1G31140,0.885,0.0,0.0,0.005,0.19,0.0,0.0,0.0,0.0,0.0,0.0,0.995,0.0,0.0,0.0,0.0,0.0,0.0,0.0,0.0,0.0,0.0,0.0,0.0,0.0,0.0,0.0,0.0,0.015,0.0,0.0,0.22,0.0,0.925,0.0,0.0,0.0,0.0,0.0,0.0,0.0,0.0,0.0,0.245
AT1G32150,0.375,0.0,0.0,0.0,0.0,0.0,0.005,0.805,0.0,0.0,0.12,0.0,0.17,0.0,0.0,0.0,0.0,0.0,0.0,0.0,0.0,0.0,0.0,0.48,0.0,0.075,0.0,0.0,0.0,0.0,0.36,0.09,0.0,0.895,0.0,0.0,0.0,0.0,0.0,0.0,0.0,0.0,0.0,0.13
AT1G32870,0.18,0.0,0.0,0.5,0.575,0.0,0.0,0.0,0.255,0.0,0.045,0.495,0.0,0.0,0.0,0.0,0.015,0.0,0.465,0.0,0.0,0.0,0.0,0.0,0.0,0.015,0.06,0.0,0.0,0.0,0.0,0.995,0.7,0.725,0.005,0.0,0.375,0.0,0.0,0.025,0.0,0.0,0.13,0.875
AT1G33240,0.0,0.79,0.27,0.585,0.435,0.0,0.1,0.425,0.0,0.0,0.0,0.0,0.005,0.0,0.32,0.0,0.23,0.0,0.43,0.0,0.0,0.0,0.0,0.21,0.0,0.0,0.0,0.0,0.05,0.005,0.0,0.045,0.375,0.29,0.1,0.315,0.63,0.0,0.0,0.38,0.395,0.0,0.73,0.04
AT1G34180,0.0,0.0,0.245,0.0,0.0,0.315,0.0,0.0,0.155,0.0,0.245,0.47,0.015,0.0,0.0,0.0,0.2,0.615,0.245,0.0,0.995,0.0,0.0,0.0,0.0,0.255,0.2,0.0,0.04,0.02,0.0,0.245,0.0,0.0,0.0,0.0,0.0,0.0,0.0,0.705,0.835,0.0,0.0,0.42
AT1G34190,0.43,0.0,0.0,0.58,0.0,0.0,0.475,0.0,0.0,0.0,0.345,0.975,0.0,0.0,0.005,0.225,0.0,0.0,0.0,0.0,0.0,0.0,0.0,0.0,0.0,0.0,0.0,0.0,0.0,0.0,0.0,0.0,0.115,0.0,0.0,0.0,0.0,0.0,0.0,0.58,0.0,0.0,0.875,0.0
AT1G34370,0.58,0.0,0.0,0.0,0.0,0.0,0.0,0.0,0.0,0.0,0.0,0.065,0.0,0.0,0.0,0.0,0.0,0.0,0.0,0.0,0.17,0.0,0.0,0.2,0.0,0.0,0.0,0.0,0.0,0.0,0.0,0.0,0.0,0.0,0.0,0.0,0.0,0.0,0.0,0.0,0.0,0.0,0.0,0.0
AT1G34670,0.0,0.0,0.0,0.0,0.0,0.0,0.0,0.0,0.0,0.0,0.15,0.39,0.0,0.0,0.0,0.0,0.0,0.005,0.0,0.0,0.0,0.0,0.0,0.0,0.0,0.0,0.0,0.0,0.0,0.0,0.0,0.0,0.005,0.0,0.0,0.0,0.005,0.0,0.0,0.005,0.0,0.0,0.0,0.0
AT1G35460,0.0,0.0,0.095,0.23,0.02,0.0,0.715,0.0,0.0,0.0,0.0,0.0,0.975,0.0,0.0,0.0,0.0,0.0,0.565,0.0,0.04,0.0,0.0,0.0,0.0,0.045,0.28,0.0,0.0,0.0,0.0,0.0,0.18,0.13,0.0,0.0,0.0,0.0,0.0,0.0,0.0,0.0,0.365,0.0
AT1G36060,0.0,0.0,0.105,0.0,0.0,0.0,0.0,0.0,0.0,0.0,0.0,0.44,0.35,0.0,0.0,0.0,0.0,0.0,0.0,0.0,0.08,0.0,0.0,0.165,0.0,0.0,0.005,0.0,0.0,0.0,0.0,0.045,0.8,0.0,0.0,0.0,0.485,0.0,0.0,0.0,0.005,0.0,0.0,0.06
AT1G43160,0.0,0.0,0.0,0.0,0.07,0.36,0.0,0.0,0.0,0.81,0.0,0.015,0.0,0.0,0.0,0.565,0.425,0.0,0.0,0.69,0.0,0.57,0.015,0.0,0.975,0.0,0.165,0.15,0.0,0.735,0.0,0.0,0.4,0.0,0.0,0.0,0.395,0.205,0.0,0.335,0.0,0.0,0.005,0.0
AT1G43700,0.735,0.0,0.0,0.0,0.0,0.0,0.0,0.0,0.0,0.0,0.0,0.0,0.0,0.0,0.0,0.0,0.0,0.0,0.035,0.0,0.0,0.0,0.0,0.01,0.0,0.0,0.0,0.0,0.01,0.0,0.0,0.05,0.0,0.0,0.0,0.0,0.0,0.0,0.0,0.0,0.0,0.0,0.0,0.0
AT1G44830,0.0,0.0,0.79,0.0,0.0,0.0,0.005,0.0,0.0,0.0,0.0,0.0,0.0,0.0,0.0,0.0,0.0,0.0,0.305,0.0,0.0,0.0,0.0,0.11,0.0,0.0,0.0,0.0,0.0,0.0,0.0,0.0,0.0,0.0,0.0,0.0,0.0,0.0,0.0,0.0,0.125,0.0,0.0,0.33
AT1G45249,0.355,0.13,0.0,0.04,0.0,0.0,0.085,0.0,0.0,0.0,0.0,0.0,0.0,0.0,0.0,0.0,0.0,0.0,0.0,0.0,0.0,0.0,0.0,0.0,0.0,0.0,0.0,0.0,0.0,0.21,0.0,0.625,0.0,0.005,0.0,0.0,0.0,0.015,0.0,0.455,0.0,0.0,0.0,0.66
AT1G46768,0.01,0.0,0.0,0.8,0.51,0.0,0.055,0.0,0.0,0.0,0.82,0.315,0.0,0.0,0.0,0.0,0.66,0.0,0.0,0.0,0.01,0.0,0.0,0.92,0.0,0.0,0.0,0.0,0.575,0.0,0.13,0.0,0.0,0.5,0.0,0.0,0.0,0.0,0.13,0.0,0.0,0.0,0.005,0.0
AT1G47655,0.0,0.0,0.0,0.0,0.0,0.0,0.0,0.0,0.0,0.0,0.0,0.0,0.0,0.0,0.0,0.0,0.0,0.0,0.0,0.0,0.0,0.0,0.0,0.0,0.0,0.0,0.0,0.0,0.0,0.0,0.0,0.0,0.0,0.0,0.0,0.0,0.0,0.0,0.0,0.0,0.0,0.0,0.0,0.0
AT1G49010,0.195,1.0,1.0,0.99,0.0,0.0,0.0,0.0,0.955,0.0,0.0,0.025,0.0,0.0,0.38,0.28,0.0,0.385,0.49,0.0,0.065,0.0,0.0,0.455,0.005,0.945,0.77,0.0,0.0,0.385,0.0,1.0,0.105,1.0,0.29,1.0,0.0,0.0,0.955,0.0,0.965,0.0,0.9,0.795
AT1G49480,0.0,0.995,0.02,1.0,1.0,0.0,0.505,0.095,0.0,0.0,0.0,0.905,0.0,0.615,0.0,0.73,1.0,0.085,0.0,0.0,0.995,0.0,0.0,0.24,0.0,1.0,0.0,0.0,0.995,0.1,0.71,0.0,0.945,1.0,0.0,0.0,0.8,0.0,0.995,0.995,0.0,0.0,0.84,0.0
AT1G49560,0.0,0.0,0.1,0.99,0.97,0.98,0.0,0.0,0.0,0.0,0.18,0.08,0.84,0.0,0.0,0.015,0.91,0.005,0.0,0.0,0.795,0.345,0.0,0.025,0.0,0.0,0.02,0.0,0.005,0.255,0.265,0.925,0.0,1.0,0.0,0.0,0.015,0.0,0.995,0.765,0.84,0.0,0.89,1.0
AT1G50640,0.775,0.0,0.0,0.0,0.0,0.0,0.0,0.0,0.0,0.0,0.0,0.92,0.0,0.0,0.0,0.0,0.0,0.0,0.0,0.0,0.0,0.0,0.0,0.24,0.0,0.0,0.0,0.0,0.02,0.0,0.0,0.39,0.0,0.0,0.0,0.0,0.0,0.0,0.0,0.0,0.0,0.0,0.0,0.865
AT1G51140,0.635,0.195,0.965,0.0,0.44,0.0,0.125,0.0,0.0,1.0,0.06,0.0,0.0,0.235,0.09,0.735,0.39,0.775,0.995,1.0,0.045,0.0,0.11,0.735,1.0,0.0,0.65,1.0,0.0,1.0,0.0,0.0,0.425,0.76,0.0,0.005,0.1,0.99,0.055,0.01,0.045,0.935,0.85,0.0
AT1G51220,0.0,0.0,0.0,0.0,0.0,0.0,0.0,0.0,0.0,0.0,0.0,0.0,0.0,0.0,0.0,0.0,0.0,0.0,0.0,0.0,0.0,0.0,0.0,0.0,0.0,0.0,0.0,0.0,0.0,0.0,0.0,0.0,0.0,0.0,0.0,0.0,0.0,0.0,0.0,0.0,0.0,0.0,0.0,0.0
AT1G51700,0.65,0.0,0.02,0.0,0.0,0.005,0.255,0.025,0.0,0.0,0.18,0.34,0.005,0.0,0.04,0.955,0.66,0.0,0.01,0.0,0.04,0.0,0.0,0.53,0.0,0.14,0.07,0.0,0.525,0.0,0.23,0.86,0.0,0.005,0.0,0.0,0.0,0.0,0.46,0.045,0.38,0.0,0.0,0.975
AT1G52150,0.08,0.0,0.0,0.0,0.0,0.0,0.0,0.0,0.0,0.0,0.0,0.0,0.0,0.0,0.0,0.0,0.0,0.0,0.0,0.0,0.04,0.0,0.0,0.0,0.0,0.0,0.0,0.0,0.0,0.0,0.0,0.0,0.0,0.0,0.0,0.06,0.0,0.0,0.0,0.0,0.0,0.0,0.01,0.0
AT1G52880,0.17,0.0,0.0,0.0,0.0,0.0,0.0,0.2,0.0,0.0,0.01,0.53,0.01,0.0,0.0,0.0,0.445,0.0,0.0,0.0,0.005,0.0,0.0,0.0,0.0,0.02,0.0,0.0,0.0,0.0,0.0,0.59,0.0,0.0,0.0,0.0,0.0,0.0,0.0,0.0,0.0,0.0,0.0,0.125
AT1G53170,0.7,0.225,0.225,0.0,0.0,0.0,0.21,0.005,0.0,0.0,0.26,0.58,0.46,0.0,0.0,0.0,0.0,0.645,0.065,0.0,0.6,0.0,0.0,0.24,0.0,0.21,0.0,0.0,0.315,0.0,0.165,0.215,0.175,0.015,0.0,0.0,0.0,0.0,0.035,0.0,0.0,0.105,0.0,0.015
AT1G53230,0.305,0.0,0.0,0.0,0.065,0.0,0.0,0.0,0.0,0.0,0.0,0.0,0.02,0.0,0.0,0.015,0.0,0.0,0.305,0.0,0.0,0.0,0.0,0.0,0.0,0.0,0.0,0.0,0.0,0.0,0.0,0.515,0.005,0.0,0.0,0.0,0.0,0.0,0.0,0.0,0.0,0.0,0.0,0.065
AT1G53910,0.04,0.085,0.035,0.08,0.03,0.0,0.0,0.0,0.0,0.0,0.68,0.315,0.0,0.0,0.0,0.865,0.0,0.0,0.335,0.0,0.0,0.0,0.0,0.415,0.0,0.0,0.025,0.0,0.275,0.0,0.475,0.0,0.005,0.0,0.0,0.0,0.0,0.0,0.0,0.36,0.315,0.0,0.255,0.0
AT1G54330,0.0,0.0,0.07,0.0,0.005,0.0,0.0,0.045,0.0,0.0,0.0,0.49,0.0,0.0,0.0,0.0,0.375,0.0,0.0,0.0,0.185,0.0,0.0,0.0,0.0,0.0,0.0,0.0,0.0,0.0,0.0,0.0,0.03,0.0,0.0,0.0,0.0,0.0,0.0,0.0,0.08,0.0,0.0,0.875
AT1G55110,0.235,0.03,0.275,0.0,0.0,0.0,0.07,0.02,0.0,0.0,0.215,0.0,0.0,0.0,0.0,0.0,0.0,0.0,0.0,0.0,0.185,0.0,0.0,0.005,0.0,0.0,0.02,0.0,0.02,0.0,0.01,0.39,0.375,0.3,0.0,0.0,0.18,0.0,0.0,0.0,0.0,0.0,0.115,0.225
AT1G59640,0.215,0.03,0.335,0.0,0.01,0.0,0.015,0.0,0.0,0.0,0.0,0.465,0.0,0.0,0.0,0.08,0.24,0.0,0.0,0.0,0.005,0.0,0.0,0.0,0.0,0.0,0.0,0.0,0.0,0.005,0.0,0.0,0.22,0.0,0.015,0.0,0.055,0.0,0.0,0.0,0.0,0.0,0.0,0.0
AT1G62300,0.245,0.0,0.0,0.0,0.105,0.0,0.0,0.075,0.0,0.0,0.0,0.625,0.0,0.0,0.565,0.0,0.0,0.0,0.035,0.0,0.25,0.0,0.065,0.005,0.0,0.0,0.085,0.0,0.03,0.11,0.0,0.295,0.035,0.0,0.0,0.18,0.0,0.0,0.035,0.08,0.0,0.0,0.0,0.355
AT1G63030,0.0,0.0,0.0,0.0,0.0,0.0,0.4,0.0,0.0,0.0,0.0,0.0,0.0,0.0,0.0,0.0,0.0,0.0,0.0,0.0,0.0,0.0,0.0,0.0,0.0,0.0,0.0,0.0,0.0,0.0,0.0,0.0,0.0,0.0,0.0,0.0,0.0,0.0,0.0,0.0,0.0,0.0,0.0,0.0
AT1G64620,0.03,0.015,0.005,0.0,0.035,0.02,0.0,0.0,0.0,0.0,0.0,0.18,0.435,0.09,0.0,0.0,0.0,0.0,0.57,0.0,0.54,0.43,0.0,0.0,0.0,0.0,0.425,0.0,0.205,0.09,0.245,0.065,0.155,0.0,0.515,0.0,0.175,0.0,0.49,0.0,0.0,0.0,0.34,0.185
AT1G65910,0.01,0.0,0.0,0.0,0.0,0.0,0.0,0.0,0.0,0.0,0.0,0.27,0.0,0.0,0.0,0.0,0.0,0.0,0.0,0.0,0.005,0.0,0.0,0.0,0.0,0.0,0.13,0.0,0.0,0.0,0.0,0.0,0.0,0.0,0.0,0.0,0.0,0.0,0.0,0.045,0.015,0.0,0.0,0.0
AT1G68200,0.0,0.0,0.0,0.575,0.03,0.0,0.0,0.0,0.0,0.0,0.935,0.97,0.155,0.0,0.0,0.11,0.0,0.0,0.0,0.0,0.005,0.0,0.0,0.0,0.0,0.0,0.0,0.0,0.005,0.0,0.0,0.0,0.025,0.0,0.0,0.075,0.0,0.0,0.0,0.0,0.0,0.0,0.0,0.0
AT1G68320,0.0,0.015,0.25,0.0,0.82,0.98,0.005,0.0,0.0,0.0,0.385,0.97,0.685,0.0,0.0,0.0,0.535,0.0,0.0,0.0,0.965,0.0,0.0,0.0,0.0,0.0,0.145,0.0,0.77,0.0,0.0,0.31,0.685,0.0,0.0,0.0,0.105,0.0,0.005,0.0,0.91,0.39,0.245,0.86
AT1G68550,0.11,0.24,0.15,0.8,0.065,0.0,0.0,0.06,0.0,0.0,0.0,0.565,0.0,0.0,0.0,0.0,0.49,0.0,0.0,0.0,0.0,0.0,0.0,0.0,0.0,0.03,0.0,0.0,0.0,0.0,0.0,0.08,0.805,0.405,0.0,0.0,0.79,0.0,0.0,0.06,0.0,0.01,0.0,0.035
AT1G68670,0.01,0.0,0.08,0.115,0.145,0.0,0.01,0.0,0.065,0.0,0.0,0.41,0.01,0.0,0.0,0.0,0.17,0.05,0.0,0.0,0.0,0.0,0.0,0.14,0.0,0.0,0.0,0.0,0.09,0.0,0.23,0.0,0.0,0.065,0.0,0.08,0.145,0.0,0.095,0.08,0.0,0.015,0.0,0.0
AT1G69010,0.0,0.375,0.79,0.0,0.015,0.0,0.0,0.61,0.0,0.0,0.0,0.0,0.885,0.005,0.855,0.0,0.0,0.035,0.0,0.0,0.0,0.0,0.0,0.31,0.0,0.0,0.005,0.0,0.0,0.0,0.835,0.275,0.0,0.0,0.975,0.11,0.0,0.0,0.335,0.12,0.0,0.71,0.0,0.495
AT1G69180,0.0,0.0,0.0,0.0,0.095,0.0,0.0,0.0,0.0,0.0,0.0,0.61,0.0,0.0,0.0,0.0,0.0,0.0,0.0,0.0,0.0,0.0,0.0,0.0,0.0,0.0,0.0,0.0,0.0,0.0,0.0,0.565,0.83,0.0,0.0,0.0,0.13,0.0,0.0,0.0,0.12,0.0,0.0,0.0
AT1G69490,0.0,0.0,0.005,0.345,0.0,0.0,0.0,0.01,0.0,0.0,0.215,0.0,0.025,0.0,0.0,0.0,0.0,0.12,0.0,0.0,0.015,0.0,0.06,0.54,0.0,0.0,0.0,0.0,0.61,0.0,0.36,0.0,0.395,0.0,0.02,0.0,0.02,0.0,0.195,0.24,0.0,0.0,0.0,0.0
AT1G69570,0.0,0.715,0.51,0.155,0.47,0.0,0.0,0.045,0.0,0.0,0.0,0.01,0.0,0.0,0.69,0.0,0.45,0.0,0.0,0.0,0.205,0.59,0.0,0.6,0.0,0.0,0.215,0.0,0.215,0.03,0.2,0.07,0.055,0.0,0.565,0.81,0.0,0.0,0.0,0.0,0.0,0.0,0.32,0.09
AT1G69690,0.015,0.055,0.29,0.0,0.0,0.0,0.0,0.0,0.0,0.0,0.0,0.0,0.0,0.0,0.195,0.025,0.0,0.0,0.1,0.0,0.0,0.0,0.0,0.0,0.0,0.0,0.0,0.0,0.0,0.0,0.0,0.0,0.0,0.0,0.0,0.0,0.0,0.0,0.0,0.0,0.0,0.0,0.0,0.0
AT1G69780,0.565,0.985,0.285,0.69,0.33,0.195,0.0,0.19,0.0,0.0,0.275,0.25,0.01,0.445,0.0,0.0,0.34,0.0,0.395,0.0,0.17,0.0,0.0,0.45,0.0,0.15,0.0,0.0,0.555,0.0,0.86,0.265,0.08,0.09,0.455,0.325,0.14,0.0,0.325,0.34,0.0,0.005,0.69,0.07
AT1G70920,0.0,0.0,0.0,0.065,0.0,0.0,0.0,0.0,0.0,0.0,0.0,0.22,0.0,0.0,0.0,0.0,0.01,0.0,0.0,0.0,0.015,0.0,0.0,0.0,0.0,0.0,0.0,0.0,0.0,0.0,0.0,0.08,0.0,0.0,0.0,0.0,0.0,0.0,0.0,0.0,0.0,0.0,0.0,0.04
AT1G71450,0.0,0.93,0.69,0.0,0.0,0.55,0.0,0.0,0.0,0.0,0.0,0.0,0.0,0.0,0.0,0.0,0.0,0.0,0.0,0.0,0.0,0.0,0.0,0.0,0.0,0.0,0.0,0.0,0.0,0.0,0.0,0.0,0.0,0.0,0.865,0.0,0.0,0.0,0.0,0.0,0.0,0.0,0.0,0.0
AT1G72010,0.345,0.0,0.005,0.0,0.0,0.0,0.0,0.0,0.0,0.0,0.0,0.085,0.0,0.0,0.0,0.0,0.025,0.0,0.005,0.0,0.0,0.0,0.0,0.0,0.0,0.0,0.0,0.0,0.0,0.0,0.0,0.0,0.01,0.015,0.0,0.0,0.0,0.0,0.0,0.0,0.0,0.0,0.0,0.0
AT1G72740,1.0,0.0,0.0,0.005,0.995,0.405,1.0,0.995,0.05,0.0,1.0,1.0,0.0,0.0,0.0,1.0,1.0,0.945,0.91,0.0,0.94,0.0,0.0,1.0,0.0,1.0,0.0,0.0,1.0,0.0,0.995,0.8,0.0,0.19,0.0,0.0,0.0,0.0,0.0,0.0,0.065,0.0,0.01,1.0
AT1G74480,0.0,0.0,0.0,0.0,0.0,0.0,0.0,0.0,1.0,0.0,0.0,0.0,0.0,0.0,0.0,0.0,0.0,0.0,0.0,0.0,0.255,0.0,0.0,0.0,0.0,0.0,0.0,0.0,0.0,0.0,0.0,0.0,0.05,0.0,0.0,0.0,0.0,0.0,0.0,0.0,0.0,0.0,0.0,0.0
AT1G74650,0.97,0.93,0.41,0.045,0.39,0.12,0.845,0.22,0.195,0.0,0.305,0.67,1.0,0.0,0.0,0.0,0.385,0.04,0.0,0.0,0.67,0.0,0.415,0.0,0.0,0.805,0.845,0.0,0.045,0.08,0.0,0.47,0.685,0.845,0.0,0.16,0.8,0.0,0.025,0.0,0.33,0.0,0.0,0.265
AT1G74840,0.715,0.0,0.06,0.0,0.035,0.0,0.61,0.0,0.0,0.0,0.645,0.0,0.0,0.0,0.0,0.395,0.0,0.0,0.19,0.0,0.26,0.0,0.0,0.395,0.0,0.405,0.0,0.0,0.835,0.93,0.915,0.0,0.0,0.0,0.0,0.0,0.0,0.0,0.0,0.91,0.0,0.0,0.435,0.0
AT1G75080,0.0,0.0,0.01,0.0,0.0,0.0,0.0,0.0,0.0,0.0,0.0,0.0,0.0,0.0,0.0,0.0,0.0,0.0,0.0,0.0,0.0,0.0,0.0,0.0,0.0,0.0,0.0,0.0,0.0,0.0,0.0,0.0,0.0,0.0,0.0,0.0,0.0,0.0,0.0,0.0,0.0,0.0,0.0,0.0
AT1G75240,0.0,0.675,0.49,0.505,0.0,0.0,0.0,0.07,0.065,0.0,0.0,0.0,0.0,0.0,0.435,0.185,0.0,0.845,0.385,0.0,0.145,0.0,0.0,0.15,0.0,0.005,0.0,0.0,0.355,0.035,0.175,0.57,0.705,0.0,0.0,0.0,0.0,0.02,0.0,0.775,0.0,0.0,0.0,0.015
AT1G75390,0.225,0.0,0.0,0.19,0.0,0.0,0.005,0.0,0.0,0.0,0.15,0.32,0.875,0.0,0.0,0.0,0.015,0.0,0.0,0.0,0.0,0.0,0.0,0.0,0.0,0.18,0.0,0.0,0.01,0.0,0.01,0.94,0.17,0.0,0.0,0.0,0.015,0.0,0.0,0.0,0.015,0.0,0.125,0.695
AT1G76420,0.0,0.0,0.0,0.38,0.0,0.0,0.0,0.0,0.0,0.0,0.135,0.0,0.0,0.0,0.0,0.13,0.0,0.0,0.0,0.0,0.0,0.0,0.0,0.53,0.0,0.0,0.0,0.0,0.335,0.0,0.06,0.0,0.0,0.0,0.0,0.0,0.0,0.0,0.0,0.0,0.0,0.0,0.0,0.0
AT1G76890,0.94,0.055,0.505,0.91,0.995,0.0,0.0,0.0,0.0,0.0,0.56,0.24,0.82,0.0,0.07,0.575,0.895,0.0,0.0,0.0,0.015,0.0,0.0,0.52,0.0,0.64,0.0,0.0,0.17,0.0,0.71,0.93,0.2,0.205,0.07,0.0,0.815,0.0,0.0,0.75,0.0,0.07,0.055,0.87
AT1G77200,0.0,0.38,0.555,0.0,0.34,0.0,0.005,0.0,0.0,0.0,0.0,0.945,0.975,0.0,1.0,0.0,0.0,0.0,0.0,0.0,0.0,0.0,0.995,0.715,0.0,0.0,0.05,0.0,0.0,0.0,0.0,0.36,0.92,0.625,0.0,0.0,0.99,0.0,0.0,0.0,0.0,1.0,0.0,0.01
AT1G77920,0.545,0.965,1.0,0.87,0.4,0.13,0.0,0.31,0.72,0.0,0.0,0.82,0.57,0.0,0.515,0.0,0.415,0.0,0.125,0.0,0.83,0.0,0.0,0.205,0.0,0.57,0.0,0.0,0.935,0.09,0.0,0.41,0.295,0.96,0.0,0.26,0.21,0.0,0.0,0.255,0.165,0.02,0.59,0.725
AT1G78700,0.41,0.495,0.115,0.0,0.0,0.0,0.0,0.0,0.0,0.0,0.005,0.28,0.025,0.0,0.575,0.0,0.39,0.0,0.0,0.0,0.0,0.0,0.0,0.22,0.0,0.0,0.0,0.0,0.065,0.0,0.485,0.0,0.0,0.0,0.025,0.0,0.0,0.0,0.0,0.0,0.0,0.0,0.0,0.0
AT1G79180,0.0,0.0,0.0,0.0,0.36,0.0,0.0,0.0,0.0,0.0,0.0,0.0,0.0,0.0,0.0,0.0,0.0,0.0,0.0,0.0,0.89,0.0,0.0,0.0,0.0,0.0,0.0,0.0,0.0,0.0,0.0,0.0,0.0,0.0,0.0,0.0,0.0,0.0,0.0,0.0,0.0,0.0,0.0,0.01
AT1G79580,0.165,0.0,0.0,0.0,0.0,0.0,0.0,0.035,0.0,0.025,0.0,0.0,0.0,0.0,0.0,0.0,0.005,0.0,0.0,0.0,0.0,0.0,0.0,0.0,0.02,0.35,0.005,0.455,0.0,1.0,0.0,0.0,0.0,0.0,0.0,0.035,0.0,0.59,0.0,0.0,0.03,0.0,0.0,0.0
AT1G80840,0.0,0.06,0.395,0.51,0.705,0.005,0.195,0.745,0.635,0.0,0.0,0.62,0.0,0.0,0.005,0.0,0.645,0.285,0.93,0.0,0.3,0.0,0.0,0.18,0.0,0.0,0.0,0.0,0.0,0.0,0.01,0.945,0.0,0.79,0.0,0.0,0.0,0.0,0.765,0.47,0.35,0.0,0.935,0.72
AT2G01060,0.42,0.0,0.0,0.0,0.0,0.0,0.0,0.92,0.0,0.0,0.0,0.0,0.0,0.0,0.0,0.0,0.0,0.0,0.005,0.0,0.0,0.0,0.0,0.0,0.0,0.44,0.0,0.0,0.0,0.0,0.0,0.0,0.0,0.0,0.0,0.0,0.0,0.0,0.0,0.0,0.0,0.0,0.0,0.0
AT2G01930,0.0,0.0,0.0,1.0,0.205,0.01,0.0,0.0,0.805,0.0,0.735,0.0,0.0,0.0,0.075,0.435,0.0,0.0,0.0,0.0,0.0,0.0,0.0,0.455,0.0,0.83,0.0,0.0,0.445,0.0,1.0,1.0,0.655,0.0,0.0,0.0,0.015,0.0,0.865,0.135,0.945,0.0,0.065,1.0
AT2G01940,0.455,0.145,0.0,0.965,0.69,0.925,0.85,0.0,0.705,0.0,0.965,0.0,0.9,0.02,0.81,0.415,0.91,0.025,0.24,0.0,0.0,0.0,0.0,0.945,0.0,0.98,0.89,0.0,1.0,0.0,0.655,0.9,0.645,0.82,0.0,1.0,0.0,0.0,0.82,0.775,0.615,0.095,0.96,0.55
AT2G02070,0.52,0.17,0.41,0.08,0.0,0.11,0.0,0.83,0.0,0.0,0.165,0.44,0.0,0.0,0.0,0.185,0.0,0.0,0.035,0.0,0.0,0.055,0.0,0.0,0.0,0.0,0.81,0.0,0.015,0.0,0.0,0.04,0.615,0.08,0.57,0.09,0.41,0.0,0.875,0.0,0.0,0.4,0.0,0.12
AT2G02080,0.38,0.96,0.345,0.83,0.23,0.43,0.0,0.31,0.66,0.0,0.945,0.325,0.005,0.98,0.0,0.865,0.83,0.0,0.82,0.0,0.08,0.0,0.0,0.61,0.0,0.47,0.0,0.0,0.96,0.0,1.0,1.0,0.0,0.105,0.82,0.42,0.285,0.0,0.01,0.0,0.045,0.0,0.93,0.69
AT2G02450,0.295,0.0,0.21,0.0,0.325,0.0,0.0,0.0,0.0,0.0,0.0,0.005,0.0,0.0,0.0,0.0,0.035,0.0,0.29,0.0,0.0,0.0,0.0,0.0,0.0,0.0,0.02,0.0,0.0,0.0,0.0,0.03,0.115,0.0,0.0,0.0,0.025,0.0,0.395,0.0,0.0,0.0,0.115,0.0
AT2G02820,0.58,0.0,0.0,0.06,0.0,0.0,0.0,0.0,0.0,0.0,0.0,0.05,0.0,0.0,0.0,0.0,0.0,0.0,0.0,0.0,0.0,0.0,0.0,0.455,0.0,0.04,0.0,0.0,0.0,0.0,0.22,0.0,0.395,0.11,0.0,0.0,0.085,0.0,0.0,0.22,0.0,0.0,0.06,0.0
AT2G03340,0.0,0.0,0.005,0.0,0.0,0.0,0.0,0.0,0.0,0.0,0.0,0.0,0.0,0.0,0.0,0.0,0.0,0.0,0.0,0.0,0.0,0.0,0.0,0.0,0.0,0.0,0.0,0.0,0.0,0.0,0.0,0.02,0.0,0.0,0.0,0.0,0.0,0.0,0.005,0.0,0.0,0.0,0.0,0.09
AT2G03500,0.0,0.72,0.0,0.0,0.01,0.0,0.0,0.0,0.0,0.0,0.0,0.76,0.0,0.0,0.96,0.0,0.0,0.0,0.805,0.0,0.35,0.0,0.0,0.0,0.0,0.07,0.525,0.0,0.065,0.0,0.0,0.395,0.0,0.0,0.0,0.2,0.0,0.015,0.18,0.0,0.0,0.14,0.0,0.215
AT2G04038,0.0,0.0,0.22,0.0,0.0,0.0,0.0,0.0,0.0,0.0,0.0,0.0,0.0,0.0,0.0,0.0,0.005,0.0,0.0,0.0,0.0,0.0,0.0,0.0,0.0,0.0,0.0,0.0,0.0,0.13,0.0,0.0,0.0,0.0,0.0,0.0,0.0,0.0,0.0,0.0,0.0,0.0,0.0,0.0
AT2G06200,0.0,0.0,0.0,0.99,0.0,0.0,0.0,0.0,0.785,0.0,0.0,0.41,0.0,0.0,0.0,0.0,0.175,0.0,0.0,0.0,0.04,0.0,0.0,0.0,0.0,0.0,0.0,0.0,0.0,0.0,0.0,0.0,0.0,0.01,0.0,0.0,0.0,0.0,0.0,0.0,0.48,0.0,0.55,0.0
AT2G15740,0.0,0.0,0.0,0.0,0.0,0.0,0.0,0.0,0.0,0.0,0.0,0.0,0.0,0.0,0.0,0.0,0.995,0.0,0.0,0.0,0.0,0.0,0.0,0.0,0.0,0.0,0.0,0.0,0.0,0.0,0.0,0.0,0.0,0.0,0.0,0.0,0.0,0.0,0.0,0.0,0.0,0.0,0.0,0.0
AT2G18060,0.315,0.0,0.0,0.03,0.0,0.0,0.0,0.0,0.0,0.0,0.0,0.0,0.0,0.0,0.0,0.0,0.0,0.0,0.0,0.0,0.0,0.0,0.0,0.0,0.0,0.0,0.225,0.0,0.0,0.0,0.0,0.0,0.05,0.0,0.0,0.0,0.0,0.0,0.0,0.0,0.145,0.0,0.0,0.0
AT2G18160,0.0,0.025,0.195,0.0,0.0,0.0,0.0,0.0,0.0,0.0,0.0,0.05,0.0,0.0,0.0,0.0,0.0,0.0,0.0,0.0,0.01,0.0,0.0,0.0,0.0,0.0,0.02,0.0,0.0,0.0,0.0,0.0,0.0,0.0,0.0,0.0,0.0,0.0,0.0,0.765,0.0,0.0,0.015,0.0
AT2G18350,0.91,0.0,0.0,0.235,0.03,0.23,0.0,0.38,0.18,0.0,0.0,0.21,0.0,0.0,0.015,0.0,0.0,0.0,0.715,0.0,0.035,0.015,0.0,0.0,0.0,0.0,0.185,0.0,0.0,0.0,0.0,0.0,0.0,0.0,0.0,0.11,0.0,0.0,0.48,0.0,0.35,0.0,0.0,0.0
AT2G18380,0.67,1.0,0.995,0.995,1.0,1.0,0.185,0.0,1.0,0.0,0.45,0.0,0.0,0.0,0.99,0.935,1.0,0.32,0.66,0.0,0.0,0.0,0.0,0.0,0.0,0.975,0.0,0.0,0.0,0.0,0.0,1.0,1.0,0.455,0.0,0.0,1.0,0.0,0.0,0.32,1.0,0.0,0.015,1.0
AT2G18550,0.0,0.0,0.0,0.025,0.0,0.0,0.32,0.0,0.015,1.0,0.0,0.88,0.0,0.0,0.0,0.0,0.4,0.0,0.0,0.995,0.32,0.0,0.0,0.0,0.93,0.0,0.235,1.0,0.03,0.575,0.0,0.0,0.925,0.06,0.0,0.955,0.085,1.0,0.0,0.0,0.275,0.0,0.0,0.055
AT2G20110,0.675,0.0,0.125,0.0,0.025,0.0,0.275,0.0,0.0,0.0,0.0,0.04,0.515,0.98,0.0,0.0,1.0,0.0,0.45,0.0,0.615,0.05,0.0,0.045,0.0,0.0,0.345,0.0,0.685,0.0,0.005,0.0,0.0,0.0,0.12,0.91,0.0,0.0,0.02,0.0,0.0,0.0,0.28,0.33
AT2G20400,0.72,0.0,0.025,0.0,0.32,0.0,0.0,0.0,0.0,0.0,0.0,0.0,0.0,0.0,0.0,0.0,0.0,0.0,0.0,0.0,0.0,0.0,0.0,0.02,0.0,0.0,0.0,0.0,0.0,0.0,0.0,0.015,0.17,0.0,0.0,0.0,0.0,0.0,0.0,0.0,0.0,0.0,0.0,0.015
AT2G22430,0.635,0.0,0.0,0.045,0.0,0.005,0.0,0.15,0.035,0.0,0.105,0.04,0.0,0.0,0.695,0.545,0.0,0.0,0.32,0.0,0.0,0.0,0.0,0.33,0.005,0.08,0.0,0.0,0.095,0.065,0.025,0.235,0.02,0.0,0.0,0.0,0.0,0.08,0.0,0.0,0.23,0.745,0.125,0.385
AT2G22540,0.44,0.985,0.37,0.0,0.0,0.905,0.0,0.0,0.04,0.0,0.0,0.46,0.0,0.055,0.01,0.555,0.875,0.08,0.02,0.0,0.895,0.0,0.0,0.08,0.0,0.165,0.705,0.0,0.075,0.07,0.83,0.01,0.115,0.0,0.82,0.0,0.0,0.0,0.295,0.085,0.06,0.0,0.0,0.34
AT2G23290,0.76,0.79,0.0,0.0,0.015,0.0,0.0,0.0,0.0,0.0,0.0,0.0,0.035,0.0,0.0,0.305,0.0,0.46,0.0,0.0,0.79,0.0,0.0,0.25,0.0,0.0,0.015,0.0,0.0,0.0,0.0,0.045,0.66,0.0,0.005,0.0,0.68,0.0,0.0,0.8,0.0,0.0,0.67,0.065
AT2G23320,0.54,0.0,0.0,0.035,0.0,0.0,0.185,0.75,0.0,0.0,0.08,0.38,0.0,0.0,0.02,0.0,0.0,0.0,0.325,0.0,0.25,0.0,0.0,0.08,0.0,0.145,0.0,0.0,0.125,0.0,0.01,0.0,0.0,0.01,0.0,0.12,0.0,0.0,0.12,0.34,0.0,0.0,0.0,0.0
AT2G23340,0.2,0.0,0.0,0.06,0.0,0.28,0.0,0.0,0.0,0.0,0.0,0.0,0.0,0.0,0.0,0.045,0.0,0.0,0.0,0.0,0.0,0.0,0.0,0.725,0.0,0.015,0.03,0.0,0.035,0.0,0.0,0.0,0.405,0.0,0.475,0.0,0.075,0.0,0.25,0.0,0.0,0.0,0.0,0.03
AT2G24430,0.0,0.0,0.0,0.0,0.0,0.0,0.0,0.0,0.0,0.0,0.025,0.09,0.0,0.0,0.0,0.0,0.0,0.0,0.0,0.0,0.0,0.0,0.0,0.07,0.0,0.0,0.0,0.0,0.485,0.0,0.005,0.0,0.0,0.0,0.0,0.0,0.0,0.0,0.0,0.0,0.0,0.0,0.0,0.005
AT2G26960,0.0,0.0,0.0,0.0,0.09,0.0,0.0,0.0,0.0,0.0,0.0,0.0,0.0,0.0,0.0,0.0,0.0,0.0,0.0,0.0,0.0,0.0,0.0,0.0,0.0,0.0,0.0,0.0,0.0,0.0,0.0,0.0,0.0,0.0,0.0,0.0,0.0,0.0,0.0,0.0,0.0,0.0,0.0,0.0
AT2G27300,0.0,0.0,0.0,0.065,0.0,0.005,0.0,0.0,0.0,0.0,0.0,0.24,0.0,0.0,0.0,0.0,0.0,0.0,0.0,0.0,0.015,0.0,0.0,0.0,0.0,0.0,0.0,0.0,0.0,0.085,0.0,0.075,0.0,0.0,0.0,0.01,0.0,0.0,0.0,0.0,0.0,0.0,0.0,0.0
AT2G28810,0.335,0.12,0.0,0.18,0.315,0.0,0.0,0.0,0.515,0.0,0.08,0.81,0.62,0.0,0.205,0.0,0.0,0.41,0.07,0.0,0.05,0.0,0.0,0.295,0.0,0.0,0.0,0.0,0.245,0.0,0.385,0.905,0.05,0.15,0.0,0.095,0.015,0.0,0.0,0.92,0.0,0.27,0.045,0.1
AT2G30250,0.445,0.0,0.02,0.3,0.0,0.0,0.2,0.0,0.005,0.0,0.01,0.54,0.0,0.0,0.01,0.23,0.005,0.005,0.485,0.0,0.16,0.0,0.0,0.005,0.0,0.105,0.005,0.0,0.0,0.0,0.035,0.0,0.0,0.0,0.0,0.0,0.0,0.0,0.05,0.325,0.0,0.0,0.1,0.0
AT2G30340,0.0,0.0,0.0,0.385,0.0,0.0,0.0,0.0,0.0,0.0,0.0,0.0,0.0,0.0,0.0,0.065,0.0,0.0,0.0,0.0,0.0,0.0,0.0,0.0,0.0,0.005,0.0,0.0,0.0,0.015,0.0,0.0,0.0,0.0,0.0,0.0,0.0,0.0,0.0,0.0,0.0,0.0,0.0,0.0
AT2G30590,0.0,0.0,0.0,0.0,0.0,0.0,0.0,0.0,0.0,0.0,0.0,0.015,0.0,0.0,0.0,0.0,0.0,0.0,0.0,0.0,0.0,0.0,0.0,0.0,0.0,0.0,0.0,0.0,0.0,0.0,0.0,0.0,0.005,0.0,0.0,0.0,0.0,0.0,0.0,0.0,0.0,0.0,0.02,0.0
AT2G31220,0.0,0.0,0.0,0.005,0.0,0.0,0.0,0.0,0.0,0.0,0.0,0.02,0.0,0.0,0.0,0.0,0.0,0.0,0.0,0.0,0.005,0.0,0.0,0.0,0.0,0.0,0.0,0.0,0.0,0.0,0.0,0.0,0.15,0.0,0.0,0.0,0.0,0.0,0.0,0.0,0.0,0.0,0.0,0.0
AT2G31230,1.0,1.0,1.0,0.135,0.73,1.0,0.01,0.29,0.595,0.0,0.99,0.0,0.68,0.71,1.0,0.98,0.685,0.855,1.0,0.0,1.0,0.0,0.0,1.0,0.0,1.0,0.87,0.0,1.0,0.0,1.0,0.87,0.035,0.34,0.6,0.885,0.0,0.0,0.76,0.995,0.995,0.0,0.915,0.85
AT2G32460,0.0,0.0,0.045,0.0,0.0,0.0,0.0,0.0,0.0,0.0,0.0,0.395,0.0,0.0,0.0,0.0,0.0,0.0,0.0,0.0,0.0,0.0,0.0,0.005,0.0,0.0,0.0,0.0,0.02,0.0,0.0,0.0,0.0,0.0,0.0,0.0,0.0,0.0,0.0,0.0,0.005,0.0,0.0,0.0
AT2G33550,0.05,0.0,0.06,0.0,0.01,0.0,0.0,0.0,0.0,0.0,0.47,0.09,0.005,0.0,0.0,0.0,0.05,0.0,0.055,0.0,0.575,0.0,0.0,0.14,0.0,0.005,0.0,0.0,0.135,0.0,0.09,0.0,0.535,0.0,0.0,0.0,0.02,0.0,0.0,0.0,0.0,0.0,0.0,0.0
AT2G33710,0.0,0.0,0.01,0.0,1.0,0.0,0.03,0.0,0.0,0.0,0.03,0.0,0.79,0.0,0.715,0.0,0.985,0.0,0.005,0.0,1.0,0.0,0.83,0.945,0.0,1.0,0.755,0.0,0.01,0.0,0.055,0.71,1.0,0.0,0.0,0.0,0.0,0.0,0.065,0.0,0.0,0.0,0.0,1.0
AT2G35530,0.0,0.0,0.0,0.0,0.0,0.0,0.0,0.0,0.0,0.0,0.0,0.0,0.0,0.0,0.0,0.0,0.0,0.0,0.0,0.0,0.0,0.0,0.0,0.0,0.0,0.0,0.0,0.0,0.0,0.0,0.0,0.0,0.0,0.0,0.0,0.0,0.0,0.0,0.0,0.0,0.0,0.0,0.0,0.0
AT2G35700,0.39,0.0,0.0,0.12,0.205,0.0,0.045,0.0,0.0,0.0,0.005,0.21,0.0,0.0,0.0,0.0,0.095,0.0,0.355,0.0,0.005,0.0,0.0,0.345,0.0,0.04,0.0,0.0,0.065,0.0,0.06,0.0,0.0,0.18,0.0,0.0,0.0,0.0,0.115,0.0,0.055,0.0,0.0,0.0
AT2G36010,0.525,0.0,0.005,0.99,0.66,0.0,0.48,0.0,0.0,0.0,0.0,1.0,0.0,0.005,0.0,0.44,0.455,0.0,0.015,0.0,0.83,0.0,0.0,0.985,0.0,0.0,0.0,0.0,0.0,0.0,0.0,0.0,1.0,0.04,0.0,0.0,0.885,0.0,0.0,0.0,0.0,0.0,0.155,0.0
AT2G36270,0.4,0.0,0.0,0.965,0.995,0.06,0.18,0.13,0.315,0.0,0.79,0.64,0.0,0.0,0.0,0.0,0.91,0.0,0.0,0.0,0.0,0.0,0.0,0.315,0.115,0.655,0.7,0.0,0.005,0.175,0.305,0.0,0.0,0.9,0.14,0.025,0.0,0.15,0.825,0.0,0.765,0.0,0.375,0.0
AT2G37590,0.175,0.78,0.14,0.135,0.19,0.0,0.0,0.0,0.0,0.0,0.0,0.615,0.0,0.0,0.0,0.235,0.005,0.0,0.29,0.0,0.615,0.0,0.0,0.0,0.0,0.0,0.035,0.0,0.0,0.0,0.0,0.055,0.0,0.36,0.29,0.04,0.0,0.0,0.165,0.0,0.0,0.0,0.02,0.0
AT2G38340,0.0,0.0,0.0,0.525,0.335,0.0,0.0,0.0,0.03,0.0,0.0,0.86,0.0,0.0,0.0,0.0,0.0,0.0,0.0,0.0,0.185,0.0,0.0,0.055,0.0,0.0,0.0,0.0,0.0,0.125,0.0,0.595,0.05,0.265,0.0,0.13,0.0,0.0,0.0,0.0,0.0,0.0,0.0,0.0
AT2G38470,0.205,0.005,0.085,0.115,0.0,0.0,0.82,0.96,0.025,0.0,0.725,0.645,0.0,0.0,0.025,0.0,0.315,0.115,0.49,0.0,0.145,0.0,0.0,0.55,0.0,0.0,0.0,0.0,0.0,0.0,0.0,0.41,0.57,0.47,0.0,0.07,0.105,0.0,0.49,0.915,0.06,0.0,0.1,0.56
AT2G40260,0.195,0.0,0.0,0.0,0.01,0.06,0.0,0.0,0.0,0.0,0.02,0.0,0.165,0.015,0.0,0.31,0.105,0.0,0.0,0.0,0.0,0.015,0.0,0.07,0.0,0.0,0.64,0.0,0.07,0.0,0.0,0.0,0.01,0.0,0.0,0.0,0.0,0.0,0.0,0.035,0.395,0.0,0.285,0.0
AT2G40620,0.09,0.005,0.38,0.0,0.0,0.0,0.0,0.15,0.0,0.0,0.0,0.48,0.0,0.0,0.21,0.0,0.1,1.0,0.065,0.0,0.195,0.0,0.0,0.0,0.0,0.0,0.18,0.0,0.005,0.005,0.875,0.0,0.44,0.0,0.0,0.0,0.715,0.0,0.0,0.0,0.0,0.0,0.0,0.0
AT2G40740,0.0,0.0,0.0,0.34,0.0,0.0,0.0,0.0,0.0,0.0,0.21,0.0,0.0,0.0,0.0,0.0,0.4,0.975,0.0,0.0,0.86,0.0,0.095,0.0,0.0,0.0,0.0,0.0,0.0,0.0,0.0,0.005,0.985,0.0,0.0,0.0,0.755,0.0,0.0,0.33,0.12,0.0,0.0,0.355
AT2G41690,0.0,0.0,0.0,0.0,0.0,0.0,0.0,0.0,0.0,0.0,0.0,0.0,0.0,0.0,0.0,0.0,0.0,0.0,0.0,0.0,0.005,0.0,0.0,0.0,0.0,0.0,0.0,0.0,0.0,0.0,0.0,0.0,0.0,0.0,0.0,0.0,0.0,0.0,0.0,0.0,0.0,0.0,0.0,0.0
AT2G42200,0.67,0.325,0.08,0.0,0.0,0.645,0.225,0.08,0.985,0.0,0.365,0.765,0.0,0.0,0.0,0.415,0.07,0.0,0.93,0.0,0.225,0.425,0.0,0.185,0.0,0.055,0.0,0.0,0.08,0.0,0.025,0.75,0.015,0.0,0.935,0.0,0.055,0.0,0.405,0.0,0.0,0.0,0.0,0.52
AT2G42430,0.0,0.0,0.0,0.0,0.035,0.0,0.0,0.0,0.0,0.0,0.0,0.0,0.0,0.0,0.0,0.0,0.0,0.0,0.0,0.0,0.0,0.0,0.0,0.0,0.0,0.0,0.0,0.0,0.0,0.0,0.0,0.0,0.0,0.0,0.0,0.0,0.0,0.0,0.0,0.0,0.0,0.0,0.0,0.0
AT2G43000,0.0,0.565,0.01,0.74,0.01,0.33,0.0,0.0,0.885,0.0,0.895,0.73,0.0,0.0,0.895,0.0,0.44,0.0,0.825,0.0,0.555,0.0,0.0,0.84,0.0,0.0,0.0,0.0,0.82,0.0,0.605,0.0,0.92,0.995,0.0,0.0,0.945,0.0,0.005,0.0,0.835,0.0,0.085,0.0
AT2G44840,0.0,0.0,0.055,0.0,0.0,0.41,0.975,0.12,0.01,0.0,0.0,0.835,0.0,0.0,0.0,0.0,0.315,0.0,0.065,0.0,0.055,0.0,0.0,0.085,0.0,0.0,0.0,0.0,0.0,0.0,0.025,0.325,0.33,0.005,0.475,0.0,0.0,0.0,0.295,0.0,0.0,0.0,0.0,0.035
AT2G44940,0.445,0.055,0.0,0.015,0.0,0.0,0.0,0.195,0.0,0.0,0.005,0.0,0.0,0.0,0.0,0.075,0.0,0.0,0.0,0.0,0.0,0.0,0.0,0.17,0.0,0.14,0.0,0.0,0.03,0.0,0.0,0.105,0.0,0.0,0.0,0.475,0.03,0.0,0.0,0.465,0.28,0.0,0.145,0.165
AT2G45410,0.0,0.98,0.0,0.0,1.0,0.0,0.095,0.0,0.0,0.0,0.0,0.6,0.0,0.0,0.0,0.0,1.0,0.0,0.0,0.0,0.0,0.0,0.0,0.955,0.0,0.02,0.81,0.0,0.0,0.0,0.56,0.63,0.575,1.0,0.0,0.0,0.19,0.0,0.0,0.015,0.0,0.0,0.0,0.315
AT2G45420,0.0,0.23,0.0,0.0,0.0,0.78,0.0,0.0,0.005,0.0,0.755,0.97,0.0,0.0,0.0,0.02,0.035,0.0,0.0,0.0,0.0,0.0,0.0,0.0,0.0,0.0,0.0,0.0,0.0,0.0,0.425,0.0,0.0,0.0,0.0,0.0,0.115,0.0,0.025,0.0,0.11,0.0,0.0,0.0
AT2G45480,0.0,0.0,0.015,0.0,0.0,0.0,0.0,0.0,0.0,0.0,0.0,0.005,0.0,0.0,0.0,0.0,0.0,0.0,0.295,0.0,0.0,0.0,0.0,0.0,0.0,0.0,0.0,0.0,0.0,0.0,0.0,0.0,0.0,0.0,0.0,0.0,0.0,0.0,0.0,0.0,0.0,0.0,0.0,0.0
AT2G45680,0.0,0.0,0.0,0.0,0.0,0.0,0.0,0.0,0.0,0.0,0.0,0.0,0.0,0.0,0.0,0.0,0.0,0.0,0.0,0.0,0.0,0.0,0.0,0.0,0.0,0.0,0.0,0.0,0.0,0.0,0.0,0.0,0.0,0.0,0.0,0.0,0.0,0.0,0.0,0.0,0.0,0.0,0.0,0.0
AT2G46270,0.725,0.0,0.0,0.06,0.0,0.905,1.0,0.985,0.905,0.0,0.0,0.95,0.06,0.0,0.31,0.995,0.0,0.0,0.43,0.0,0.985,0.005,0.945,0.865,0.015,0.015,0.0,0.0,0.97,0.02,1.0,0.1,1.0,0.0,1.0,0.855,1.0,0.0,0.385,0.0,0.08,1.0,0.995,0.58
AT2G46590,0.0,0.045,0.0,0.22,0.0,0.0,0.0,0.01,0.0,0.0,0.005,0.415,0.0,0.0,0.0,0.0,0.015,0.0,0.0,0.0,0.22,0.0,0.0,0.0,0.0,0.0,0.0,0.0,0.0,0.0,0.0,0.12,0.01,0.275,0.0,0.0,0.0,0.0,0.0,0.0,0.0,0.05,0.005,0.01
AT2G46680,0.705,1.0,0.99,0.0,0.755,0.0,0.96,0.0,0.465,0.715,0.0,0.785,0.0,0.0,0.575,0.025,0.0,0.0,0.645,0.94,0.52,0.0,0.085,0.0,0.785,0.65,0.0,0.085,0.0,0.595,0.835,0.325,0.75,0.0,0.0,0.44,0.215,0.645,0.6,0.25,0.0,0.0,0.825,0.005
AT2G46770,0.0,0.0,0.0,0.0,0.0,0.0,0.0,0.0,0.0,0.0,0.0,0.615,0.0,0.0,0.0,0.0,0.0,0.0,0.0,0.0,0.0,0.0,0.0,0.005,0.0,0.0,0.0,0.0,0.0,0.0,0.0,0.025,0.065,0.0,0.0,0.0,0.0,0.0,0.0,0.0,0.0,0.0,0.0,0.0
AT2G47070,0.34,0.0,0.0,0.0,0.07,0.0,0.0,0.0,0.0,0.0,0.0,0.28,0.01,0.0,0.0,0.0,0.14,0.0,0.0,0.0,0.0,0.0,0.0,0.0,0.0,0.0,0.0,0.0,0.0,0.0,0.0,0.0,0.0,0.005,0.0,0.0,0.0,0.0,0.0,0.0,0.005,0.0,0.0,0.0
AT3G01220,0.03,0.0,0.275,0.035,0.0,0.0,0.175,0.0,0.0,0.0,0.0,0.92,0.02,0.0,0.0,0.175,0.0,0.0,0.0,0.0,0.0,0.0,0.0,0.005,0.0,0.015,0.0,0.0,0.0,0.05,0.0,0.005,0.0,0.0,0.0,0.055,0.0,0.0,0.0,0.0,0.0,0.0,0.0,0.0
AT3G01530,0.345,0.0,0.0,0.0,0.0,0.0,0.0,0.0,0.0,0.0,0.0,0.015,0.0,0.0,0.0,0.0,0.0,0.0,0.0,0.0,0.025,0.0,0.0,0.545,0.0,0.0,0.0,0.0,0.39,0.0,0.0,0.0,0.0,0.0,0.0,0.0,0.0,0.0,0.0,0.0,0.855,0.0,0.0,0.0
AT3G01970,0.125,0.0,0.45,0.0,0.16,0.2,0.0,0.0,0.285,0.0,0.385,0.75,0.0,0.0,0.0,0.0,0.0,0.0,0.0,0.0,0.43,0.0,0.0,0.64,0.0,0.025,0.0,0.0,0.195,0.045,0.325,0.0,0.145,0.0,0.0,0.0,0.0,0.005,0.0,0.0,0.31,0.0,0.0,0.0
AT3G02940,0.0,0.93,1.0,0.0,0.415,0.0,0.0,0.085,0.0,0.075,0.0,0.745,0.0,0.0,0.0,0.0,0.88,0.0,0.0,0.05,0.0,0.0,0.0,0.0,0.17,1.0,0.0,0.22,0.0,0.45,0.0,0.0,0.0,0.05,0.0,0.0,0.0,0.02,0.0,0.0,0.0,0.0,0.0,0.0
AT3G03200,0.715,0.0,0.0,0.0,0.235,0.0,0.0,0.0,0.0,0.0,0.0,0.0,0.0,0.455,0.0,0.0,0.115,0.0,0.375,0.0,0.0,0.0,0.0,0.0,0.0,0.01,0.0,0.0,0.0,0.0,0.0,0.0,0.025,0.0,0.0,0.0,0.0,0.0,0.0,0.0,0.0,0.0,0.005,0.225
AT3G04030,0.0,0.0,0.005,0.02,0.09,0.035,0.0,0.0,0.88,0.0,0.0,0.445,0.0,0.0,0.105,0.02,0.005,0.0,0.43,0.0,0.085,0.0,0.0,0.0,0.0,0.0,0.0,0.0,0.0,0.0,0.0,0.0,0.0,0.0,0.41,0.0,0.0,0.0,0.0,0.16,0.0,0.0,0.0,0.0
AT3G04060,0.915,0.0,0.0,0.0,0.13,0.03,0.0,0.1,0.025,0.0,0.155,0.44,0.0,0.0,0.0,0.0,0.0,0.0,0.0,0.0,0.61,0.0,0.0,0.0,0.0,0.06,0.365,0.0,0.0,0.0,0.0,0.035,0.0,0.0,0.0,0.005,0.01,0.0,0.005,0.005,0.13,0.0,0.425,0.005
AT3G04070,0.0,0.095,0.975,0.0,0.68,1.0,0.0,0.0,1.0,0.0,0.545,0.605,0.965,0.87,0.01,0.0,0.405,0.0,0.0,0.0,0.98,0.0,0.0,0.225,0.0,0.0,0.935,0.0,0.0,0.0,0.0,0.285,0.245,0.995,0.86,0.08,0.02,0.0,0.755,0.565,1.0,0.0,0.955,0.32
AT3G06490,0.0,0.05,0.16,0.01,0.145,0.0,0.0,0.0,0.0,0.0,0.0,0.0,0.0,0.0,0.0,0.0,0.0,0.0,0.0,0.0,0.185,0.0,0.0,0.0,0.0,0.0,0.0,0.0,0.0,0.0,0.0,0.0,0.0,0.0,0.0,0.0,0.0,0.0,0.33,0.015,0.115,0.0,0.0,0.04
AT3G08500,0.0,0.0,0.015,0.0,0.0,0.28,0.0,0.0,0.0,0.0,0.0,0.27,0.0,0.335,0.0,0.0,0.205,0.0,0.0,0.0,0.0,0.0,0.0,0.0,0.0,0.0,0.0,0.0,0.005,0.0,0.0,0.01,0.0,0.0,0.0,0.005,0.0,0.0,0.0,0.0,0.27,0.0,0.0,0.12
AT3G09600,0.64,0.0,0.805,0.0,0.0,0.96,0.33,0.0,1.0,0.0,0.04,0.17,0.295,0.335,0.0,0.0,0.0,0.0,0.215,0.0,0.0,0.965,0.0,0.17,0.58,0.515,0.685,0.0,0.275,0.755,0.02,0.005,0.0,0.39,0.0,0.995,0.0,0.175,0.0,0.135,1.0,0.0,0.645,0.065
AT3G09735,0.0,0.015,0.63,0.0,0.235,0.0,0.0,0.0,0.0,0.0,0.0,0.145,0.0,0.0,0.0,0.43,0.01,0.495,0.215,0.0,0.95,0.0,0.0,0.0,0.0,0.0,0.0,0.0,0.0,0.0,0.0,0.0,0.04,0.0,0.0,0.0,0.005,0.0,0.01,0.53,0.0,0.0,0.0,0.0
AT3G10030,0.0,0.0,0.0,0.0,0.0,0.0,0.0,0.0,0.0,0.0,0.0,0.0,0.0,0.0,0.0,0.0,0.0,0.0,0.0,0.0,0.0,0.0,0.0,0.085,0.0,0.0,0.0,0.0,0.02,0.0,0.0,0.055,0.1,0.0,0.0,0.0,0.0,0.0,0.0,0.0,0.0,0.0,0.0,0.19
AT3G10113,0.0,0.0,0.0,0.0,0.59,0.0,0.0,0.0,0.0,0.0,0.0,0.0,0.0,0.0,0.0,0.0,0.0,0.0,0.0,0.0,0.0,0.0,0.0,0.0,0.0,0.0,0.0,0.0,0.0,0.0,0.0,0.0,0.0,0.0,0.0,0.0,0.0,0.0,0.0,0.0,0.0,0.0,0.0,0.0
AT3G10480,0.0,0.0,0.0,0.96,0.0,0.0,0.0,0.0,0.0,0.0,0.0,0.0,0.0,0.0,0.0,0.0,0.355,0.0,0.035,0.0,0.0,0.0,0.0,0.0,0.0,0.0,0.0,0.0,0.0,0.0,0.0,0.0,0.28,0.03,0.0,0.0,0.26,0.0,0.0,0.0,0.0,0.0,0.185,0.0
AT3G10500,0.0,0.0,0.0,0.195,0.0,0.0,0.005,0.0,0.0,0.0,0.07,0.7,0.0,0.0,0.0,0.795,0.025,0.0,0.645,0.0,0.23,0.0,0.0,0.0,0.0,0.035,0.0,0.0,0.04,0.0,0.0,0.005,0.0,0.0,0.0,0.0,0.0,0.0,0.0,0.0,0.005,0.0,0.065,0.0
AT3G10580,0.0,0.0,0.0,0.0,0.0,0.0,0.0,0.0,0.0,0.0,0.0,0.0,0.0,0.0,0.0,0.0,0.0,0.0,0.0,0.0,0.0,0.0,0.0,0.0,0.0,0.0,0.0,0.0,0.0,0.0,0.0,0.0,0.0,0.0,0.0,0.0,0.0,0.0,0.0,0.0,0.0,0.0,0.0,0.0
AT3G10800,0.03,0.0,0.0,0.0,0.0,0.0,0.0,0.0,0.0,0.0,0.0,0.795,0.0,0.0,0.0,0.0,0.07,0.0,0.13,0.0,0.0,0.0,0.0,0.005,0.0,0.01,0.0,0.0,0.0,0.0,0.0,0.325,0.0,0.0,0.0,0.0,0.0,0.0,0.0,0.0,0.0,0.0,0.0,0.385
AT3G11280,0.0,0.0,0.015,0.015,0.0,0.0,0.235,0.0,0.0,0.0,0.0,0.15,0.0,0.0,0.0,0.0,0.0,0.0,0.455,0.0,0.0,0.0,0.0,0.005,0.0,0.0,0.08,0.0,0.0,0.0,0.0,0.0,0.0,0.0,0.0,0.02,0.0,0.0,0.0,0.0,0.0,0.0,0.0,0.0
AT3G11440,0.0,0.0,0.03,0.0,0.0,0.0,0.0,0.0,0.0,0.0,0.0,0.0,0.0,0.0,0.0,0.0,0.0,0.0,0.0,0.0,0.0,0.0,0.0,0.16,0.0,0.44,0.0,0.0,0.04,0.0,0.0,0.0,0.39,0.0,0.0,0.0,0.04,0.0,0.0,0.0,0.0,0.0,0.0,0.0
AT3G12130,0.555,0.0,0.08,0.0,0.0,0.0,0.0,0.0,0.0,0.0,0.0,0.195,0.0,0.0,0.0,0.0,0.0,0.0,0.0,0.0,0.0,0.0,0.0,0.0,0.0,0.0,0.0,0.0,0.0,0.0,0.0,0.0,0.0,0.015,0.0,0.0,0.0,0.0,0.0,0.0,0.0,0.0,0.0,0.0
AT3G12250,0.32,0.0,0.0,0.0,0.0,0.0,0.0,0.0,0.0,0.0,0.04,0.0,0.0,0.0,0.0,0.16,0.0,0.0,0.005,0.0,0.0,0.0,0.0,0.0,0.0,0.02,0.0,0.0,0.01,0.0,0.0,0.015,0.09,0.0,0.0,0.0,0.0,0.0,0.0,0.005,0.01,0.0,0.0,0.005
AT3G12720,0.0,0.0,0.0,1.0,0.84,0.0,0.44,0.0,0.0,0.0,0.0,0.7,0.0,0.0,0.0,0.35,0.18,0.005,0.0,0.0,0.8,0.0,0.0,0.915,0.0,0.0,0.0,0.0,1.0,0.845,0.98,0.0,0.9,0.98,0.0,0.0,0.0,0.315,0.0,0.0,0.0,0.0,0.0,0.0
AT3G12730,0.59,0.01,0.0,0.0,0.015,0.0,0.0,0.0,0.0,0.0,0.0,0.31,0.0,0.0,0.0,0.0,0.0,0.0,0.13,0.0,0.065,0.0,0.0,0.44,0.0,0.0,0.0,0.0,0.535,0.495,0.01,0.0,0.005,0.0,0.0,0.0,0.0,0.245,0.0,0.0,0.0,0.0,0.0,0.0
AT3G13810,0.04,0.0,0.095,0.0,0.0,0.0,0.0,0.0,0.0,0.0,0.005,0.0,0.0,0.0,0.0,0.0,0.04,0.0,0.01,0.0,0.0,0.0,0.0,0.0,0.0,0.0,0.03,0.0,0.0,0.0,0.0,0.3,0.0,0.0,0.0,0.0,0.0,0.0,0.0,0.005,0.0,0.0,0.0,0.215
AT3G14180,0.0,0.0,0.005,0.0,0.99,0.0,0.0,0.0,0.0,0.0,0.0,0.995,0.0,0.0,0.0,0.0,1.0,0.0,0.0,0.0,0.455,0.0,0.0,0.57,0.0,0.33,0.06,0.0,0.975,0.0,0.97,1.0,0.0,0.0,0.265,0.0,0.0,0.0,0.0,0.0,0.75,0.0,0.995,0.38
AT3G15170,0.0,0.0,0.0,0.0,0.0,0.0,0.0,0.0,0.0,0.0,0.01,0.005,0.0,0.0,0.0,0.0,0.03,0.0,0.0,0.0,0.24,0.0,0.0,0.005,0.0,0.0,0.0,0.0,0.0,0.0,0.0,0.0,0.0,0.0,0.0,0.0,0.0,0.0,0.0,0.0,0.0,0.0,0.0,0.0
AT3G15210,0.98,0.0,0.0,0.0,0.0,0.0,0.45,0.0,0.0,0.0,0.0,0.365,0.0,0.0,0.05,0.0,0.005,0.0,0.0,0.0,0.305,0.0,0.0,0.0,0.005,0.0,0.0,0.0,0.0,0.0,0.0,0.22,0.735,0.0,0.0,0.6,0.07,0.0,0.0,0.0,0.0,0.03,0.745,0.245
AT3G15270,0.175,0.0,0.345,0.355,0.02,0.0,0.0,0.04,0.04,0.0,0.0,0.0,0.01,0.0,0.0,0.0,0.325,0.0,0.68,0.0,0.045,0.0,0.0,0.0,0.0,0.0,0.0,0.0,0.0,0.0,0.0,0.13,0.0,0.365,0.005,0.0,0.0,0.0,0.0,0.0,0.0,0.0,0.0,0.01
AT3G15500,0.0,0.0,0.0,0.0,0.73,0.0,0.865,0.0,0.07,0.0,0.525,0.72,0.0,0.58,0.0,0.0,0.595,0.175,0.0,0.0,0.855,0.0,0.0,0.725,0.0,0.06,0.885,0.0,0.725,0.0,0.995,0.105,0.265,0.015,0.125,0.17,0.81,0.0,0.0,0.77,0.875,0.0,0.32,0.22
AT3G16280,0.0,0.0,0.24,0.0,0.0,0.0,0.015,0.315,0.0,0.0,0.005,0.01,0.0,0.0,0.0,0.0,0.0,0.0,0.0,0.0,0.83,0.905,0.0,0.63,0.0,0.97,0.715,0.0,0.74,0.0,0.73,0.0,0.48,0.0,0.0,0.0,0.13,0.0,0.0,0.0,0.0,0.0,0.185,0.0
AT3G17730,0.04,0.0,0.0,0.0,0.11,0.0,0.0,0.0,0.0,0.0,0.0,0.0,0.0,0.0,0.0,0.0,0.0,0.0,0.0,0.0,0.0,0.0,0.0,0.0,0.0,0.0,0.0,0.0,0.0,0.0,0.0,0.0,0.36,0.0,0.0,0.0,0.23,0.0,0.0,0.0,0.005,0.0,0.0,0.0
AT3G18400,0.0,0.275,0.94,0.0,0.0,0.0,0.015,0.0,0.0,0.575,0.265,0.685,0.0,0.0,0.78,0.0,0.23,0.0,0.0,0.085,0.095,0.0,0.0,0.38,0.355,0.0,0.0,0.0,0.095,0.58,0.28,0.005,0.5,0.0,0.0,0.0,0.0,0.045,0.0,0.35,0.0,0.0,0.0,0.005
AT3G18990,0.675,0.0,0.0,0.375,0.0,0.0,0.0,0.0,0.0,0.0,0.0,0.0,0.0,0.0,0.0,0.0,0.0,0.0,0.0,0.0,0.0,0.0,0.0,0.0,0.0,0.0,0.0,0.0,0.0,0.0,0.0,0.535,0.02,0.0,0.0,0.33,0.005,0.0,0.0,0.09,0.645,0.0,0.365,0.065
AT3G20310,0.475,0.0,0.0,0.0,0.0,0.0,0.0,0.0,0.0,0.0,0.0,0.025,0.0,0.0,0.0,0.0,0.0,0.0,0.0,0.0,0.0,0.0,0.0,0.0,0.0,0.0,0.0,0.0,0.0,0.0,0.0,0.0,0.0,0.0,0.0,0.005,0.0,0.0,0.0,0.005,0.0,0.0,0.0,0.0
AT3G20770,0.0,0.0,0.0,0.0,0.0,0.0,0.0,0.0,0.0,0.0,0.0,0.04,0.0,0.0,0.0,0.115,0.0,0.0,0.03,0.0,0.0,0.0,0.0,0.02,0.0,0.0,0.0,0.0,0.0,0.0,0.0,0.0,0.0,0.0,0.0,0.0,0.0,0.0,0.0,0.0,0.0,0.0,0.0,0.0
AT3G21890,0.04,0.0,0.025,0.0,0.0,0.825,0.065,0.985,1.0,0.51,0.985,0.11,0.02,0.955,0.0,0.6,0.235,0.355,0.925,0.0,0.0,0.99,1.0,0.79,0.0,0.86,0.91,0.0,0.865,0.49,0.885,0.29,0.215,0.72,0.83,0.285,0.44,0.0,0.915,0.81,0.99,1.0,0.76,0.14
AT3G22760,0.945,0.995,1.0,1.0,0.94,0.29,0.87,0.0,0.045,0.0,0.99,0.24,0.0,0.03,0.0,0.095,0.0,0.685,0.0,0.0,0.17,0.0,0.0,0.905,0.0,0.0,0.845,0.0,0.065,0.14,0.83,1.0,0.995,0.115,0.0,0.065,0.99,0.0,0.0,0.995,0.385,0.0,0.65,0.84
AT3G22830,0.35,0.025,0.0,0.99,0.995,0.615,1.0,1.0,0.21,0.72,0.02,0.0,0.0,0.595,0.0,0.075,0.99,0.0,0.0,0.14,0.0,0.035,0.0,0.085,0.83,0.0,1.0,0.005,1.0,0.305,0.775,0.0,0.98,1.0,0.0,0.865,1.0,0.07,0.0,0.0,0.82,0.0,0.695,0.0
AT3G23220,0.0,0.0,0.0,0.0,0.085,0.0,0.0,0.0,0.0,0.0,0.0,0.0,0.0,0.0,0.0,0.0,0.0,0.0,0.0,0.0,0.0,0.0,0.0,0.0,0.0,0.0,0.0,0.0,0.0,0.0,0.0,0.0,0.0,0.0,0.0,0.0,0.0,0.0,0.0,0.0,0.0,0.0,0.0,0.0
AT3G24050,0.0,0.0,0.0,0.0,0.0,0.0,0.0,0.0,0.0,0.0,0.0,0.0,0.0,0.0,0.0,0.0,0.0,0.0,0.095,0.0,0.0,0.0,0.0,0.0,0.0,0.0,0.0,0.0,0.0,0.0,0.0,0.4,0.0,0.0,0.0,0.0,0.0,0.0,0.0,0.0,0.0,0.0,0.0,0.3
AT3G24120,0.67,0.005,0.795,1.0,1.0,0.0,0.015,0.985,0.725,0.0,0.41,1.0,1.0,0.005,0.135,0.985,0.0,0.0,0.005,0.0,1.0,0.0,0.0,1.0,0.0,0.495,0.0,0.0,1.0,0.0,1.0,0.0,1.0,0.0,0.005,0.0,1.0,0.0,0.1,0.995,0.04,0.0,0.0,0.0
AT3G24520,0.0,0.0,0.0,0.0,0.0,0.0,0.0,0.0,0.0,0.0,0.0,0.0,0.0,0.0,0.0,0.0,0.0,0.0,0.0,0.0,0.0,0.0,0.0,0.0,0.0,0.0,0.0,0.0,0.0,0.0,0.0,0.0,0.645,0.0,0.0,0.0,0.34,0.0,0.0,0.0,0.04,0.0,0.375,0.0
AT3G25990,0.41,0.0,0.005,0.365,0.21,0.0,0.0,0.0,0.0,0.0,0.0,0.825,0.0,0.0,0.0,0.0,0.0,0.0,0.0,0.0,0.405,0.0,0.0,0.0,0.0,0.26,0.0,0.0,0.005,0.0,0.0,0.0,0.0,0.015,0.0,0.0,0.0,0.0,0.0,0.0,0.07,0.0,0.0,0.0
AT3G26620,0.0,0.0,0.0,0.0,0.0,0.0,0.0,0.0,0.0,0.0,0.0,0.0,0.0,0.0,0.0,0.0,0.0,0.0,0.0,0.0,0.0,0.0,0.0,0.0,0.0,0.0,0.0,0.0,0.0,0.0,0.0,0.0,0.0,0.0,0.0,0.0,0.0,0.0,0.0,0.0,0.0,0.0,0.0,0.0
AT3G26790,0.135,0.0,0.0,0.025,0.075,0.0,0.165,0.0,0.0,0.0,0.0,0.09,0.0,0.0,0.0,0.0,0.775,0.0,0.27,0.0,0.0,0.0,0.0,0.0,0.015,0.0,0.0,0.0,0.15,0.46,0.015,0.015,0.84,0.0,0.0,0.0,0.0,0.005,0.0,0.0,0.0,0.0,0.0,0.19
AT3G27010,0.0,0.0,0.0,0.04,0.0,0.0,0.0,0.0,0.0,0.0,0.0,0.0,0.0,0.0,0.0,0.0,0.0,0.0,0.31,0.0,0.0,0.0,0.0,0.0,0.0,0.0,0.0,0.0,0.0,0.0,0.0,0.0,0.0,0.0,0.0,0.0,0.0,0.0,0.0,0.0,0.0,0.0,0.0,0.0
AT3G27785,0.0,0.0,0.0,0.0,0.0,0.0,0.0,0.0,0.0,0.0,0.0,0.0,0.0,0.0,0.0,0.0,0.0,0.0,0.0,0.0,0.0,0.0,0.0,0.0,0.0,0.0,0.0,0.0,0.0,0.0,0.0,0.0,0.0,0.0,0.0,0.0,0.0,0.0,0.0,0.0,0.0,0.0,0.0,0.0
AT3G28920,0.275,0.0,0.0,0.2,0.03,0.18,0.0,0.0,0.045,0.0,0.0,0.0,0.095,0.0,0.0,0.0,0.0,0.285,0.04,0.0,0.01,0.0,0.0,0.0,0.0,0.0,0.38,0.0,0.0,0.0,0.0,0.42,0.0,0.0,0.0,0.43,0.07,0.0,0.0,0.82,0.0,0.0,0.04,0.34
AT3G30210,0.0,0.0,0.0,0.0,0.0,0.0,0.0,0.0,0.0,0.0,0.0,0.0,0.0,0.0,0.0,0.0,0.0,0.0,0.0,0.0,0.0,0.0,0.0,0.0,0.2,0.0,0.0,0.0,0.0,0.275,0.0,0.0,0.0,0.0,0.0,0.0,0.0,0.03,0.0,0.0,0.0,0.0,0.0,0.0
AT3G42860,0.045,0.0,0.0,0.065,0.115,0.0,0.0,0.0,0.0,0.0,0.0,0.275,0.0,0.0,0.0,0.0,0.15,0.0,0.005,0.0,0.0,0.0,0.0,0.0,0.0,0.0,0.0,0.0,0.0,0.465,0.0,0.0,0.225,0.0,0.0,0.0,0.065,0.0,0.0,0.0,0.0,0.0,0.0,0.0
AT3G45610,0.555,0.0,0.0,0.005,0.07,0.03,0.385,0.01,0.05,0.0,0.51,0.34,0.16,0.01,0.0,0.0,0.39,0.0,0.0,0.0,0.255,0.0,0.0,0.515,0.04,0.0,0.565,0.0,0.325,0.715,0.015,0.25,0.0,0.0,0.0,0.0,0.02,0.0,0.0,0.0,0.085,0.0,0.085,0.265
AT3G46590,1.0,0.0,0.0,0.0,0.0,0.0,0.0,0.0,0.0,0.0,0.025,0.86,0.0,0.0,0.0,0.57,0.0,0.0,0.005,0.0,0.0,0.0,0.0,1.0,0.0,0.97,0.0,0.0,1.0,0.0,0.0,0.005,0.0,0.0,0.0,0.0,0.0,0.0,0.0,0.0,0.0,0.0,0.0,0.62
AT3G47500,0.315,0.61,0.0,0.015,0.0,0.0,0.0,0.0,0.0,0.0,0.0,0.01,0.0,0.43,0.0,0.795,0.0,0.87,0.095,0.0,0.09,0.945,0.025,0.0,0.0,0.25,0.67,0.0,0.0,0.0,0.0,0.9,0.0,0.22,0.0,0.0,0.105,0.0,0.065,0.72,0.075,0.0,0.18,0.335
AT3G49530,0.065,0.005,0.0,0.0,0.0,0.0,0.24,0.295,0.0,0.0,0.0,0.665,0.0,0.0,0.0,0.0,0.0,0.5,0.0,0.0,0.005,0.0,0.0,0.03,0.0,0.0,0.0,0.0,0.0,0.0,0.0,0.0,0.0,0.11,0.0,0.0,0.0,0.0,0.81,0.89,0.045,0.0,0.12,0.0
AT3G50060,0.63,0.995,0.95,0.34,0.0,0.695,0.605,0.185,0.0,0.0,0.16,0.99,0.0,0.0,0.46,0.525,0.59,0.965,0.62,0.0,0.98,0.0,0.0,0.745,0.0,0.765,0.0,0.0,0.04,0.015,0.955,0.215,0.43,0.03,0.19,0.98,0.755,0.0,1.0,0.85,0.82,0.0,0.74,0.07
AT3G50260,0.0,0.0,0.005,0.005,0.99,0.0,0.72,0.0,0.0,0.0,0.855,0.69,0.0,0.0,0.0,0.085,0.455,0.935,0.0,0.0,0.555,0.455,1.0,0.735,0.0,0.0,0.0,0.0,0.795,0.205,0.36,0.01,0.0,0.0,1.0,0.41,0.0,0.0,0.885,0.845,0.025,0.0,1.0,0.0
AT3G50410,0.365,0.0,0.985,0.085,0.21,0.95,0.14,0.0,0.0,0.0,0.055,0.0,0.0,0.0,0.0,0.235,1.0,0.105,0.055,0.0,1.0,0.005,0.0,0.455,0.945,0.0,0.0,0.0,0.0,0.72,0.0,0.905,0.94,0.535,0.87,0.0,0.975,0.85,0.485,0.34,0.03,0.89,1.0,0.855
AT3G52440,0.0,0.0,0.0,0.9,0.0,0.68,0.0,0.0,0.0,0.0,0.0,0.0,0.0,0.0,0.0,0.0,0.805,0.0,0.0,0.0,0.0,0.0,0.0,0.0,0.0,0.0,0.0,0.0,0.0,0.0,0.0,0.07,0.0,0.0,0.0,0.0,0.0,0.0,0.0,0.0,0.13,0.0,0.0,0.0
AT3G53200,0.0,0.0,0.0,0.195,0.0,0.0,0.0,0.0,0.0,0.075,0.0,0.0,0.0,0.0,0.0,0.0,0.0,0.0,0.0,0.0,0.0,0.0,0.0,0.36,0.16,0.08,0.0,0.025,0.0,0.125,0.045,0.0,0.0,0.0,0.0,0.0,0.0,0.02,0.0,0.0,0.0,0.0,0.0,0.0
AT3G55370,0.15,0.145,0.0,0.015,0.0,0.0,0.0,0.005,0.0,0.0,0.0,0.02,0.49,0.0,0.0,0.0,0.005,0.0,0.45,0.0,0.01,0.0,0.0,0.0,0.0,0.0,0.0,0.0,0.0,0.19,0.0,0.645,0.985,0.0,0.0,0.0,0.0,0.0,0.76,0.0,0.095,0.0,0.055,0.0
AT3G56400,0.76,0.0,0.05,0.0,0.925,0.355,0.0,0.225,0.015,0.0,0.465,0.63,0.725,0.015,0.19,0.0,0.8,0.855,0.0,0.0,0.0,0.99,0.0,0.6,0.0,0.0,0.3,0.055,0.0,0.035,0.26,0.715,0.605,0.0,0.0,0.0,0.73,0.51,0.28,0.115,0.005,0.0,0.01,0.385
AT3G56850,0.0,0.0,0.0,0.005,0.0,0.0,0.0,0.035,0.0,0.0,0.0,0.02,0.0,0.0,0.0,0.0,0.0,0.0,0.0,0.0,0.0,0.0,0.0,0.295,0.0,0.0,0.0,0.0,0.18,0.0,0.0,0.205,0.0,0.0,0.0,0.0,0.0,0.0,0.0,0.0,0.0,0.0,0.0,0.815
AT3G60490,0.0,0.0,0.0,0.17,0.0,0.01,0.0,0.0,0.0,0.0,0.43,0.0,0.0,0.0,0.0,0.0,0.02,0.0,0.0,0.0,0.015,0.0,0.0,0.235,0.01,0.33,0.0,0.0,0.83,0.0,0.11,0.0,0.49,0.0,0.16,0.0,0.335,0.0,0.0,0.0,0.0,0.0,0.0,0.0
AT3G60530,0.0,0.0,0.0,0.0,0.005,0.0,0.0,0.05,0.165,0.0,0.0,0.13,0.245,0.0,0.0,0.005,0.005,0.005,0.0,0.0,0.0,0.0,0.0,0.545,0.0,0.02,0.11,0.0,0.68,0.0,1.0,0.0,0.0,0.14,0.015,0.005,0.0,0.0,0.125,0.18,0.045,0.0,0.0,0.0
AT3G60580,0.0,0.0,0.425,0.12,0.0,0.0,0.0,0.0,0.0,0.0,0.0,0.64,0.0,0.0,0.0,0.0,0.0,0.0,0.0,0.0,0.015,0.0,0.0,0.0,0.0,0.0,0.0,0.0,0.0,0.0,0.005,0.535,0.22,0.0,0.0,0.0,0.03,0.0,0.0,0.01,0.0,0.0,0.0,0.715
AT3G61150,0.0,0.0,0.155,0.12,0.74,0.0,0.0,0.015,0.0,0.0,0.0,0.03,0.0,0.005,0.0,0.185,0.91,0.0,0.0,0.0,0.05,0.0,0.0,0.105,0.0,0.0,0.015,0.0,0.0,0.0,0.0,0.08,0.0,0.165,0.0,0.0,0.0,0.0,0.02,0.0,0.0,0.0,0.6,0.0
AT3G62420,0.0,1.0,0.965,0.0,0.0,0.0,0.0,0.0,0.0,0.0,0.0,0.0,0.0,0.0,0.0,0.04,0.0,0.955,0.71,0.0,0.0,0.0,0.0,0.0,0.0,0.0,0.005,0.0,0.0,0.0,0.0,0.01,0.0,0.0,0.15,0.405,0.0,0.0,0.235,0.99,0.0,0.0,0.015,0.01
AT4G00250,0.475,0.0,0.09,0.86,0.0,0.0,0.0,0.0,0.0,0.0,0.855,0.0,0.0,0.0,0.0,0.0,0.0,0.0,0.0,0.0,0.0,0.0,0.0,0.0,0.0,0.0,0.0,0.0,0.0,0.0,0.0,0.0,0.0,0.375,0.0,0.0,0.0,0.0,0.0,0.0,0.0,0.0,0.0,0.0
AT4G00730,0.12,0.0,0.205,0.0,0.185,0.0,0.0,0.44,0.0,0.0,0.0,0.06,0.925,0.01,0.0,0.02,0.045,0.0,0.025,0.0,0.0,0.0,0.0,0.005,0.0,0.0,0.0,0.0,0.0,0.0,0.185,0.005,0.0,0.0,0.0,0.145,0.0,0.0,0.0,0.0,0.0,0.0,0.0,0.02
AT4G01250,0.12,0.945,0.44,0.89,0.67,0.015,0.765,0.635,0.0,0.0,0.0,0.635,0.925,0.0,1.0,0.21,0.13,0.95,0.295,0.0,0.46,0.0,0.0,0.48,0.0,0.05,0.25,0.0,0.0,0.815,0.38,0.615,0.48,0.4,0.905,0.035,0.06,0.0,0.545,0.605,0.665,0.955,0.42,0.5
AT4G01280,0.415,0.0,0.0,0.0,0.0,0.0,0.0,0.0,0.0,0.0,0.0,0.0,0.0,0.0,0.0,0.205,0.0,0.0,0.0,0.0,0.015,0.01,0.0,0.0,0.0,0.0,0.03,0.0,0.0,0.025,0.0,0.055,0.455,0.0,0.0,0.0,0.165,0.005,0.0,0.0,0.0,0.0,0.0,0.29
AT4G01500,0.0,0.0,0.0,0.0,0.03,0.0,0.0,0.0,0.0,0.0,0.0,0.0,0.0,0.0,0.0,0.0,0.205,0.0,0.0,0.0,0.0,0.0,0.0,0.0,0.0,0.025,0.0,0.0,0.0,0.0,0.0,0.0,0.0,0.065,0.0,0.0,0.0,0.0,0.0,0.0,0.0,0.0,0.0,0.0
AT4G01540,0.0,0.0,0.0,0.0,0.005,0.0,0.0,0.04,0.0,0.0,0.0,0.315,0.155,0.0,0.005,0.0,0.0,0.0,0.495,0.0,0.015,0.0,0.0,0.0,0.0,0.0,0.0,0.0,0.0,0.0,0.015,0.0,0.1,0.0,0.0,0.0,0.0,0.0,0.0,0.065,0.0,0.0,0.0,0.0
AT4G01550,0.345,0.0,0.0,0.0,0.0,0.0,0.0,0.0,0.0,0.0,0.0,0.405,0.0,0.0,0.0,0.0,0.6,0.0,0.0,0.0,0.085,0.0,0.0,0.005,0.0,0.0,0.045,0.0,0.0,0.0,0.0,0.02,0.0,0.0,0.0,0.0,0.0,0.0,0.04,0.0,0.0,0.0,0.01,0.02
AT4G01680,0.53,0.03,0.12,0.0,0.015,0.0,0.0,0.0,0.0,0.0,0.63,0.01,1.0,0.0,0.0,0.23,0.155,0.0,0.08,0.0,0.0,0.0,0.0,0.55,0.0,0.0,0.495,0.0,0.0,0.0,0.1,0.485,0.04,0.0,0.06,0.0,0.0,0.0,0.89,0.0,0.0,0.0,0.595,0.36
AT4G04890,0.0,0.0,0.0,0.0,0.0,0.0,0.0,0.0,0.0,0.0,0.0,0.0,0.0,0.0,0.0,0.0,0.0,0.0,0.0,0.0,0.0,0.0,0.0,0.0,0.0,0.015,0.0,0.0,0.0,0.0,0.0,0.0,0.0,0.0,0.0,0.0,0.0,0.0,0.0,0.0,0.0,0.0,0.0,0.0
AT4G05100,0.0,0.0,0.0,0.0,0.04,0.4,0.265,0.07,0.0,0.0,0.0,0.035,0.0,0.0,0.005,0.0,0.0,0.0,0.0,0.0,0.0,0.0,0.0,0.0,0.005,0.0,0.045,0.0,0.0,0.095,0.0,0.0,0.425,0.0,0.36,0.21,0.795,0.0,0.215,0.005,0.0,0.0,0.0,0.0
AT4G06746,0.0,0.025,0.09,0.125,0.415,0.0,0.0,0.0,0.0,0.0,0.0,0.865,0.0,0.0,0.0,0.075,0.025,0.0,0.125,0.0,0.24,0.0,0.0,0.0,0.0,0.0,0.0,0.0,0.0,0.045,0.0,0.0,0.135,0.18,0.0,0.0,0.05,0.0,0.405,0.0,0.545,0.0,0.11,0.0
AT4G10350,0.0,0.0,0.0,0.82,0.0,0.0,0.0,0.0,0.0,0.0,0.06,0.0,0.0,0.0,0.0,0.01,0.0,0.0,0.0,0.0,0.0,0.0,0.0,0.0,0.0,0.335,0.0,0.0,0.0,0.055,0.0,0.0,0.0,0.325,0.0,0.0,0.0,0.0,0.0,0.0,0.0,0.0,0.0,0.0
AT4G11660,0.86,0.0,0.0,0.03,0.0,0.0,0.005,0.3,0.0,0.0,0.0,0.015,0.0,0.0,0.0,1.0,0.0,0.0,0.755,0.0,0.0,0.0,0.0,0.0,0.0,0.0,0.0,0.0,0.0,0.0,0.0,0.325,0.06,0.0,0.0,0.0,0.0,0.0,0.665,0.0,0.0,0.0,0.0,0.2
AT4G14770,0.015,0.0,0.0,0.045,0.895,0.395,0.0,0.01,0.495,0.0,0.22,0.815,0.0,0.14,0.0,0.99,0.0,0.0,0.995,0.0,0.595,0.0,0.0,0.875,0.0,1.0,0.0,0.0,0.0,0.0,0.43,0.0,0.0,1.0,0.0,0.0,0.16,0.0,0.23,0.0,0.685,0.0,0.275,0.185
AT4G15090,0.0,0.0,0.0,0.0,0.0,0.0,0.0,0.0,0.0,0.0,0.0,0.0,0.0,0.0,0.0,0.0,0.0,0.0,0.0,0.0,0.0,0.0,0.0,0.0,0.0,0.0,0.0,0.0,0.0,0.0,0.0,0.065,0.22,0.0,0.0,0.0,0.0,0.0,0.0,0.0,0.0,0.0,0.0,0.0
AT4G16150,0.755,0.0,0.0,0.0,0.0,0.0,0.0,0.0,0.0,0.0,0.0,0.125,0.0,0.0,0.0,0.0,0.0,0.0,0.005,0.0,0.0,0.0,0.0,0.0,0.0,0.0,0.0,0.0,0.0,0.0,0.015,0.0,0.0,0.0,0.0,0.0,0.0,0.0,0.0,0.0,0.0,0.0,0.0,0.0
AT4G16750,0.925,1.0,1.0,0.61,0.895,0.98,0.86,1.0,0.995,0.345,1.0,0.9,0.83,0.0,0.0,0.995,1.0,0.0,1.0,0.0,0.425,0.0,0.0,0.135,0.51,0.06,0.0,0.025,0.0,0.9,0.57,1.0,0.0,0.915,0.0,0.485,0.33,0.015,0.005,0.765,1.0,0.555,0.96,1.0
AT4G17980,0.0,0.67,0.99,0.0,0.0,0.0,0.0,0.0,0.0,0.0,0.0,0.0,0.0,0.0,0.0,0.0,0.0,0.0,0.0,0.0,0.0,0.0,0.0,0.0,0.0,0.0,0.0,0.0,0.0,0.0,0.985,0.0,0.0,0.0,0.0,0.0,0.0,0.0,0.0,0.0,0.0,0.0,0.0,0.0
AT4G18170,0.525,0.0,0.0,0.0,0.665,0.26,0.005,0.0,0.0,0.0,0.68,0.78,0.0,0.0,0.99,0.065,0.54,0.0,0.965,0.0,0.445,0.0,0.0,0.695,0.0,0.13,0.03,0.0,0.515,0.0,0.32,0.74,0.0,0.015,0.0,0.545,0.0,0.0,0.13,0.595,0.0,0.0,0.425,0.585
AT4G18450,0.0,0.0,0.0,0.0,0.0,0.0,0.0,0.0,0.01,0.0,0.0,0.0,0.0,0.0,0.0,0.0,0.0,0.0,0.0,0.0,0.0,0.0,0.0,0.0,0.0,0.0,0.0,0.0,0.0,0.0,0.0,0.0,0.0,0.0,0.0,0.0,0.0,0.0,0.0,0.0,0.0,0.0,0.0,0.0
AT4G18770,0.0,0.0,0.0,0.14,0.185,0.01,0.0,0.0,0.0,0.0,0.0,0.07,0.0,0.0,0.0,0.0,0.84,0.0,0.0,0.0,0.005,0.0,0.0,0.0,0.0,0.0,0.0,0.0,0.0,0.0,0.0,0.0,0.0,0.0,0.0,0.0,0.0,0.0,0.0,0.0,0.31,0.0,0.0,0.0
AT4G18880,0.0,0.0,0.0,0.0,0.0,0.0,0.13,0.13,0.0,0.0,0.14,0.88,0.0,0.0,0.0,0.0,0.0,0.0,0.245,0.0,0.0,0.0,0.0,0.0,0.0,0.0,0.0,0.0,0.0,0.0,0.0,0.0,0.0,0.0,0.0,0.0,0.0,0.0,0.0,0.0,0.0,0.0,0.0,0.0
AT4G18890,0.005,0.0,0.0,0.0,0.0,0.0,0.0,0.015,0.0,0.0,0.0,0.47,0.0,0.0,0.0,0.0,0.0,0.0,0.0,0.0,0.0,0.0,0.0,0.09,0.0,0.0,0.0,0.0,0.0,0.0,0.0,0.0,0.0,0.0,0.0,0.0,0.0,0.0,0.0,0.0,0.0,0.0,0.035,0.0
AT4G21030,0.0,0.0,0.0,0.0,0.0,0.0,0.0,0.0,0.0,0.0,0.0,0.0,0.0,0.0,0.0,0.0,0.0,0.0,0.0,0.0,0.0,0.0,0.0,0.0,0.0,0.0,0.0,0.0,0.0,0.0,0.0,0.0,0.0,0.0,0.0,0.0,0.0,0.0,0.0,0.0,0.0,0.0,0.0,0.0
AT4G21040,0.0,0.0,0.0,0.0,0.0,0.0,0.0,0.0,0.0,0.0,0.0,0.0,0.0,0.0,0.0,0.0,0.0,0.0,0.0,0.0,0.0,0.0,0.0,0.0,0.0,0.0,0.0,0.0,0.0,0.0,0.0,0.0,0.0,0.0,0.0,0.0,0.0,0.0,0.0,0.0,0.0,0.0,0.0,0.0
AT4G21080,0.005,0.0,0.0,0.0,0.0,0.0,0.0,0.0,0.0,0.0,0.0,0.0,0.0,0.0,0.0,0.0,0.0,0.0,0.0,0.0,0.0,0.0,0.0,0.0,0.0,0.0,0.0,0.0,0.0,0.0,0.0,0.0,0.0,0.0,0.0,0.0,0.0,0.0,0.0,0.0,0.0,0.0,0.005,0.0
AT4G22070,0.0,0.085,0.0,0.0,0.315,0.0,0.0,0.0,0.0,0.0,0.66,0.0,0.0,0.0,0.0,0.0,0.38,0.0,0.0,0.0,0.1,0.0,0.0,0.0,0.0,0.17,0.0,0.0,0.33,0.65,0.0,0.0,0.42,0.03,0.0,0.0,0.12,0.0,0.0,0.0,0.0,0.0,0.0,0.0
AT4G23550,0.295,0.465,0.0,0.0,0.0,0.0,0.0,0.27,0.0,0.0,0.34,0.0,0.0,0.01,0.415,0.16,0.03,0.0,0.915,0.0,0.0,0.0,0.0,0.485,0.0,0.03,0.0,0.0,0.215,0.105,0.0,0.055,0.305,0.0,0.04,0.0,0.0,0.08,0.09,0.0,0.0,0.0,0.0,0.615
AT4G24020,0.0,0.0,0.0,0.0,0.0,0.0,0.0,0.0,0.0,0.0,0.0,0.025,0.0,0.0,0.0,0.0,0.0,0.0,0.0,0.0,0.0,0.0,0.0,0.02,0.0,0.0,0.0,0.0,0.045,0.0,0.0,0.0,0.0,0.0,0.0,0.0,0.0,0.0,0.0,0.0,0.0,0.0,0.0,0.0
AT4G24240,0.075,0.0,0.095,0.025,0.0,0.0,0.0,0.065,0.0,0.0,0.0,0.0,0.0,0.0,0.0,0.0,0.005,0.0,0.0,0.0,0.0,0.0,0.0,0.0,0.0,0.0,0.0,0.0,0.0,0.0,0.0,0.0,0.0,0.14,0.0,0.0,0.0,0.0,0.0,0.0,0.0,0.0,0.045,0.0
AT4G25470,0.0,0.98,0.91,0.63,0.985,0.0,0.285,0.85,0.0,0.0,0.0,0.205,0.44,0.0,0.0,0.0,0.995,0.0,0.0,0.0,0.0,0.0,0.0,0.91,0.0,0.0,0.005,0.0,0.0,0.0,0.0,0.895,0.9,0.755,0.0,0.0,0.035,0.0,0.0,0.0,0.785,0.0,0.0,0.515
AT4G25480,0.065,0.025,0.035,0.38,0.69,0.175,0.06,0.84,0.925,0.0,0.0,0.0,0.375,0.035,0.0,0.0,0.485,0.015,0.0,0.0,0.0,0.545,0.655,0.01,0.0,0.0,0.41,0.0,0.0,0.0,0.015,0.345,0.55,0.03,0.0,0.0,0.075,0.0,0.0,0.685,0.41,0.0,0.0,0.025
AT4G25490,0.0,0.015,0.0,0.71,0.875,0.0,0.285,0.44,0.37,0.0,0.0,0.27,0.065,0.0,0.0,0.0,0.645,0.0,0.0,0.0,0.93,0.0,0.75,0.32,0.0,0.0,0.2,0.0,0.075,0.0,0.25,0.25,0.285,0.23,0.0,0.0,0.0,0.0,0.1,0.0,0.415,0.0,0.43,0.185
AT4G26030,0.0,0.0,0.0,0.0,0.0,0.0,0.0,0.0,0.0,0.0,0.0,0.0,0.0,0.0,0.0,0.0,0.02,0.0,0.0,0.0,0.0,0.0,0.0,0.0,0.0,0.0,0.0,0.0,0.0,0.0,0.0,0.0,0.0,0.0,0.0,0.0,0.0,0.0,0.0,0.0,0.0,0.0,0.0,0.0
AT4G26640,0.0,0.0,0.0,0.0,0.0,0.0,0.0,0.0,0.0,0.0,0.0,0.0,0.0,0.0,0.0,0.0,0.0,0.0,0.0,0.0,0.0,0.0,0.0,0.0,0.0,0.0,0.0,0.0,0.0,0.0,0.0,0.0,0.0,0.0,0.0,0.0,0.0,0.0,0.0,0.0,0.0,0.0,0.0,0.0
AT4G27950,0.0,0.315,0.695,0.0,0.015,0.0,0.0,0.04,0.0,0.0,0.0,0.135,0.0,0.0,0.0,0.0,0.32,0.0,0.0,0.0,0.0,0.0,0.0,0.0,0.0,0.0,0.005,0.0,0.0,0.015,0.0,0.015,0.0,0.0,0.0,0.0,0.0,0.0,0.06,0.0,0.0,0.0,0.005,0.135
AT4G28500,0.36,0.0,0.0,0.0,0.0,0.0,0.0,0.0,0.0,0.0,0.0,0.0,0.0,0.0,0.0,0.0,0.0,0.0,0.0,0.0,0.0,0.0,0.0,0.0,0.0,0.0,0.0,0.0,0.0,0.0,0.0,0.0,0.0,0.0,0.0,0.0,0.0,0.0,0.0,0.0,0.0,0.0,0.0,0.0
AT4G29230,0.0,0.0,0.0,0.0,0.0,0.0,0.0,0.0,0.0,0.0,0.0,0.04,0.0,0.0,0.0,0.0,0.0,0.0,0.005,0.0,0.005,0.0,0.0,0.0,0.0,0.0,0.005,0.0,0.0,0.0,0.0,0.0,0.065,0.0,0.0,0.075,0.0,0.0,0.0,0.0,0.0,0.0,0.0,0.0
AT4G31060,0.0,0.0,0.0,0.0,0.0,0.005,0.0,0.0,0.0,0.0,0.0,0.705,0.0,0.0,0.0,0.0,0.0,0.0,0.03,0.0,0.0,0.0,0.0,0.0,0.0,0.125,0.25,0.0,0.16,0.0,0.0,0.16,0.0,0.0,0.025,0.0,0.0,0.0,0.0,0.0,0.0,0.0,0.0,0.125
AT4G31800,0.485,0.97,1.0,1.0,0.915,1.0,0.92,0.96,0.0,0.0,0.235,0.8,0.0,0.18,0.95,0.555,0.905,1.0,0.825,0.0,0.96,1.0,0.26,0.23,0.0,0.52,0.375,0.0,0.805,0.015,0.115,0.0,1.0,0.95,0.99,0.08,0.95,0.0,0.99,0.945,0.0,1.0,0.0,0.0
AT4G32730,0.68,0.0,0.0,0.0,0.0,0.0,0.0,0.0,0.0,0.0,0.0,0.33,0.0,0.0,0.0,0.0,0.005,0.0,0.0,0.0,0.025,0.0,0.0,0.0,0.0,0.0,0.0,0.0,0.0,0.0,0.0,0.07,0.245,0.155,0.0,0.0,0.145,0.0,0.0,0.0,0.0,0.0,0.165,0.105
AT4G32800,0.26,0.475,0.0,0.0,0.17,0.05,0.0,0.45,0.0,0.0,0.0,0.83,0.0,0.0,0.0,0.0,0.505,0.775,0.13,0.0,0.39,0.165,0.0,0.955,0.0,0.0,0.0,0.0,0.005,0.0,0.03,0.855,0.975,0.025,0.055,0.075,0.825,0.0,0.26,0.105,0.0,0.0,0.0,0.275
AT4G34410,0.0,0.0,0.0,0.185,0.0,0.0,0.59,0.0,0.0,0.0,0.0,0.09,0.0,0.0,0.0,0.0,0.0,0.0,0.0,0.0,0.0,0.0,0.0,0.0,0.0,0.0,0.0,0.0,0.0,0.0,0.0,0.0,0.0,0.0,0.0,0.0,0.0,0.0,0.095,0.0,0.0,0.0,0.0,0.0
AT4G34590,0.485,0.0,0.0,0.99,0.0,0.57,0.0,0.28,0.01,0.0,0.995,0.22,0.99,0.905,0.0,0.16,0.0,0.605,0.0,0.0,0.535,0.0,0.005,0.955,0.72,0.995,0.0,0.95,0.88,0.835,0.78,0.81,0.0,0.93,0.43,0.0,0.0,0.965,0.96,0.0,0.66,0.0,0.48,0.03
AT4G36160,0.0,0.0,0.0,0.01,0.11,0.045,0.0,0.0,0.0,0.0,0.0,0.005,0.0,0.0,0.0,0.0,0.0,0.0,0.0,0.0,0.07,0.0,0.0,0.0,0.0,0.0,0.0,0.0,0.0,0.0,0.175,0.0,0.005,0.0,0.0,0.005,0.0,0.0,0.005,0.0,0.0,0.0,0.04,0.0
AT4G36620,0.0,0.0,0.0,0.0,0.0,0.0,0.0,0.0,0.0,0.0,0.0,0.0,0.0,0.0,0.0,0.0,0.0,0.0,0.0,0.0,0.0,0.0,0.0,0.0,0.0,0.0,0.0,0.0,0.0,0.0,0.0,0.0,0.0,0.0,0.0,0.0,0.0,0.0,0.0,0.0,0.0,0.0,0.0,0.0
AT4G36740,0.0,0.0,0.0,0.67,0.0,0.005,0.0,0.985,0.0,0.275,0.0,0.06,0.0,0.0,0.0,0.0,0.0,0.0,0.0,0.8,0.0,0.0,0.0,0.0,0.995,0.17,0.11,0.0,0.03,0.98,0.0,0.78,0.495,1.0,0.0,0.0,0.385,0.035,0.0,0.0,0.065,0.0,0.0,0.55
AT4G36780,0.9,0.04,0.555,0.0,0.0,0.0,0.0,0.0,0.0,0.0,0.315,0.425,0.0,0.0,0.0,0.0,0.0,0.0,0.1,0.0,0.0,0.0,0.0,0.115,0.0,0.295,0.62,0.0,0.015,0.0,0.105,0.11,0.02,0.0,0.005,0.0,0.0,0.0,0.275,0.56,0.0,0.0,0.0,0.02
AT4G37180,0.48,0.005,0.425,0.0,0.0,0.0,0.82,0.0,0.0,0.0,0.545,0.715,0.545,0.97,0.0,0.15,0.92,0.96,0.755,0.0,0.0,0.0,0.0,0.02,0.0,0.155,0.035,0.0,0.345,0.0,0.0,0.0,0.67,0.0,0.0,0.535,0.695,0.0,0.0,0.36,0.66,0.0,0.015,0.0
AT4G37260,0.83,0.225,0.0,0.0,0.625,0.0,0.115,0.385,0.005,0.0,0.01,0.99,0.005,0.25,0.695,0.035,0.655,0.045,0.41,0.0,0.8,0.37,0.0,0.355,0.0,0.0,0.27,0.0,0.235,0.075,0.025,0.48,0.45,0.02,0.085,0.12,0.345,0.01,0.0,0.72,0.0,0.05,0.0,0.445
AT4G38000,0.0,0.0,0.0,0.31,0.815,0.0,0.0,0.0,0.0,0.0,0.0,0.0,0.0,0.0,0.0,0.0,0.0,0.0,0.0,0.0,0.12,0.0,0.0,0.0,0.0,0.0,0.0,0.0,0.0,0.0,0.0,0.0,0.0,0.0,0.0,0.17,0.005,0.0,0.0,0.0,0.0,0.0,0.0,0.0
AT4G38170,0.58,0.0,0.0,0.0,0.0,0.0,0.0,0.0,0.0,0.0,0.0,0.45,0.0,0.0,0.0,0.46,0.0,0.0,0.0,0.0,0.0,0.0,0.0,0.79,0.0,0.0,0.01,0.0,0.005,0.0,0.0,0.7,1.0,1.0,0.0,0.75,1.0,0.0,0.0,0.0,0.0,0.0,0.0,0.25
AT5G01380,0.0,0.405,0.18,0.14,0.77,0.11,0.0,0.0,0.0,0.0,0.0,0.72,0.0,0.0,0.0,0.0,0.0,0.0,0.0,0.0,0.295,0.0,0.0,0.1,0.0,0.0,0.0,0.0,0.0,0.0,0.05,0.175,0.03,0.025,1.0,0.3,0.0,0.0,0.0,0.0,0.0,0.0,0.0,0.095
AT5G02320,0.0,0.0,0.0,0.85,0.0,0.0,0.0,0.005,0.0,0.0,0.0,0.005,0.0,0.0,0.0,0.0,0.0,0.0,0.0,0.0,0.0,0.0,0.0,0.685,0.0,0.0,0.0,0.0,0.0,0.0,0.01,0.495,0.75,0.33,0.0,0.0,0.4,0.0,0.0,0.0,0.0,0.0,0.0,0.0
AT5G02460,0.0,0.0,0.0,0.36,0.06,0.03,0.0,0.125,0.0,0.0,0.0,0.01,0.0,0.0,0.0,0.0,0.0,0.0,0.0,0.0,0.0,0.0,0.0,0.01,0.0,0.02,0.295,0.0,0.0,0.0,0.0,0.565,0.29,0.0,0.0,0.0,0.5,0.0,0.005,0.0,0.03,0.0,0.15,0.02
AT5G02840,0.0,0.0,0.0,0.0,0.0,0.0,0.0,0.0,0.0,0.0,0.015,0.0,0.0,0.0,0.0,0.0,0.0,0.0,0.06,0.0,0.0,0.0,0.0,0.295,0.0,0.025,0.14,0.0,0.26,0.0,0.25,0.28,0.065,0.0,0.0,0.0,0.0,0.0,0.0,0.0,0.0,0.0,0.0,0.085
AT5G03150,0.37,0.085,0.04,0.0,0.075,0.0,0.0,0.0,0.015,0.0,0.0,0.0,0.0,0.0,0.07,0.28,0.005,0.0,0.0,0.0,0.0,0.0,0.0,0.305,0.0,0.005,0.0,0.0,0.345,0.0,0.125,0.0,0.0,0.0,0.0,0.0,0.0,0.0,0.0,0.0,0.02,0.0,0.0,0.0
AT5G03790,0.275,0.0,0.07,0.115,0.0,0.015,0.02,0.0,0.0,0.015,0.3,0.0,0.0,0.0,0.0,0.35,0.03,0.0,0.0,0.0,0.21,0.0,0.0,0.155,0.0,0.325,0.78,0.0,0.37,0.525,0.01,0.0,0.0,0.06,0.0,0.0,0.0,0.0,0.0,0.0,0.0,0.0,0.0,0.0
AT5G04390,0.295,0.005,0.655,0.06,0.0,0.0,0.0,0.0,0.0,0.0,0.115,0.0,0.0,0.0,0.0,0.0,0.93,0.0,0.0,0.0,0.0,0.0,0.0,0.0,0.0,0.0,0.93,0.0,0.0,0.0,0.0,0.0,0.06,0.0,0.0,0.03,0.39,0.0,0.0,0.0,0.0,0.0,0.0,0.0
AT5G04410,0.235,0.0,0.15,0.01,0.0,0.0,0.035,0.0,0.01,0.0,0.0,0.145,0.0,0.0,0.0,0.68,0.0,0.0,0.0,0.0,0.01,0.0,0.0,0.0,0.0,0.0,0.0,0.0,0.0,0.0,0.0,0.4,0.0,0.0,0.0,0.015,0.0,0.0,0.0,0.0,0.0,0.0,0.0,0.415
AT5G05550,1.0,0.995,1.0,1.0,1.0,1.0,0.0,1.0,1.0,0.0,1.0,0.94,0.0,0.0,0.0,0.745,0.87,0.23,0.47,0.0,0.985,0.0,0.0,1.0,0.0,1.0,1.0,0.0,1.0,0.0,1.0,0.0,1.0,1.0,0.99,0.43,0.0,0.0,0.885,0.0,1.0,0.0,0.0,0.98
AT5G05790,0.185,0.0,0.01,0.02,0.0,0.0,0.0,0.355,0.0,0.0,0.0,0.585,1.0,0.0,0.0,0.0,0.0,0.0,0.875,0.0,0.0,0.0,0.0,0.0,0.0,0.0,0.01,0.0,0.0,0.0,0.195,0.025,0.055,0.0,0.0,0.0,0.0,0.0,0.0,0.0,0.0,0.0,0.13,0.205
AT5G06100,0.365,0.0,0.0,0.05,0.02,0.02,0.0,0.01,1.0,0.0,0.285,0.0,0.0,0.0,0.0,0.01,0.01,0.0,0.0,0.0,0.21,0.0,0.0,0.42,0.0,0.33,0.005,0.0,0.12,0.0,0.095,0.06,0.615,0.395,0.0,0.0,0.11,0.0,0.0,0.0,0.0,0.0,0.0,0.055
AT5G06839,0.0,0.0,0.0,0.0,0.0,0.0,0.0,0.0,0.0,0.0,0.035,0.0,0.0,0.0,0.0,0.0,0.01,0.0,0.0,0.0,0.0,0.0,0.0,0.0,0.0,0.0,0.0,0.0,0.0,0.0,0.0,0.0,0.0,0.0,0.0,0.0,0.0,0.0,0.0,0.0,0.0,0.0,0.0,0.0
AT5G06950,0.435,0.0,0.0,0.0,0.0,0.0,0.0,0.0,0.0,0.0,0.0,0.0,0.0,0.0,0.0,0.0,0.0,0.0,0.0,0.0,0.0,0.0,0.0,0.0,0.0,0.0,0.0,0.0,0.0,0.0,0.0,0.0,0.005,0.0,0.0,0.0,0.0,0.0,0.04,0.0,0.0,0.0,0.0,0.0
AT5G06960,0.35,0.0,0.0,0.0,0.0,0.0,0.0,0.0,0.0,0.0,0.0,0.03,0.0,0.0,0.0,0.065,0.0,0.0,0.0,0.0,0.005,0.0,0.0,0.0,0.0,0.0,0.0,0.0,0.0,0.0,0.0,0.015,0.0,0.0,0.0,0.0,0.0,0.0,0.0,0.0,0.0,0.0,0.0,0.005
AT5G07310,0.0,0.0,0.0,0.975,0.46,0.98,0.0,0.0,0.0,0.0,0.0,0.54,0.0,0.0,0.0,0.0,0.525,0.0,0.0,0.0,0.0,0.005,0.0,0.665,0.0,0.0,0.0,0.0,0.0,0.0,0.0,0.0,0.09,0.41,0.0,0.11,0.125,0.0,0.0,0.0,0.0,0.0,0.0,0.0
AT5G07680,0.0,0.0,0.0,0.01,0.0,0.0,0.0,0.0,0.0,0.0,0.0,0.0,0.0,0.0,0.0,0.0,0.005,0.0,0.33,0.0,0.0,0.0,0.0,0.0,0.0,0.0,0.0,0.0,0.0,0.0,0.0,0.0,0.0,0.0,0.0,0.0,0.0,0.0,0.005,0.0,0.0,0.0,0.0,0.0
AT5G08130,0.0,0.0,0.33,0.005,0.02,0.0,0.0,0.0,0.0,0.0,0.0,0.0,0.0,0.0,0.0,0.0,0.01,0.0,0.045,0.0,0.0,0.0,0.0,0.0,0.0,0.0,0.0,0.0,0.0,0.0,0.0,0.01,0.0,0.0,0.0,0.0,0.0,0.0,0.0,0.0,0.0,0.0,0.0,0.025
AT5G08330,0.0,0.325,0.325,0.545,0.05,0.0,0.0,0.05,0.0,0.0,0.205,0.31,0.57,0.0,0.0,0.0,0.005,0.025,0.72,0.0,0.0,0.005,0.0,0.235,0.0,0.0,0.03,0.0,0.22,0.0,0.095,0.0,0.165,0.005,0.01,0.0,0.01,0.0,0.075,0.0,0.0,0.0,0.85,0.0
AT5G08520,0.075,0.055,0.0,0.22,0.0,0.805,0.0,0.0,0.005,0.0,0.325,0.0,0.0,0.0,0.0,0.145,0.0,0.0,0.025,0.0,0.0,0.095,0.0,0.255,0.0,0.155,0.0,0.0,0.41,0.0,0.705,0.0,0.0,0.005,0.13,0.0,0.0,0.0,0.005,0.65,0.145,0.015,0.01,0.0
AT5G08750,0.025,0.0,0.0,0.0,0.0,0.0,0.0,0.0,0.0,0.0,0.0,0.0,0.0,0.0,0.0,0.0,0.0,0.0,0.0,0.0,0.0,0.0,0.0,0.0,0.0,0.0,0.0,0.0,0.0,0.0,0.0,0.0,0.0,0.0,0.0,0.0,0.0,0.0,0.0,0.0,0.0,0.0,0.0,0.0
AT5G09410,0.255,0.0,0.005,0.0,0.08,0.0,0.0,0.0,0.0,0.0,0.035,0.0,0.0,0.0,0.0,0.0,0.19,0.02,0.84,0.0,0.0,0.0,0.0,0.12,0.0,0.055,0.0,0.0,0.065,0.0,0.055,0.11,0.0,0.0,0.0,0.0,0.0,0.0,0.005,0.0,0.0,0.0,0.0,0.44
AT5G10030,0.0,0.085,0.625,0.085,0.0,0.01,0.0,0.0,0.0,0.0,0.01,0.0,0.005,0.0,0.0,0.2,0.0,0.0,0.675,0.0,0.0,0.0,0.0,0.0,0.0,0.0,0.0,0.0,0.0,0.0,0.0,0.0,0.015,0.015,0.025,0.0,0.0,0.0,0.0,0.0,0.0,0.0,0.03,0.0
AT5G10510,0.0,0.0,0.0,0.0,0.0,0.0,0.0,0.0,0.0,0.0,0.0,0.0,0.0,0.0,0.0,0.0,0.0,0.0,0.0,0.0,0.0,0.0,0.0,0.0,0.0,0.0,0.0,0.0,0.0,0.0,0.0,0.0,0.0,0.0,0.0,0.0,0.0,0.0,0.0,0.0,0.0,0.0,0.0,0.0
AT5G11260,0.63,0.0,0.0,0.0,0.0,0.0,0.02,0.0,0.86,0.0,0.98,0.375,0.0,0.0,0.0,0.805,0.18,0.0,0.975,0.0,0.73,0.045,0.0,0.715,0.0,0.9,0.995,0.0,0.805,0.0,0.49,0.34,0.0,0.11,0.0,0.36,0.0,0.0,0.055,0.0,0.235,0.0,0.105,0.895
AT5G11510,0.475,0.0,0.0,0.305,0.51,0.005,0.0,0.0,0.0,0.0,0.0,0.115,0.0,0.0,0.0,0.0,0.0,0.0,0.0,0.0,0.155,0.0,0.0,0.9,0.0,0.0,0.0,0.0,0.0,0.0,0.0,0.0,0.045,0.525,0.0,0.005,0.005,0.0,0.0,0.0,0.01,0.0,0.0,0.01
AT5G13080,0.0,0.635,0.41,0.0,1.0,0.665,0.015,0.0,1.0,1.0,1.0,0.795,0.0,0.0,0.0,0.125,0.985,0.255,0.0,0.795,0.995,0.985,0.0,0.995,0.975,0.86,0.175,0.01,0.985,0.84,0.995,0.89,0.0,1.0,0.0,0.58,0.92,0.72,0.0,0.25,1.0,0.0,0.0,0.765
AT5G13180,0.065,0.005,0.0,0.0,0.0,0.0,0.0,0.0,0.0,0.0,0.0,0.02,0.695,0.5,0.385,0.0,0.01,0.0,0.0,0.0,0.08,0.0,0.0,0.0,0.0,0.0,0.17,0.0,0.005,0.0,0.0,0.32,0.0,0.0,0.0,0.0,0.0,0.0,0.0,0.0,0.0,0.13,0.0,0.17
AT5G13790,0.0,0.0,0.005,0.0,0.02,0.0,0.0,0.0,0.0,0.0,0.0,0.0,0.0,0.0,0.0,0.0,0.0,0.0,0.0,0.0,0.0,0.0,0.0,0.0,0.0,0.0,0.0,0.0,0.0,0.0,0.0,0.005,0.01,0.0,0.0,0.0,0.0,0.0,0.0,0.0,0.0,0.0,0.0,0.0
AT5G13910,0.0,0.0,0.0,0.0,0.0,0.0,0.0,0.0,0.0,0.0,0.0,0.0,0.0,0.0,0.0,0.0,0.025,0.0,0.0,0.0,0.0,0.0,0.0,0.0,0.0,0.0,0.0,0.0,0.0,0.0,0.0,0.0,0.0,0.0,0.0,0.0,0.0,0.0,0.0,0.0,0.01,0.0,0.0,0.0
AT5G14960,0.0,0.0,0.0,0.0,0.0,0.0,0.0,0.0,0.0,0.0,0.0,0.8,0.0,0.0,0.0,0.0,0.0,0.0,0.0,0.0,0.0,0.0,0.0,0.0,0.0,0.0,0.08,0.0,0.0,0.0,0.0,0.935,0.0,0.0,0.0,0.0,0.0,0.0,0.0,0.0,0.03,0.0,0.0,0.0
AT5G15830,0.0,0.0,0.93,0.465,0.615,0.0,0.0,0.1,0.0,0.0,0.01,0.0,0.495,0.985,0.95,0.0,0.405,0.0,0.0,0.0,0.0,1.0,0.0,0.0,0.0,0.0,0.95,0.45,0.0,0.78,0.17,0.03,0.14,0.7,0.605,0.065,0.005,0.02,0.0,0.18,0.0,0.0,0.01,0.085
AT5G16820,0.86,0.345,0.995,0.325,0.07,0.985,0.0,0.0,0.67,0.0,1.0,1.0,0.0,0.035,0.0,0.0,0.735,0.0,0.585,0.0,0.0,0.0,0.0,0.995,0.0,1.0,0.0,0.0,0.985,0.0,0.0,0.57,0.41,0.005,0.98,0.0,0.0,0.0,0.98,0.075,1.0,0.0,0.98,1.0
AT5G17300,0.07,0.045,0.325,0.365,0.665,0.465,0.6,0.015,0.38,0.0,0.005,0.27,0.375,0.665,0.445,0.125,0.99,0.105,0.345,0.0,0.33,0.29,0.0,0.0,0.005,0.0,0.64,0.0,0.0,0.0,0.01,0.675,0.25,0.52,0.0,0.03,0.05,0.0,0.045,0.0,0.615,0.0,0.825,0.225
AT5G17800,0.005,0.0,0.0,0.0,0.0,0.0,0.0,0.0,0.0,0.0,0.045,0.0,0.0,0.0,0.0,0.0,0.0,0.0,0.0,0.0,0.13,0.0,0.0,0.08,0.0,0.0,0.0,0.0,0.1,0.0,0.005,0.0,0.0,0.0,0.0,0.0,0.0,0.0,0.0,0.0,0.0,0.0,0.0,0.0
AT5G18270,0.0,0.0,0.0,0.38,0.0,0.0,0.0,0.0,0.005,0.0,0.005,0.85,0.04,0.0,0.0,0.0,0.1,0.0,0.0,0.0,0.06,0.0,0.0,0.0,0.0,0.0,0.0,0.0,0.005,0.0,0.0,0.0,0.0,0.0,0.0,0.01,0.0,0.0,0.0,0.35,0.0,0.0,0.0,0.0
AT5G18450,0.0,0.0,0.0,0.62,0.0,0.0,0.0,0.0,0.0,0.0,0.0,0.0,0.0,0.0,0.0,0.0,0.0,0.0,0.0,0.0,0.0,0.0,0.0,0.0,0.275,0.0,0.0,0.0,0.0,0.31,0.0,0.0,0.0,0.0,0.0,0.0,0.0,0.015,0.0,0.0,0.0,0.0,0.0,0.0
AT5G18560,0.0,0.09,0.0,0.0,0.0,0.0,0.0,0.0,0.0,0.0,0.0,0.0,0.0,0.0,0.0,0.0,0.0,0.0,0.0,0.0,0.0,0.0,0.0,0.115,0.0,0.0,0.0,0.0,0.475,0.005,0.0,0.0,0.0,0.0,0.0,0.0,0.0,0.0,0.0,0.0,0.0,0.0,0.0,0.0
AT5G19790,0.0,0.965,0.0,0.0,0.0,0.0,0.0,0.0,0.0,0.0,0.98,0.0,0.0,0.0,0.0,0.0,0.0,0.0,0.0,0.0,0.0,0.0,0.0,0.985,0.0,0.175,0.125,0.0,0.995,0.03,0.995,0.89,0.03,0.045,0.0,0.0,0.0,0.0,0.0,0.0,0.205,0.0,0.0,1.0
AT5G22990,0.0,0.0,0.0,0.0,0.0,0.0,0.0,0.0,0.0,0.0,0.0,0.0,0.0,0.0,0.0,0.0,0.0,0.0,0.0,0.0,0.0,0.0,0.0,0.0,0.0,0.0,0.0,0.0,0.0,0.0,0.0,0.0,0.0,0.9,0.0,0.0,0.0,0.0,0.0,0.0,0.0,0.0,0.0,0.0
AT5G23280,0.0,0.0,0.0,0.0,0.01,0.0,0.0,0.0,0.0,0.0,0.0,0.005,0.0,0.0,0.0,0.0,0.16,0.0,0.0,0.0,0.0,0.0,0.0,0.0,0.0,0.0,0.0,0.0,0.0,0.0,0.0,0.19,0.0,0.0,0.0,0.49,0.0,0.0,0.0,0.0,0.0,0.01,0.035,0.025
AT5G23930,0.0,0.0,0.0,0.1,0.075,0.0,0.165,0.0,0.0,0.0,0.0,0.3,0.0,0.0,0.0,0.0,0.21,0.0,0.0,0.0,0.0,0.0,0.0,0.0,0.0,0.0,0.005,0.0,0.0,0.0,0.0,0.0,0.0,0.02,0.0,0.0,0.055,0.0,0.0,0.0,0.0,0.0,0.0,0.0
AT5G24110,0.0,0.0,0.0,0.96,0.0,0.125,0.0,0.0,0.14,0.0,0.0,0.0,0.01,0.0,0.0,0.0,0.575,0.0,0.71,0.0,0.465,0.0,0.03,0.01,0.0,0.0,0.345,0.0,0.005,0.0,0.46,0.295,0.715,0.015,0.17,0.0,0.305,0.0,0.0,0.0,0.03,0.0,0.0,0.3
AT5G25190,0.735,0.77,0.64,0.67,0.865,0.0,0.39,0.085,0.0,0.0,0.0,0.0,0.95,0.87,0.0,0.0,0.155,0.995,0.725,0.0,0.0,0.0,0.05,0.26,0.0,0.0,0.495,0.0,0.0,0.0,0.14,0.325,0.0,0.365,0.935,0.0,0.0,0.0,0.98,0.325,0.05,0.995,0.825,0.345
AT5G25810,0.095,0.015,0.06,0.0,0.0,0.0,0.0,0.0,0.005,0.0,0.0,0.0,0.0,0.0,0.0,0.0,0.0,0.0,0.0,0.0,0.0,0.0,0.0,0.02,0.0,0.0,0.0,0.0,0.0,0.0,0.09,0.0,0.0,0.0,0.0,0.0,0.0,0.0,0.15,0.0,0.06,0.0,0.01,0.0
AT5G26170,0.0,0.0,0.305,0.865,0.97,0.18,0.0,0.0,0.505,0.0,0.0,0.7,0.145,0.065,0.505,0.0,0.92,0.96,0.0,0.0,0.955,0.065,0.0,0.0,0.0,0.0,0.0,0.0,0.0,0.0,0.0,0.0,0.0,0.0,0.0,0.0,0.0,0.0,0.0,0.0,0.0,0.03,0.0,0.0
AT5G29000,0.03,0.0,0.0,0.0,0.0,0.0,0.0,0.0,0.0,0.0,0.0,0.405,0.0,0.0,0.0,0.755,0.025,0.0,0.0,0.0,0.06,0.0,0.0,0.0,0.0,0.01,0.0,0.0,0.01,0.055,0.0,0.0,0.0,0.0,0.0,0.0,0.0,0.0,0.0,0.0,0.0,0.0,0.0,0.0
AT5G39610,0.0,0.38,0.805,0.005,0.705,0.925,0.0,0.0,0.91,0.0,0.735,0.755,0.0,0.0,0.0,0.01,0.0,0.185,0.0,0.0,0.0,0.0,0.0,0.97,0.0,0.0,0.0,0.0,0.715,0.07,0.86,0.0,0.285,0.58,0.05,0.0,0.015,0.0,0.0,0.005,1.0,0.0,0.67,0.0
AT5G39760,0.735,0.96,0.93,0.0,0.135,0.49,0.595,0.755,0.55,0.79,0.0,0.0,0.0,0.0,0.84,0.0,0.495,0.145,0.64,1.0,0.055,0.0,0.505,0.0,1.0,0.0,0.0,0.205,0.0,0.975,0.875,0.575,0.045,0.0,0.0,0.12,0.0,0.865,0.915,0.06,0.27,0.0,0.3,0.69
AT5G39820,0.0,0.0,0.0,0.0,0.0,0.0,0.0,0.0,0.0,0.0,0.0,0.0,0.0,0.0,0.0,0.0,0.0,0.0,0.0,0.0,0.0,0.0,0.0,0.0,0.0,0.0,0.0,0.0,0.0,0.0,0.0,0.0,0.0,0.0,0.0,0.0,0.0,0.0,0.0,0.0,0.0,0.0,0.0,0.0
AT5G41570,0.0,0.0,0.0,0.0,0.0,0.0,0.0,0.0,0.0,0.035,0.02,0.14,0.0,0.0,0.0,0.0,0.0,0.0,0.0,0.0,0.0,0.0,0.0,0.01,0.005,0.0,0.0,0.0,0.0,0.0,0.08,0.0,0.0,0.145,0.0,0.0,0.0,0.0,0.0,0.0,0.0,0.0,0.0,0.0
AT5G45300,0.0,0.0,0.0,0.005,0.0,0.0,0.0,0.0,0.0,0.0,0.0,0.005,0.0,0.0,0.0,0.02,0.0,0.0,0.0,0.0,0.0,0.0,0.0,0.0,0.0,0.0,0.0,0.0,0.0,0.0,0.0,0.0,0.0,0.0,0.0,0.0,0.0,0.0,0.0,0.0,0.0,0.0,0.0,0.0
AT5G45580,0.0,0.15,0.99,0.0,0.02,0.0,0.0,0.005,0.0,0.0,0.96,0.0,0.205,0.0,0.0,0.0,0.0,0.0,0.0,0.0,0.0,0.0,0.0,0.0,0.0,0.905,0.0,0.0,0.15,0.0,0.125,0.94,0.0,0.175,0.0,0.0,0.0,0.0,0.0,0.0,0.0,0.0,0.965,0.465
AT5G46350,0.1,0.0,0.0,0.065,0.48,0.085,0.0,0.0,0.0,0.0,0.0,0.565,0.005,0.0,0.0,0.0,0.12,0.0,0.0,0.0,0.645,0.0,0.0,0.0,0.0,0.0,0.03,0.0,0.0,0.85,0.0,0.0,0.04,0.03,0.115,0.0,0.025,0.005,0.0,0.0,0.0,0.0,0.0,0.0
AT5G46590,0.0,0.0,0.015,0.0,0.0,0.0,0.0,0.0,0.0,0.0,0.0,0.25,0.0,0.0,0.0,0.0,0.0,0.0,0.0,0.0,0.0,0.0,0.0,0.0,0.0,0.085,0.0,0.0,0.0,0.0,0.0,0.0,0.085,0.0,0.0,0.0,0.215,0.0,0.0,0.0,0.0,0.0,0.0,0.005
AT5G46830,0.85,0.0,0.0,0.005,0.695,0.19,0.0,0.925,0.015,0.0,0.69,0.0,0.0,0.0,0.0,0.255,0.555,0.53,0.595,0.0,0.035,0.0,0.0,0.72,0.0,0.845,0.095,0.0,0.625,0.0,0.315,0.275,0.635,0.0,0.335,0.0,0.145,0.0,0.98,0.235,0.68,0.0,0.415,0.175
AT5G47220,0.0,0.0,0.0,0.405,0.0,0.0,0.0,0.34,0.045,0.0,0.0,0.405,0.005,0.0,0.0,0.15,0.0,0.0,0.13,0.0,0.185,0.0,0.0,0.0,0.0,0.0,0.0,0.0,0.0,0.0,0.0,0.0,0.115,0.385,0.0,0.0,0.02,0.0,0.0,0.335,0.0,0.0,0.0,0.0
AT5G47230,0.22,0.0,0.0,0.09,0.29,0.0,0.01,0.675,0.54,0.0,0.065,0.85,0.0,0.0,0.0,0.0,0.0,0.0,0.505,0.0,0.705,0.0,0.0,0.56,0.0,0.0,0.0,0.0,0.0,0.0,0.0,0.865,0.01,0.04,0.0,0.0,0.04,0.0,0.0,0.0,0.0,0.0,0.0,0.78
AT5G47370,0.795,0.785,0.54,0.355,0.02,0.07,0.32,0.195,0.0,0.0,0.01,0.0,0.38,0.0,1.0,0.215,0.025,0.065,0.995,0.0,0.675,0.0,0.135,0.295,0.0,0.0,0.0,0.0,0.0,0.01,0.0,0.0,0.09,0.55,0.255,0.0,0.0,0.0,0.0,0.0,0.0,0.31,0.0,0.0
AT5G47390,0.995,0.0,0.115,0.96,0.845,0.0,0.0,0.995,0.0,0.0,0.51,0.86,0.995,1.0,0.0,0.0,0.44,0.035,0.065,0.0,0.02,0.0,0.0,0.525,0.0,0.07,0.465,0.0,0.275,0.01,0.59,0.205,0.56,0.515,0.0,0.0,0.0,0.0,0.02,0.67,0.0,0.0,0.34,0.66
AT5G47660,0.74,0.0,0.0,0.0,0.0,0.005,0.0,0.0,0.0,0.0,0.0,0.87,0.0,0.0,0.0,0.02,0.0,0.0,0.89,0.0,0.025,0.0,0.0,0.0,0.0,0.0,0.0,0.0,0.0,0.02,0.1,0.77,0.905,0.0,0.0,0.0,0.78,0.0,0.0,0.0,0.0,0.0,0.01,0.945
AT5G50670,0.0,0.0,0.0,0.0,0.0,0.0,0.0,0.0,0.0,0.0,0.0,0.0,0.0,0.0,0.0,0.0,0.0,0.0,0.0,0.0,0.0,0.0,0.0,0.0,0.0,0.0,0.0,0.0,0.0,0.0,0.0,0.0,0.0,0.0,0.0,0.0,0.0,0.0,0.0,0.0,0.0,0.0,0.0,0.0
AT5G51990,0.0,0.0,0.0,0.0,0.38,0.32,0.97,0.0,0.0,0.97,0.0,0.985,0.0,1.0,0.0,0.0,0.835,0.0,0.0,1.0,0.0,0.0,0.0,0.0,0.935,0.0,0.265,0.0,0.0,0.51,0.55,0.01,0.0,0.005,1.0,0.765,0.0,0.365,0.505,0.0,0.845,0.0,0.025,0.0
AT5G52020,0.0,0.0,0.0,0.0,0.075,0.0,0.325,0.025,0.0,0.0,0.0,0.0,0.0,0.0,0.0,0.5,0.0,0.0,0.0,0.0,0.0,0.0,0.0,0.0,0.0,0.0,0.0,0.0,0.0,0.0,0.095,0.0,0.0,0.0,0.04,0.0,0.0,0.0,0.0,0.0,0.0,0.0,0.0,0.02
AT5G52660,0.475,0.56,0.0,0.245,0.0,0.105,0.015,0.0,0.0,0.015,0.0,0.0,0.0,0.11,0.0,0.0,0.08,0.91,0.0,0.0,0.4,0.715,0.0,0.0,0.03,0.005,0.0,0.0,0.0,0.0,0.04,0.17,0.035,0.0,0.0,0.0,0.0,0.0,0.0,0.935,0.0,0.0,0.04,0.065
AT5G52830,0.495,0.045,0.395,0.0,0.0,0.0,0.0,0.0,0.0,1.0,0.0,0.72,0.435,0.0,0.0,0.02,0.0,0.0,0.21,1.0,0.26,0.0,0.0,0.0,1.0,0.0,0.115,1.0,0.0,0.7,0.01,0.58,0.0,0.0,0.165,0.255,0.0,1.0,0.01,0.0,0.0,0.0,0.0,0.81
AT5G53950,0.0,0.0,0.0,0.0,0.0,0.0,0.0,0.015,0.0,0.0,0.0,0.0,0.0,0.0,0.0,0.0,0.0,0.0,0.0,0.0,0.275,0.0,0.0,0.0,0.0,0.0,0.0,0.0,0.0,0.0,0.0,0.03,0.0,0.0,0.0,0.0,0.0,0.0,0.0,0.0,0.0,0.0,0.0,0.0
AT5G54230,0.0,0.0,0.0,0.02,0.555,0.0,0.0,0.0,0.01,0.0,0.0,0.095,0.0,0.0,0.0,0.1,0.0,0.0,0.0,0.0,0.4,0.0,0.0,0.0,0.005,0.0,0.0,0.0,0.0,0.195,0.0,0.0,0.0,0.045,0.0,0.0,0.0,0.03,0.0,0.0,0.705,0.0,0.0,0.0
AT5G56110,0.0,0.0,0.0,0.0,0.0,0.0,0.0,0.0,0.0,0.0,0.0,0.0,0.0,0.0,0.0,0.0,0.0,0.0,0.0,0.0,0.0,0.0,0.0,0.0,0.0,0.0,0.0,0.0,0.0,0.0,0.0,0.25,0.0,0.0,0.0,0.0,0.0,0.0,0.0,0.0,0.0,0.0,0.0,0.125
AT5G56840,0.965,0.03,0.235,0.35,0.29,0.62,0.0,0.0,0.0,0.0,0.46,0.0,0.845,0.0,0.03,0.65,0.67,0.0,0.21,0.0,0.015,0.0,0.0,0.585,0.095,0.51,0.0,0.0,0.685,0.525,1.0,0.0,0.0,0.025,0.68,0.0,0.0,0.965,0.0,0.235,0.0,1.0,0.0,0.0
AT5G58850,0.0,0.0,0.0,0.0,0.0,0.0,0.0,0.0,0.0,0.0,0.0,0.0,0.0,0.0,0.0,0.0,0.0,0.0,0.0,0.0,0.0,0.0,0.0,0.0,0.0,0.0,0.0,0.0,0.0,0.0,0.0,0.0,0.0,0.0,0.0,0.0,0.0,0.0,0.0,0.0,0.0,0.0,0.0,0.0
AT5G58900,0.57,0.0,0.6,0.0,0.69,0.18,0.28,0.875,0.575,0.0,0.0,0.155,0.0,0.0,0.0,0.025,0.905,0.0,0.2,0.0,0.0,0.115,1.0,0.0,0.025,0.0,0.77,0.975,0.0,0.995,0.235,0.13,0.935,0.0,0.31,0.77,0.925,0.38,0.71,0.245,0.0,0.995,0.0,0.175
AT5G59430,0.0,0.0,0.0,0.0,0.0,0.0,0.0,0.0,0.0,0.0,0.745,0.0,0.0,0.0,0.0,0.0,0.0,0.0,0.0,0.0,0.0,0.0,0.0,0.0,0.0,0.0,0.0,0.0,0.0,0.0,0.0,0.0,0.0,0.0,0.0,0.0,0.0,0.0,0.0,0.0,0.0,0.0,0.0,0.0
AT5G60130,0.21,0.16,1.0,1.0,0.98,0.0,0.0,0.0,0.905,0.005,0.0,0.0,0.79,0.0,0.0,0.0,0.96,0.0,0.0,0.0,0.0,0.0,0.0,0.0,0.0,0.98,0.125,0.0,0.205,0.0,0.39,0.995,1.0,1.0,0.0,0.0,1.0,0.0,0.0,0.0,0.055,0.0,0.99,0.89
AT5G60850,0.495,0.0,0.0,0.045,0.0,0.0,0.0,0.0,0.205,0.0,0.15,0.0,0.065,0.0,0.98,0.0,0.0,0.0,0.015,0.0,0.02,0.0,0.0,0.295,0.0,0.0,0.0,0.0,0.145,0.0,0.205,0.0,0.105,0.0,0.0,0.0,0.07,0.0,0.505,0.0,0.0,0.365,0.01,0.0
AT5G61620,0.0,0.0,0.0,0.0,0.165,0.0,0.0,0.0,0.0,0.0,0.0,0.025,0.0,0.0,0.0,0.0,0.0,0.0,0.0,0.0,0.265,0.0,0.0,0.0,0.0,0.0,0.0,0.0,0.0,0.0,0.0,0.0,0.0,0.0,0.0,0.0,0.0,0.0,0.0,0.0,0.0,0.0,0.0,0.0
AT5G62000,0.615,0.0,0.0,0.0,0.0,0.0,0.065,0.195,0.0,0.0,0.01,0.0,0.0,0.0,0.0,0.0,0.07,0.0,0.0,0.0,0.0,0.0,0.0,0.1,0.0,0.0,0.0,0.0,0.03,0.0,0.035,0.0,0.0,0.0,0.01,0.015,0.0,0.0,0.0,0.0,0.0,0.0,0.0,0.0
AT5G62020,0.0,0.045,0.0,0.0,0.0,0.0,0.01,0.0,0.0,0.0,0.0,0.005,0.0,0.0,0.0,0.0,0.0,0.0,0.0,0.0,0.005,0.0,0.0,0.0,0.0,0.0,0.0,0.0,0.0,0.0,0.0,0.0,0.025,0.0,0.0,0.0,0.0,0.0,0.02,0.0,0.0,0.0,0.0,0.0
AT5G62320,0.0,0.0,0.0,0.0,0.0,0.0,0.0,0.0,0.0,0.0,0.0,0.265,0.0,0.0,0.0,0.0,0.005,0.0,0.0,0.0,0.0,0.0,0.0,0.0,0.0,0.0,0.0,0.0,0.0,0.0,0.0,0.31,0.325,0.0,0.0,0.0,0.01,0.0,0.0,0.0,0.0,0.0,0.0,0.0
AT5G62380,0.0,0.0,0.015,0.0,0.0,0.0,0.0,0.0,0.0,0.0,0.0,0.0,0.0,0.0,0.0,0.0,0.0,0.0,0.0,0.0,0.0,0.0,0.0,0.0,0.0,0.0,0.0,0.0,0.0,0.0,0.0,0.0,0.0,0.0,0.0,0.0,0.0,0.0,0.0,0.0,0.0,0.0,0.0,0.0
AT5G62470,0.0,0.0,0.0,0.0,0.0,0.0,0.15,0.0,0.0,0.0,0.0,0.07,0.0,0.0,0.0,0.0,0.0,0.0,0.0,0.0,0.0,0.0,0.0,0.01,0.0,0.0,0.0,0.0,0.0,0.055,0.0,0.11,0.0,0.0,0.0,0.0,0.0,0.0,0.005,0.0,0.0,0.0,0.0,0.005
AT5G62940,0.755,0.985,1.0,0.945,0.765,1.0,0.0,0.605,0.985,0.0,0.0,0.97,0.975,0.0,0.165,0.195,0.74,0.49,0.0,0.0,0.05,0.0,0.0,0.61,0.0,0.825,0.0,0.0,0.035,0.0,0.0,0.79,0.93,0.83,0.93,0.985,0.995,0.0,0.0,0.0,1.0,0.0,0.0,0.965
AT5G63090,0.0,0.0,0.0,0.0,0.005,0.0,0.0,0.0,0.0,0.0,0.0,0.01,0.0,0.0,0.0,0.0,0.0,0.0,0.0,0.0,0.0,0.0,0.0,0.0,0.0,0.0,0.0,0.0,0.0,0.0,0.0,0.0,0.0,0.0,0.0,0.0,0.0,0.0,0.0,0.03,0.185,0.0,0.0,0.0
AT5G63260,0.02,0.0,0.0,0.045,0.0,0.0,0.0,0.0,0.0,0.0,0.0,0.095,0.0,0.0,0.0,0.005,0.0,0.0,0.0,0.0,0.0,0.0,0.0,0.0,0.0,0.0,0.0,0.0,0.0,0.0,0.0,0.0,0.0,0.0,0.0,0.0,0.0,0.0,0.0,0.0,0.0,0.0,0.0,0.0
AT5G64060,0.04,0.0,0.0,0.365,0.0,0.0,0.0,0.0,0.0,0.0,0.0,0.64,0.0,0.0,0.0,0.0,0.18,0.0,0.1,0.0,0.005,0.0,0.0,0.35,0.0,0.0,0.0,0.0,0.0,0.0,0.01,0.46,0.965,0.0,0.0,0.0,0.905,0.0,0.0,0.0,0.0,0.0,0.025,0.375
AT5G64750,0.0,0.0,0.0,0.0,0.27,0.265,0.0,0.015,0.0,0.0,0.0,0.015,0.0,0.0,0.0,0.0,0.365,0.0,0.04,0.0,0.045,0.0,0.0,0.0,0.0,0.0,0.0,0.0,0.0,0.0,0.0,0.0,0.17,0.0,0.0,0.025,0.13,0.0,0.145,0.0,0.0,0.0,0.24,0.0
AT5G65130,0.43,0.0,0.03,0.0,0.0,0.0,0.0,0.0,0.0,0.0,0.0,0.0,0.0,0.0,0.0,0.0,0.0,0.0,0.0,0.0,0.0,0.0,0.0,0.0,0.0,0.0,0.0,0.0,0.0,0.0,0.0,0.0,0.045,0.0,0.0,0.0,0.015,0.0,0.0,0.0,0.0,0.0,0.0,0.0
AT5G65210,0.0,0.025,0.07,0.0,0.0,0.02,0.0,0.0,0.005,0.0,0.0,0.0,0.0,0.0,0.0,0.01,0.0,0.0,0.0,0.0,0.0,0.0,0.0,0.0,0.0,0.0,0.0,0.0,0.0,0.0,0.0,0.01,0.0,0.0,0.0,0.0,0.0,0.0,0.0,0.01,0.0,0.0,0.0,0.0
AT5G65310,0.73,0.11,0.0,0.0,0.0,0.175,0.0,0.415,0.94,0.0,0.015,0.025,1.0,0.0,0.995,0.1,0.0,0.835,0.0,0.0,0.375,0.89,1.0,0.0,0.0,0.005,0.165,0.0,0.0,0.0,0.0,0.48,0.0,0.0,0.14,0.045,0.0,0.0,0.87,0.16,0.005,1.0,0.305,0.75
AT5G65410,0.035,0.0,0.63,0.0,0.155,0.0,0.0,0.23,0.0,0.0,0.0,0.72,0.325,0.03,0.005,0.45,0.0,0.0,0.725,0.0,0.0,0.0,0.0,0.635,0.0,0.0,0.04,0.0,0.0,0.0,0.0,0.515,0.0,0.04,0.0,0.0,0.0,0.0,0.0,0.0,0.0,0.035,0.645,0.0
AT5G65510,0.17,0.0,0.32,0.0,0.0,0.01,0.0,0.0,0.0,0.0,0.0,0.315,0.0,0.0,0.0,0.035,0.925,0.0,0.015,0.0,0.0,0.0,0.0,0.0,0.0,0.065,0.0,0.0,0.0,0.0,0.0,0.295,0.32,0.0,0.0,0.0,0.0,0.0,0.0,0.0,0.0,0.0,0.0,0.96
AT5G66300,0.24,0.0,0.0,0.0,0.0,0.0,0.0,0.0,0.0,0.0,0.0,0.0,0.0,0.0,0.0,0.0,0.0,0.0,0.0,0.0,0.0,0.0,0.0,0.0,0.0,0.0,0.0,0.0,0.0,0.0,0.0,0.0,0.0,0.0,0.0,0.0,0.0,0.0,0.0,0.0,0.0,0.0,0.0,0.0
AT5G66700,0.0,0.0,0.565,0.59,0.92,0.38,0.08,0.0,0.03,0.0,0.055,0.245,0.0,0.0,0.0,0.0,0.47,0.0,0.0,0.0,0.485,0.0,0.0,0.455,0.0,0.0,0.295,0.0,0.175,0.0,0.005,0.015,0.025,0.01,0.0,0.04,0.0,0.0,0.0,0.0,0.695,0.0,0.0,0.755
AT5G66730,0.005,0.0,0.0,0.0,0.0,0.0,0.0,0.0,0.0,0.0,0.0,0.05,0.005,0.0,0.0,0.0,0.0,0.0,0.005,0.0,0.0,0.0,0.0,0.0,0.0,0.0,0.0,0.0,0.02,0.0,0.0,0.0,0.0,0.0,0.0,0.0,0.0,0.0,0.0,0.0,0.0,0.0,0.025,0.0
AT5G66940,0.0,0.9,0.44,0.08,0.98,0.0,0.0,0.0,0.0,0.005,0.0,0.285,0.8,0.0,0.0,0.94,0.0,0.915,0.0,0.0,0.775,0.0,0.0,0.805,0.0,0.155,0.07,0.0,0.0,0.0,1.0,0.0,0.0,0.0,0.0,0.0,0.0,0.0,0.0,0.145,0.0,0.79,0.0,0.93
AT5G67190,0.0,0.065,0.91,0.0,0.0,0.0,0.0,0.0,0.0,0.0,0.01,0.1,0.0,0.0,0.0,0.055,0.055,0.0,0.0,0.0,0.0,0.0,0.0,0.41,0.0,0.0,0.0,0.0,0.15,0.1,0.0,0.0,0.005,0.0,0.0,0.0,0.0,0.0,0.0,0.595,0.0,0.0,0.0,0.0
AT5G67300,0.705,0.755,0.725,0.035,0.845,0.86,0.7,0.985,0.0,0.02,0.965,0.585,0.97,0.0,0.0,0.925,0.0,0.695,0.875,0.005,0.92,0.0,0.41,0.765,0.575,0.72,0.345,0.145,0.785,0.41,0.3,0.94,0.045,0.015,0.76,0.64,0.0,0.405,0.0,0.965,0.0,0.0,0.825,0.965
AT5G67580,0.0,0.0,0.0,0.0,0.0,0.0,0.0,0.0,0.0,0.0,0.0,0.755,0.0,0.0,0.0,0.0,0.0,0.0,0.42,0.0,0.0,0.0,0.0,0.0,0.0,0.275,0.0,0.0,0.0,0.0,0.0,0.0,0.0,0.0,0.0,0.0,0.0,0.0,0.0,0.0,0.0,0.0,0.0,0.035
