,GSE81202_13-GSE81202_11.csv,GSE72806_3-GSE72806_1.csv,GSE69510_2-GSE69510_1.csv,PRJEB10930_4_T-PRJEB10930_4_C.csv,GSE81202_18-GSE81202_16.csv,GSE67332_5-GSE67332_4.csv,GSE81202_17-GSE81202_15.csv,GSE80565_7-GSE80565_8.csv,GSE63406_5-GSE63406_3.csv,GSE80565_9-GSE80565_10.csv,GSE69077_2-GSE69077_1.csv,PRJNA324514_2-PRJNA324514_1.csv,GSE69077_3-GSE69077_2.csv,GSE67332_3-GSE67332_2.csv,GSE59699_11-GSE59699_12.csv,GSE81202_10-GSE81202_8.csv,GSE69510_4-GSE69510_3.csv,PRJNA324514_14-PRJNA324514_13.csv,PRJNA324514_6-PRJNA314076_1.csv,GSE63406_6-GSE63406_4.csv,PRJNA324514_12-PRJNA324514_11.csv,PRJNA324514_10-PRJNA324514_9.csv,GSE60865_3-GSE60865_2.csv,GSE63406_3-GSE63406_1.csv,GSE72806_4-GSE72806_1.csv,PRJEB10930_3_T-PRJEB10930_3_C.csv,GSE59699_17-GSE59699_18.csv,GSE80565_11-GSE80565_12.csv,GSE80565_13-GSE80565_14.csv,GSE59699_15-GSE59699_16.csv,PRJNA324514_1-PRJNA314076_1.csv,PRJNA324514_4-PRJNA324514_3.csv,GSE59699_14-GSE59699_13.csv,GSE67332_2-GSE67332_1.csv,GSE80565_5-GSE80565_6.csv,GSE67332_6-GSE67332_5.csv,GSE80565_3-GSE80565_4.csv,PRJNA324514_11-PRJNA314076_1.csv,GSE59699_3-GSE59699_4.csv,GSE81202_14-GSE81202_12.csv,PRJNA324514_15-PRJNA324514_14.csv,GSE60865_2-GSE60865_1.csv,PRJNA324514_3-PRJNA324514_2.csv,GSE59699_7-GSE59699_8.csv
AT1G01060,0.0,0.645,0.135,0.415,0.005,0.34,0.0,0.105,0.0,0.0,0.64,0.0,0.5,0.0,0.11,0.0,0.0,0.0,0.915,0.805,0.145,0.08,0.0,0.0,0.33,0.24,0.655,0.02,0.0,0.71,0.77,0.115,0.695,0.74,0.0,0.0,0.0,0.56,0.0,0.0,0.525,0.0,0.0,0.84
AT1G01250,0.0,0.0,0.0,0.0,0.0,0.0,0.005,0.0,0.06,0.0,0.0,0.0,0.0,0.0,0.0,0.0,0.0,0.0,0.0,0.0,0.0,0.0,0.0,0.0,0.0,0.0,0.0,0.0,0.0,0.0,0.0,0.0,0.0,0.0,0.0,0.0,0.0,0.0,0.0,0.0,0.0,0.0,0.0,0.0
AT1G01720,0.7,0.87,0.0,0.0,0.0,0.6,0.0,0.98,0.16,0.97,0.04,0.0,0.0,0.0,0.0,0.005,0.85,0.0,0.71,0.36,0.16,1.0,0.95,0.0,0.805,0.795,0.0,0.99,0.855,0.0,0.0,1.0,0.13,0.23,0.995,0.975,1.0,0.04,0.855,0.0,0.27,0.0,0.0,0.0
AT1G02230,0.0,0.0,0.0,0.0,0.0,0.0,0.0,0.0,0.0,0.0,0.715,0.0,0.26,0.58,0.035,0.0,0.0,0.0,0.015,0.0,0.0,0.0,0.04,0.0,0.0,0.0,0.0,0.0,0.0,0.0,0.0,0.0,0.0,0.17,0.0,0.11,0.0,0.0,0.0,0.0,0.0,0.0,0.0,0.0
AT1G02250,0.0,0.04,0.0,0.0,0.0,0.32,0.0,0.0,0.0,0.0,0.17,0.0,0.43,0.125,0.0,0.0,0.0,0.0,0.0,0.0,0.0,0.0,0.0,0.0,0.0,0.0,0.0,0.0,0.0,0.0,0.0,0.0,0.0,0.0,0.0,0.54,0.0,0.0,0.0,0.0,0.0,0.0,0.0,0.0
AT1G03800,0.0,0.66,0.0,0.0,0.925,0.0,0.0,0.0,0.0,0.0,0.015,0.0,0.01,0.0,0.01,0.0,0.0,0.0,0.655,0.0,0.0,0.0,0.0,0.0,0.115,0.0,0.92,0.0,0.0,0.0,0.825,0.0,0.855,0.505,0.0,0.375,0.0,0.15,0.0,0.0,0.0,0.0,0.0,0.0
AT1G03840,0.0,0.165,0.0,0.0,0.0,0.0,0.0,0.0,0.005,0.0,0.14,0.0,0.175,0.2,0.0,0.0,0.0,0.0,0.44,0.05,0.0,0.0,0.0,0.0,0.1,0.0,0.0,0.025,0.0,0.0,0.0,0.0,0.075,0.0,0.0,0.12,0.0,0.0,0.0,0.015,0.0,0.0,0.0,0.0
AT1G06180,0.0,0.1,0.0,0.0,0.0,0.015,0.0,0.0,0.52,0.0,0.35,0.0,0.445,0.0,0.185,0.0,0.0,0.0,0.0,0.865,0.0,0.005,0.0,0.0,0.01,0.0,0.0,0.0,0.0,0.0,0.0,0.26,0.69,0.0,0.0,0.14,0.0,0.0,0.115,0.0,0.92,0.0,0.0,0.22
AT1G06280,0.0,1.0,0.0,0.0,0.0,0.0,0.0,0.0,0.0,0.0,1.0,0.0,1.0,0.0,0.0,0.0,0.0,0.0,0.655,0.0,0.0,0.0,0.0,0.0,1.0,0.0,0.0,0.0,0.0,0.0,1.0,0.0,0.0,0.0,0.0,0.0,0.0,0.2,0.0,0.0,0.0,0.0,0.0,0.0
AT1G06850,0.0,0.0,0.0,0.3,0.54,0.0,0.0,0.0,0.0,0.0,0.0,0.0,0.0,0.0,0.0,0.98,0.0,0.0,0.0,0.0,0.0,0.0,0.0,0.0,0.0,0.025,0.0,0.0,0.0,0.98,0.0,0.0,0.0,0.0,0.0,0.11,0.0,0.0,0.0,0.9,0.0,0.0,0.0,0.0
AT1G08010,0.0,0.0,0.0,0.0,1.0,0.0,0.665,0.0,0.0,0.0,0.0,0.0,0.005,0.0,0.0,0.0,0.0,0.0,0.0,0.0,0.0,0.0,0.055,0.0,0.0,0.0,0.0,0.0,0.0,0.0,0.0,0.0,0.0,0.0,0.0,0.0,0.0,0.0,0.0,1.0,0.0,0.01,0.0,0.0
AT1G08320,0.0,0.0,0.0,0.0,0.0,0.065,0.0,0.0,0.0,0.0,0.0,0.0,0.0,0.285,0.07,0.0,0.0,0.0,0.0,0.0,0.0,0.0,0.0,0.0,0.0,0.0,0.0,0.0,0.0,0.0,0.125,0.0,0.05,0.015,0.0,0.54,0.0,0.0,0.0,0.145,0.0,0.0,0.0,0.26
AT1G09540,0.0,0.03,0.0,0.0,0.015,0.02,0.0,0.0,0.15,0.0,0.0,0.0,0.0,0.0,0.0,0.0,0.0,0.0,0.125,0.0,0.0,0.0,0.0,0.0,0.12,0.0,0.0,0.0,0.0,0.0,0.0,0.0,0.43,0.03,0.0,0.0,0.0,0.0,0.0,0.01,0.0,0.0,0.0,0.0
AT1G12260,0.0,0.09,0.0,0.0,0.26,0.0,0.0,0.0,0.0,0.0,0.03,0.0,0.01,0.0,0.0,0.0,0.0,0.0,0.005,0.0,0.0,0.0,0.0,0.0,0.015,0.0,0.0,0.0,0.0,0.0,0.045,0.0,0.0,0.085,0.0,0.315,0.0,0.025,0.0,0.0,0.0,0.0,0.0,0.0
AT1G12610,0.0,0.4,0.0,0.0,0.0,0.0,0.0,0.0,0.0,0.0,0.135,0.0,0.335,0.345,0.0,0.0,0.425,0.0,0.785,0.005,0.0,0.0,0.0,0.0,0.0,0.0,0.0,0.0,0.0,0.0,0.345,0.0,0.0,0.005,0.0,0.05,0.0,0.045,0.0,0.285,0.0,0.0,0.0,0.0
AT1G12630,0.0,0.0,0.0,0.0,0.215,0.575,0.0,0.0,0.325,0.0,0.32,0.0,0.0,0.78,0.005,0.0,0.0,0.0,0.4,0.005,0.0,0.0,0.0,0.0,0.0,0.0,0.0,0.0,0.0,0.0,0.0,0.0,0.0,0.49,0.0,0.86,0.0,0.0,0.0,0.0,0.0,0.0,0.0,0.0
AT1G13260,0.0,0.625,0.0,0.53,0.05,0.025,0.005,0.0,0.0,0.0,0.35,0.0,0.22,0.0,0.0,0.0,0.0,0.0,0.6,0.0,0.0,0.0,0.455,0.355,0.56,1.0,0.0,0.0,0.0,0.105,0.0,0.0,0.42,0.0,0.0,0.15,0.0,0.0,0.0,0.0,0.0,0.015,0.0,0.0
AT1G13450,0.0,0.0,0.0,0.0,0.0,0.0,0.0,0.0,0.0,0.0,0.0,0.0,0.0,0.0,0.0,0.0,0.0,0.0,0.0,0.0,0.0,0.0,0.0,0.0,0.0,0.0,0.0,0.0,0.0,0.0,0.0,0.0,0.035,0.0,0.0,0.0,0.0,0.0,0.0,0.0,0.0,0.0,0.0,0.0
AT1G14687,0.0,0.67,0.0,0.0,0.5,0.51,0.87,0.0,0.04,0.0,0.46,0.095,0.27,0.55,0.0,0.315,0.0,0.0,0.64,0.0,0.05,0.0,0.0,0.0,0.0,0.0,0.0,0.0,0.185,0.045,0.61,0.27,0.0,0.385,0.0,0.65,0.0,0.99,0.005,0.575,0.0,0.0,0.015,0.0
AT1G18330,0.945,0.595,1.0,0.0,0.06,1.0,1.0,0.865,1.0,0.99,0.97,1.0,1.0,0.96,1.0,0.06,1.0,1.0,0.39,0.665,1.0,0.0,1.0,1.0,0.68,0.99,0.925,0.995,0.99,0.965,0.24,0.95,0.995,1.0,0.99,0.0,0.0,0.43,0.96,0.32,0.805,0.0,1.0,0.0
AT1G19000,0.0,0.0,0.0,0.0,0.13,0.355,0.0,0.0,0.915,0.0,0.0,0.0,0.12,0.0,0.0,0.0,0.0,0.0,0.0,0.615,0.0,0.0,0.99,0.0,0.0,0.0,0.455,0.0,0.0,0.115,0.005,0.06,0.57,0.2,0.0,0.68,0.0,0.0,0.16,0.055,0.265,0.0,0.005,0.76
AT1G19040,0.0,0.0,0.0,0.0,0.0,0.0,0.0,0.0,0.0,0.0,0.0,0.0,0.0,0.115,0.0,0.0,0.0,0.0,0.205,0.0,0.0,0.0,0.0,0.0,0.0,0.0,0.0,0.0,0.0,0.0,0.0,0.0,0.0,0.725,0.0,0.0,0.0,0.0,0.0,0.0,0.0,0.0,0.0,0.0
AT1G19210,0.0,0.4,0.0,0.0,0.0,0.015,0.0,0.0,0.43,0.02,0.73,0.0,0.01,0.0,0.0,0.0,0.805,0.0,0.375,0.0,0.0,0.155,0.0,0.0,0.59,0.675,0.0,0.0,0.0,0.0,0.295,0.0,0.02,0.0,0.0,0.67,0.0,0.955,0.0,0.0,0.0,0.0,0.0,0.0
AT1G19790,0.0,0.23,0.0,0.0,0.21,0.425,0.0,0.0,0.0,0.0,0.465,0.0,0.055,0.035,0.0,0.0,0.0,0.0,0.0,0.0,0.0,0.0,0.0,0.0,0.2,0.0,0.0,0.0,0.0,0.0,0.0,0.0,0.025,0.005,0.0,0.0,0.0,0.0,0.0,0.0,0.0,0.0,0.0,0.0
AT1G19850,0.21,0.0,0.0,0.825,0.05,0.0,0.0,0.0,0.0,0.0,0.005,0.0,0.73,0.67,0.0,0.0,0.845,0.0,0.0,0.055,0.0,0.0,0.08,0.0,0.0,0.18,0.0,0.0,0.0,0.995,0.945,0.1,0.0,0.0,0.0,0.995,0.0,0.855,0.575,0.985,0.995,0.34,0.0,0.0
AT1G20910,0.0,0.85,0.0,0.0,0.0,0.04,0.0,0.0,0.55,0.0,0.73,0.0,0.575,0.865,0.195,0.0,0.0,0.0,0.14,0.925,0.0,0.0,0.0,0.075,0.32,0.325,0.0,0.0,0.0,0.805,0.0,0.0,0.555,0.4,0.0,0.53,0.0,0.0,0.0,0.0,0.0,0.0,0.0,0.02
AT1G20980,0.0,0.025,0.0,0.0,0.025,0.0,0.0,0.0,0.0,0.0,0.0,0.0,0.0,0.01,0.0,0.0,0.0,0.0,0.01,0.0,0.0,0.0,0.0,0.0,0.0,0.0,0.0,0.0,0.0,0.0,0.0,0.0,0.0,0.0,0.0,0.0,0.0,0.0,0.0,0.0,0.0,0.0,0.0,0.0
AT1G22070,0.0,0.39,0.0,0.0,0.0,0.0,0.0,0.0,0.155,0.0,0.155,0.0,0.05,0.0,0.0,0.04,0.0,0.0,0.725,0.045,0.0,0.0,0.0,0.0,0.16,0.295,0.005,0.0,0.0,0.0,0.0,0.0,0.0,0.0,0.0,0.0,0.0,0.005,0.0,0.0,0.015,0.0,0.0,0.0
AT1G22810,0.0,0.0,0.0,0.0,0.0,0.0,0.0,0.0,0.0,0.0,0.0,0.0,0.0,0.0,0.0,0.0,0.0,0.0,0.0,0.0,0.0,0.0,0.0,0.0,0.0,0.0,0.0,0.0,0.0,0.0,0.0,0.0,0.0,0.0,0.0,0.0,0.0,0.0,0.0,0.0,0.0,0.0,0.0,0.0
AT1G24250,0.0,0.0,0.0,0.0,0.0,0.0,0.0,0.0,0.0,0.0,0.0,0.0,0.0,0.0,0.0,0.0,0.0,0.0,0.0,0.0,0.0,0.0,0.0,0.0,0.0,0.0,0.0,0.0,0.0,0.0,0.0,0.0,0.0,0.0,0.0,0.0,0.0,0.0,0.0,0.0,0.0,0.0,0.0,0.0
AT1G25340,0.0,0.0,0.0,0.0,0.0,0.0,0.0,0.0,0.0,0.0,0.0,0.0,0.0,0.0,0.0,0.0,0.0,0.0,0.0,0.0,0.0,0.0,0.0,0.0,0.0,0.0,0.0,0.0,0.0,0.0,0.0,0.0,0.0,0.0,0.0,0.0,0.0,0.0,0.0,0.0,0.0,0.0,0.0,0.0
AT1G25550,0.0,0.32,0.0,0.0,0.0,0.0,0.0,0.0,0.01,0.0,0.09,0.0,0.105,0.0,0.0,0.01,0.0,0.0,0.005,0.08,0.0,0.0,0.0,0.165,0.145,0.89,0.0,0.0,0.0,0.0,0.0,0.0,0.0,0.0,0.0,0.18,0.0,0.0,0.0,0.0,0.0,0.02,0.0,0.0
AT1G27730,0.0,0.005,0.0,0.98,0.21,0.84,0.0,0.42,0.99,0.38,0.97,0.005,1.0,0.625,0.62,0.855,0.94,0.0,0.905,0.195,0.98,0.0,1.0,1.0,0.0,0.98,0.895,0.73,0.55,0.0,1.0,0.885,1.0,0.0,0.0,1.0,0.0,0.945,0.485,1.0,0.0,0.93,0.0,0.73
AT1G28160,0.0,0.0,0.0,0.0,0.0,0.0,0.0,0.0,0.0,0.0,0.0,0.0,0.0,0.0,0.0,0.0,0.0,0.0,0.0,0.0,0.0,0.0,0.0,0.0,0.0,0.0,0.0,0.0,0.0,0.0,0.0,0.0,0.0,0.0,0.0,0.0,0.0,0.0,0.0,0.0,0.0,0.0,0.0,0.0
AT1G28370,0.0,1.0,0.0,0.08,0.935,0.0,0.96,0.0,1.0,0.0,1.0,1.0,0.945,0.995,0.925,0.0,1.0,0.0,1.0,1.0,0.165,0.0,0.725,1.0,0.015,0.0,0.24,0.01,0.235,0.565,0.98,0.0,0.94,0.9,0.0,0.73,0.0,0.0,0.0,0.99,0.0,0.84,0.0,0.0
AT1G28470,0.0,0.96,0.0,0.0,0.005,0.0,0.0,0.06,0.985,0.155,0.165,0.0,0.35,0.84,0.0,0.03,0.0,0.0,0.87,1.0,0.0,0.0,0.0,0.64,0.025,0.51,0.0,0.0,0.68,0.0,0.93,0.5,0.0,0.0,0.315,0.695,0.01,0.765,0.0,0.0,0.0,0.0,0.0,0.0
AT1G29160,0.0,0.16,0.0,0.645,0.0,0.1,0.0,0.005,0.165,0.0,0.03,0.0,0.0,0.005,0.0,0.0,0.0,0.03,0.0,0.11,0.0,0.0,0.0,0.74,0.0,0.025,0.0,0.0,0.045,0.0,0.59,0.63,0.0,0.55,0.0,0.0,0.0,0.0,0.0,0.0,0.005,0.0,0.0,0.0
AT1G29280,0.0,0.0,0.0,0.0,0.005,0.73,0.0,0.01,0.08,0.0,0.07,0.0,0.005,0.595,0.0,0.0,0.0,0.0,0.925,0.0,0.0,0.0,0.0,0.005,0.01,0.0,0.0,0.185,0.325,0.0,0.66,0.05,0.0,0.0,0.0,0.0,0.02,0.075,0.0,0.46,0.18,0.0,0.0,0.0
AT1G29860,0.0,0.0,0.0,0.0,0.405,0.0,0.02,0.0,0.0,0.0,0.36,0.0,0.27,0.635,0.0,0.02,0.0,0.0,0.0,0.245,0.0,0.0,0.0,0.0,0.0,0.005,0.0,0.0,0.0,0.0,0.0,0.0,0.365,0.0,0.0,0.0,0.0,0.0,0.0,0.0,0.0,0.0,0.0,0.0
AT1G30210,0.0,0.02,0.0,0.0,0.145,0.0,0.0,0.0,0.0,0.0,0.03,0.0,0.245,0.0,0.0,0.0,0.0,0.0,0.07,0.0,0.06,0.0,0.0,0.0,0.0,0.0,0.0,0.0,0.0,0.0,0.0,0.0,0.0,0.0,0.0,0.0,0.0,0.0,0.0,0.0,0.0,0.0,0.0,0.0
AT1G30490,0.0,0.44,0.0,0.0,0.07,0.5,0.0,0.0,0.0,0.0,0.175,0.0,0.0,0.0,0.0,0.0,0.0,0.0,0.335,0.0,0.0,0.0,0.0,0.0,0.265,0.0,0.0,0.0,0.0,0.0,0.0,0.0,0.14,0.37,0.0,0.305,0.0,0.0,0.0,0.05,0.0,0.0,0.0,0.0
AT1G30650,0.0,0.0,0.0,0.0,0.0,0.0,0.0,0.0,0.0,0.0,0.0,0.0,0.0,0.0,0.005,0.0,0.0,0.0,0.045,0.0,0.0,0.0,0.0,0.0,0.0,0.0,0.0,0.0,0.0,0.0,0.125,0.0,0.0,0.0,0.0,0.295,0.0,0.005,0.0,0.01,0.0,0.0,0.0,0.02
AT1G31140,0.0,0.055,0.0,0.0,0.0,0.1,0.0,0.0,0.445,0.0,0.465,0.0,0.03,0.755,0.0,0.0,0.0,0.0,0.0,0.0,0.0,0.0,0.0,0.01,0.0,0.56,0.0,0.0,0.0,0.0,0.0,0.0,0.0,0.0,0.0,0.0,0.0,0.0,0.0,0.0,0.0,0.0,0.0,0.0
AT1G32150,0.0,0.0,0.0,0.0,0.0,0.0,0.035,0.0,0.255,0.0,0.31,0.0,0.015,0.0,0.0,0.0,0.005,0.0,0.0,0.0,0.0,0.0,0.0,0.995,0.0,0.585,0.0,0.0,0.0,0.115,0.0,0.0,0.705,0.0,0.0,0.0,0.0,0.0,0.0,0.0,0.0,0.0,0.0,0.0
AT1G32870,0.0,0.35,0.0,0.015,0.0,0.01,0.0,0.0,0.265,0.0,0.69,0.0,0.915,0.53,0.0,0.0,0.0,0.0,0.43,0.995,0.0,0.0,0.0,0.0,0.26,0.44,0.0,0.0,0.0,0.0,0.0,0.0,0.005,0.0,0.0,0.0,0.0,0.0,0.0,0.0,0.0,0.0,0.0,0.005
AT1G33240,0.0,0.32,0.0,0.8,0.615,0.26,0.0,0.0,0.48,0.0,0.18,0.0,0.025,0.0,0.0,0.645,0.0,0.0,0.0,0.595,0.175,0.07,0.0,0.39,0.025,0.0,0.15,0.0,0.0,0.06,0.13,0.12,0.155,0.16,0.0,0.0,0.0,0.0,0.0,0.545,0.0,0.0,0.97,0.0
AT1G34180,0.0,0.065,0.0,0.0,0.035,0.0,0.0,0.05,0.02,0.0,0.565,0.0,0.075,0.135,0.535,0.0,0.0,0.0,0.505,0.36,0.0,0.0,0.26,0.0,0.0,0.0,0.0,0.135,0.0,0.0,0.455,0.1,0.0,0.055,0.0,0.975,0.0,0.675,0.0,0.0,0.0,0.835,0.0,0.0
AT1G34190,0.0,0.0,0.0,0.0,0.0,0.0,0.0,0.0,0.0,0.0,0.0,0.0,0.0,0.095,0.0,0.0,0.0,0.0,0.015,0.005,0.0,0.0,0.0,0.0,0.0,0.0,0.0,0.0,0.0,0.0,0.0,0.0,0.0,0.0,0.0,0.0,0.0,0.0,0.045,0.0,0.0,0.0,0.0,0.0
AT1G34370,0.0,0.005,0.0,0.0,0.0,0.0,0.0,0.0,0.0,0.0,0.0,0.0,0.0,0.0,0.0,0.0,0.0,0.0,0.0,0.0,0.0,0.0,0.0,0.0,0.0,0.0,0.0,0.0,0.0,0.0,0.0,0.0,0.0,0.0,0.0,0.415,0.0,0.0,0.0,0.0,0.0,0.0,0.0,0.0
AT1G34670,0.0,0.18,0.0,0.0,0.0,0.0,0.0,0.0,0.0,0.0,0.0,0.0,0.0,0.105,0.185,0.0,0.0,0.0,0.0,0.0,0.0,0.0,0.0,0.0,0.0,0.0,0.0,0.0,0.0,0.0,0.0,0.0,0.085,0.0,0.0,0.0,0.0,0.0,0.0,0.0,0.0,0.0,0.0,0.0
AT1G35460,0.0,0.105,0.0,0.0,0.0,0.0,0.0,0.0,0.025,0.0,0.0,0.0,0.0,0.0,0.0,0.0,0.0,0.0,0.165,0.0,0.0,0.0,0.0,0.005,0.03,0.0,0.0,0.0,0.0,0.0,0.0,0.0,0.0,0.0,0.0,0.1,0.0,0.0,0.0,0.0,0.015,0.0,0.0,0.0
AT1G36060,0.0,0.46,0.0,0.0,0.285,0.0,0.005,0.0,0.0,0.0,0.07,0.0,0.0,0.045,0.0,0.0,0.0,0.0,0.0,0.0,0.0,0.0,0.0,0.0,0.335,0.0,0.0,0.0,0.0,0.0,0.0,0.0,0.0,0.0,0.0,0.64,0.0,0.0,0.0,0.005,0.0,0.0,0.0,0.0
AT1G43160,0.0,0.725,0.0,0.0,0.0,0.05,0.0,0.965,0.0,0.545,0.01,0.0,0.0,0.0,0.0,0.0,0.0,0.0,0.01,0.0,0.0,0.0,0.0,0.0,0.23,0.0,0.0,0.805,0.305,0.0,0.0,0.175,0.0,0.425,0.595,0.0,0.9,0.44,0.04,0.0,0.995,0.265,0.0,0.0
AT1G43700,0.0,0.0,0.0,0.025,0.0,0.0,0.0,0.0,0.0,0.0,0.14,0.0,0.0,0.0,0.0,0.0,0.0,0.0,0.0,0.0,0.0,0.0,0.0,0.0,0.0,0.0,0.0,0.0,0.0,0.0,0.0,0.0,0.0,0.0,0.0,0.0,0.0,0.0,0.0,0.0,0.0,0.0,0.0,0.0
AT1G44830,0.0,0.01,0.0,0.0,0.54,0.0,0.0,0.0,0.0,0.0,0.0,0.0,0.36,0.0,0.0,0.0,0.0,0.0,0.08,0.0,0.0,0.0,0.0,0.0,0.0,0.0,0.0,0.0,0.0,0.0,0.025,0.0,0.0,0.0,0.0,0.0,0.0,0.005,0.0,0.0,0.0,0.0,0.0,0.0
AT1G45249,0.0,0.0,0.0,0.0,0.0,0.0,0.0,0.3,0.0,0.005,0.765,0.0,0.05,0.0,0.0,0.0,0.0,0.0,0.0,0.0,0.0,0.0,0.025,0.0,0.0,0.585,0.0,0.0,0.205,0.0,0.0,0.045,0.02,0.0,0.715,0.23,0.36,0.0,0.0,0.0,0.02,0.0,0.0,0.0
AT1G46768,0.0,0.0,0.0,0.0,0.0,0.43,0.0,0.0,0.73,0.0,0.0,0.0,0.0,0.13,0.14,0.0,0.0,0.0,0.02,0.17,0.0,0.0,0.0,0.0,0.0,0.0,0.0,0.0,0.0,0.5,0.0,0.0,0.66,0.45,0.0,0.395,0.0,0.0,0.0,0.0,0.0,0.0,0.0,0.0
AT1G47655,0.0,0.005,0.0,0.0,0.0,0.0,0.0,0.0,0.0,0.0,0.0,0.0,0.0,0.0,0.0,0.0,0.0,0.0,0.0,0.0,0.0,0.0,0.0,0.0,0.0,0.0,0.0,0.0,0.0,0.0,0.0,0.0,0.0,0.0,0.0,0.0,0.0,0.0,0.0,0.0,0.0,0.0,0.0,0.0
AT1G49010,0.0,0.0,0.225,0.31,0.48,0.0,0.0,0.07,0.84,0.0,0.545,0.005,0.86,0.0,0.0,0.775,0.0,0.0,1.0,0.86,1.0,1.0,0.995,0.0,0.01,0.005,0.0,0.015,0.0,0.31,1.0,0.27,0.0,0.0,0.205,0.985,0.0,0.005,0.995,0.915,0.08,0.0,0.33,0.99
AT1G49480,0.0,0.92,0.0,0.0,0.05,0.605,0.0,0.0,1.0,0.0,0.0,0.0,0.0,0.935,0.0,0.0,0.01,0.005,0.0,1.0,0.0,0.0,0.835,0.125,0.52,0.0,1.0,0.0,0.0,0.11,0.0,0.0,0.885,0.79,0.0,0.965,0.0,0.0,0.315,0.995,0.0,0.0,0.0,0.57
AT1G49560,0.0,0.255,0.0,0.0,0.61,0.54,0.31,0.0,0.955,0.0,0.6,0.0,0.935,0.0,0.0,0.0,0.0,0.0,0.025,0.86,0.0,0.0,0.005,0.0,0.0,0.0,0.0,0.0,0.0,0.0,0.44,0.0,0.475,0.66,0.0,0.985,0.0,0.505,0.0,0.0,0.79,0.87,0.935,0.0
AT1G50640,0.0,0.035,0.0,0.0,0.0,0.0,0.0,0.0,0.03,0.0,0.595,0.0,0.095,0.18,0.0,0.0,0.0,0.0,0.0,0.0,0.0,0.0,0.0,0.0,0.0,0.15,0.0,0.0,0.0,0.0,0.0,0.0,0.115,0.005,0.0,0.0,0.0,0.0,0.0,0.0,0.0,0.0,0.0,0.0
AT1G51140,0.0,0.48,0.0,0.925,0.39,0.38,0.0,0.49,0.08,0.635,0.0,0.0,0.0,0.0,0.0,0.475,0.0,0.035,0.0,0.0,0.015,0.0,0.815,0.0,0.405,0.49,0.0,0.425,0.47,0.39,0.395,0.005,0.09,0.265,0.63,0.26,0.515,0.0,1.0,0.97,0.0,0.0,0.0,0.0
AT1G51220,0.0,0.0,0.0,0.0,0.0,0.0,0.0,0.0,0.0,0.0,0.0,0.0,0.0,0.0,0.0,0.0,0.0,0.0,0.0,0.0,0.0,0.0,0.0,0.0,0.0,0.0,0.0,0.0,0.0,0.0,0.0,0.0,0.0,0.0,0.0,0.0,0.0,0.0,0.0,0.0,0.0,0.0,0.0,0.0
AT1G51700,0.0,0.0,0.0,0.0,0.205,0.01,0.0,0.0,0.04,0.0,0.96,0.005,0.465,0.08,0.005,0.45,0.105,0.0,0.06,0.0,0.0,0.0,0.0,0.0,0.0,0.105,0.065,0.0,0.0,0.185,0.275,0.0,0.415,0.07,0.0,0.365,0.0,0.09,0.77,0.0,0.0,0.0,0.0,0.22
AT1G52150,0.0,0.0,0.0,0.0,0.0,0.0,0.0,0.0,0.0,0.0,0.0,0.0,0.0,0.0,0.0,0.0,0.0,0.0,0.03,0.0,0.0,0.02,0.0,0.0,0.0,0.155,0.0,0.0,0.0,0.0,0.0,0.0,0.0,0.0,0.0,0.09,0.0,0.0,0.0,0.0,0.0,0.0,0.0,0.0
AT1G52880,0.0,0.055,0.0,0.0,0.0,0.0,0.0,0.0,0.0,0.0,0.755,0.0,0.065,0.25,0.005,0.0,0.0,0.0,0.045,0.0,0.0,0.0,0.005,0.08,0.0,0.06,0.0,0.0,0.0,0.0,0.005,0.0,0.0,0.38,0.0,0.06,0.015,0.0,0.0,0.0,0.0,0.0,0.0,0.235
AT1G53170,0.125,0.005,0.0,0.0,0.055,0.0,0.395,0.0,0.02,0.0,0.175,0.0,0.02,0.0,0.185,0.0,0.685,0.015,0.0,0.0,0.0,0.0,0.71,0.0,0.02,0.62,0.695,0.0,0.0,0.68,0.0,0.555,0.32,0.0,0.0,0.155,0.0,0.0,0.0,0.06,0.0,0.0,0.0,0.055
AT1G53230,0.0,0.055,0.0,0.49,0.0,0.085,0.0,0.0,0.0,0.0,0.125,0.0,0.295,0.0,0.0,0.0,0.0,0.0,0.1,0.0,0.0,0.0,0.0,0.0,0.0,0.41,0.0,0.0,0.0,0.0,0.0,0.0,0.0,0.0,0.0,0.0,0.0,0.0,0.0,0.0,0.0,0.0,0.0,0.0
AT1G53910,0.0,0.0,0.0,0.0,0.07,0.0,0.0,0.0,0.78,0.0,0.0,0.0,0.0,0.0,0.0,0.0,0.0,0.0,0.665,0.82,0.0,0.0,0.0,0.0,0.0,0.0,0.0,0.0,0.0,0.005,0.17,0.0,0.955,0.0,0.0,0.0,0.0,0.0,0.0,0.085,0.015,0.0,0.0,0.0
AT1G54330,0.0,0.0,0.0,0.0,0.02,0.0,0.005,0.0,0.0,0.0,0.0,0.0,0.405,0.34,0.0,0.0,0.0,0.0,0.0,0.0,0.0,0.0,0.0,0.0,0.005,0.0,0.0,0.0,0.0,0.0,0.155,0.0,0.0,0.26,0.0,0.105,0.0,0.0,0.0,0.015,0.0,0.0,0.0,0.0
AT1G55110,0.0,0.465,0.0,0.0,0.245,0.0,0.0,0.0,0.015,0.0,0.535,0.0,0.15,0.0,0.005,0.0,0.06,0.0,0.035,0.0,0.0,0.0,0.0,0.025,0.375,0.05,0.0,0.0,0.0,0.0,0.0,0.0,0.125,0.0,0.0,0.49,0.0,0.0,0.0,0.11,0.0,0.0,0.035,0.0
AT1G59640,0.0,0.12,0.0,0.0,0.2,0.0,0.0,0.0,0.0,0.025,0.0,0.0,0.0,0.17,0.0,0.0,0.0,0.0,0.3,0.0,0.13,0.0,0.0,0.0,0.02,0.035,0.0,0.045,0.05,0.0,0.0,0.0,0.0,0.055,0.0,0.345,0.0,0.0,0.0,0.025,0.0,0.0,0.0,0.0
AT1G62300,0.0,0.0,0.0,0.0,0.0,0.255,0.0,0.01,0.0,0.04,0.325,0.0,0.52,0.3,0.0,0.06,0.0,0.0,0.01,0.0,0.0,0.16,0.0,0.01,0.005,0.04,0.0,0.075,0.01,0.0,0.0,0.27,0.0,0.0,0.0,0.335,0.0,0.0,0.0,0.0,0.0,0.0,0.0,0.0
AT1G63030,0.0,0.0,0.0,0.0,0.0,0.0,0.0,0.0,0.0,0.0,0.0,0.0,0.0,0.0,0.0,0.0,0.0,0.0,0.0,0.0,0.0,0.0,0.0,0.0,0.0,0.0,0.0,0.0,0.0,0.0,0.0,0.0,0.0,0.0,0.0,0.0,0.0,0.0,0.0,0.0,0.0,0.0,0.0,0.0
AT1G64620,0.0,0.455,0.0,0.495,0.0,0.17,0.275,0.0,0.0,0.0,0.02,0.165,0.255,0.005,0.0,0.0,0.0,0.005,0.0,0.0,0.175,0.0,0.0,0.0,0.08,0.005,0.33,0.045,0.0,0.0,0.0,0.08,0.135,0.0,0.185,0.675,0.0,0.005,0.0,0.0,0.54,0.0,0.0,0.0
AT1G65910,0.0,0.04,0.0,0.0,0.0,0.0,0.0,0.0,0.0,0.0,0.0,0.0,0.0,0.0,0.0,0.01,0.0,0.0,0.01,0.0,0.0,0.0,0.0,0.0,0.0,0.0,0.0,0.0,0.0,0.0,0.015,0.0,0.0,0.0,0.0,0.05,0.0,0.0,0.0,0.0,0.0,0.0,0.0,0.0
AT1G68200,0.0,0.0,0.0,0.0,0.0,0.05,0.195,0.0,0.0,0.0,0.0,0.0,0.0,0.65,0.155,0.0,0.0,0.0,0.46,0.055,0.0,0.005,0.0,0.0,0.205,0.0,0.0,0.0,0.0,0.0,0.0,0.0,0.0,0.0,0.0,0.095,0.0,0.0,0.045,0.0,0.0,0.0,0.0,0.0
AT1G68320,0.86,0.575,0.0,0.0,0.475,0.8,0.965,0.0,0.0,0.0,0.16,0.0,0.865,0.55,0.06,0.0,0.0,0.0,0.385,0.0,0.0,0.0,0.0,0.0,0.485,0.0,0.25,0.0,0.0,0.0,0.9,0.0,0.105,0.35,0.0,0.945,0.0,1.0,0.0,0.13,0.0,0.0,0.0,0.0
AT1G68550,0.94,0.755,0.0,0.0,0.37,0.07,0.02,0.0,0.645,0.0,0.745,0.0,0.0,0.215,0.0,0.055,0.0,0.0,0.045,0.91,0.0,0.0,0.0,0.855,0.675,0.01,0.0,0.005,0.025,0.0,0.0,0.075,0.0,0.765,0.0,0.0,0.0,0.0,0.0,0.44,0.0,0.0,0.0,0.0
AT1G68670,0.035,0.095,0.0,0.0,0.345,0.245,0.015,0.0,0.515,0.0,0.0,0.0,0.0,0.56,0.0,0.0,0.0,0.0,0.3,0.73,0.0,0.015,0.195,0.0,0.0,0.0,0.0,0.0,0.0,0.035,0.0,0.0,0.33,0.0,0.0,0.055,0.0,0.0,0.0,0.0,0.0,0.04,0.0,0.0
AT1G69010,1.0,0.0,0.0,0.0,0.69,0.04,1.0,0.99,0.0,0.19,0.655,0.0,0.82,0.0,0.0,1.0,0.0,0.0,0.0,0.0,0.025,0.0,0.34,0.09,0.0,0.01,0.0,0.0,0.015,0.555,0.03,0.0,0.17,0.0,0.99,0.045,0.615,0.995,0.0,0.935,0.775,0.05,0.0,0.0
AT1G69180,0.0,0.92,0.0,0.0,0.0,0.03,0.0,0.0,0.0,0.0,0.875,0.0,0.0,0.315,0.0,0.0,0.0,0.0,0.0,0.0,0.0,0.0,0.0,0.0,0.785,0.0,0.0,0.0,0.0,0.0,0.0,0.0,0.0,0.0,0.0,0.0,0.0,0.0,0.0,0.0,0.0,0.0,0.0,0.0
AT1G69490,0.0,0.275,0.0,0.0,0.095,0.0,0.01,0.005,0.0,0.0,0.0,0.0,0.0,0.0,0.005,0.0,0.0,0.0,0.0,0.005,0.0,0.0,0.095,0.0,0.21,0.0,0.465,0.0,0.0,0.615,0.0,0.175,0.66,0.0,0.0,0.02,0.0,0.0,0.0,0.0,0.335,0.0,0.0,0.0
AT1G69570,0.0,0.0,0.0,0.0,0.44,0.74,0.0,0.0,0.0,0.0,0.2,0.0,0.075,0.0,0.0,0.955,0.0,0.03,0.0,0.055,0.0,0.01,0.0,0.0,0.02,0.0,0.325,0.0,0.0,0.29,0.0,0.01,0.48,0.69,0.0,0.44,0.0,0.005,0.0,0.845,0.51,0.0,0.0,0.0
AT1G69690,0.0,0.0,0.0,0.0,0.465,0.0,0.0,0.0,0.0,0.0,0.0,0.0,0.0,0.0,0.0,0.41,0.0,0.0,0.0,0.0,0.0,0.0,0.0,0.0,0.0,0.0,0.0,0.0,0.0,0.0,0.0,0.0,0.0,0.0,0.0,0.0,0.0,0.0,0.005,0.285,0.0,0.0,0.0,0.0
AT1G69780,0.425,0.48,0.0,0.485,0.77,0.685,0.0,0.0,0.005,0.0,0.145,0.0,0.115,0.015,0.985,0.0,0.0,0.155,0.83,0.29,0.445,0.69,0.0,0.08,0.005,0.44,1.0,0.0,0.0,0.995,0.0,0.015,0.235,0.175,0.0,0.275,0.0,0.305,0.0,0.62,0.01,0.91,0.0,0.87
AT1G70920,0.0,0.0,0.0,0.0,0.0,0.0,0.0,0.0,0.0,0.0,0.165,0.0,0.03,0.01,0.0,0.0,0.0,0.0,0.0,0.0,0.0,0.0,0.0,0.0,0.0,0.0,0.0,0.0,0.0,0.0,0.0,0.0,0.0,0.0,0.0,0.06,0.0,0.0,0.0,0.01,0.0,0.0,0.0,0.0
AT1G71450,0.0,0.0,0.0,0.0,0.755,0.0,0.0,0.0,0.0,0.0,0.0,0.0,0.0,0.0,0.0,0.0,0.0,0.0,0.0,0.0,0.0,0.0,0.0,0.0,0.0,0.0,0.0,0.0,0.0,0.0,0.0,0.0,0.0,0.0,0.0,0.0,0.0,0.985,0.0,0.795,0.0,0.0,0.0,0.0
AT1G72010,0.0,0.005,0.0,0.0,0.01,0.0,0.0,0.0,0.005,0.0,0.0,0.0,0.0,0.0,0.0,0.0,0.0,0.0,0.175,0.0,0.0,0.0,0.0,0.0,0.0,0.06,0.0,0.0,0.0,0.0,0.0,0.0,0.0,0.0,0.0,0.0,0.0,0.065,0.0,0.0,0.0,0.0,0.0,0.0
AT1G72740,0.0,0.895,0.0,0.0,0.0,1.0,0.065,0.0,1.0,0.0,1.0,0.0,0.375,0.0,0.025,0.115,0.0,0.0,1.0,1.0,0.0,0.0,0.0,0.835,0.0,0.04,0.94,0.0,0.0,0.995,0.0,0.0,1.0,1.0,0.0,0.0,0.0,0.15,0.0,1.0,0.005,0.0,0.0,0.0
AT1G74480,0.0,0.925,0.0,0.0,0.0,0.0,0.0,0.0,0.0,0.0,0.025,0.0,0.0,0.0,0.0,0.0,0.0,0.0,1.0,0.0,0.0,0.0,0.0,0.0,0.125,0.0,0.0,0.0,0.0,0.0,0.0,0.0,0.0,0.0,0.0,0.81,0.0,0.0,0.0,0.0,0.0,0.0,0.0,0.0
AT1G74650,0.0,0.84,0.0,0.0,0.05,0.345,0.73,0.0,0.92,0.0,0.625,0.0,0.515,0.355,0.66,0.0,0.015,0.0,0.81,0.0,0.0,0.0,0.0,0.62,0.68,0.99,0.08,0.01,0.075,0.0,0.975,0.725,0.0,0.53,0.0,0.57,0.0,0.93,0.0,0.275,0.29,0.0,0.0,0.66
AT1G74840,0.0,0.015,0.0,0.515,0.03,0.0,0.0,0.0,0.0,0.0,0.0,0.0,0.0,0.0,0.795,0.0,0.1,0.0,0.02,0.0,0.0,0.0,0.0,0.0,0.0,0.6,0.915,0.0,0.01,0.87,0.0,0.0,0.855,0.0,0.0,0.34,0.0,0.0,0.99,0.0,0.0,1.0,0.015,0.665
AT1G75080,0.0,0.0,0.0,0.0,0.29,0.0,0.0,0.0,0.0,0.0,0.0,0.0,0.0,0.0,0.0,0.0,0.0,0.0,0.0,0.0,0.0,0.0,0.0,0.0,0.0,0.0,0.0,0.0,0.0,0.0,0.0,0.0,0.0,0.0,0.0,0.0,0.0,0.0,0.0,0.005,0.0,0.0,0.0,0.0
AT1G75240,0.0,0.0,0.0,0.365,0.51,0.0,0.0,0.055,0.0,0.0,0.435,0.0,0.025,0.0,0.0,0.65,0.0,0.0,0.12,0.07,0.0,0.0,0.03,0.45,0.14,0.0,0.415,0.0,0.0,0.06,0.0,0.065,0.17,0.0,0.065,0.44,0.0,0.0,0.875,0.905,0.0,0.32,0.0,0.35
AT1G75390,0.0,0.45,0.0,0.0,0.0,0.0,0.0,0.0,0.085,0.0,0.645,0.0,0.955,0.005,0.0,0.0,0.0,0.0,0.01,0.185,0.0,0.0,0.0,0.0,0.13,0.03,0.0,0.0,0.0,0.0,0.03,0.0,0.33,0.0,0.0,0.0,0.0,0.0,0.0,0.0,0.0,0.0,0.0,0.005
AT1G76420,0.0,0.0,0.0,0.0,0.0,0.0,0.0,0.0,0.0,0.0,0.05,0.0,0.0,0.0,0.045,0.0,0.0,0.0,0.27,0.015,0.0,0.0,0.0,0.0,0.0,0.0,0.25,0.0,0.0,0.32,0.0,0.0,0.125,0.0,0.0,0.0,0.0,0.0,0.0,0.0,0.005,0.0,0.0,0.0
AT1G76890,0.765,0.605,0.0,0.0,0.895,0.775,0.18,0.0,0.275,0.0,0.92,0.0,0.785,0.04,0.93,0.26,0.0,0.0,0.125,0.24,0.0,0.0,0.0,0.0,0.055,0.345,0.735,0.0,0.0,0.985,0.0,0.0,0.065,0.0,0.0,0.14,0.0,0.0,0.115,0.07,0.0,0.465,0.0,0.58
AT1G77200,1.0,0.97,0.0,0.0,0.94,0.09,1.0,0.0,0.995,0.0,0.515,0.0,0.0,0.145,0.0,1.0,0.0,0.0,0.0,0.0,0.0,0.0,0.0,0.0,0.99,0.0,0.0,0.0,0.01,0.125,0.0,0.48,0.0,0.0,0.0,0.025,0.0,0.0,0.0,0.895,0.0,0.0,0.0,0.0
AT1G77920,0.08,0.495,0.0,0.0,0.62,0.54,0.51,0.045,0.37,0.255,0.73,0.0,0.23,0.825,0.0,0.86,0.0,0.0,0.99,0.28,0.0,0.0,0.005,0.295,0.36,0.44,0.135,0.43,0.075,0.0,0.785,0.8,0.565,0.56,0.0,0.35,0.0,0.36,0.0,0.93,0.0,0.0,0.0,0.005
AT1G78700,0.045,0.0,0.0,0.0,0.115,0.0,0.13,0.0,0.0,0.0,0.0,0.0,0.0,0.02,0.0,0.84,0.0,0.0,0.0,0.0,0.0,0.0,0.0,0.0,0.0,0.23,0.0,0.005,0.0,0.245,0.0,0.0,0.385,0.22,0.0,0.145,0.0,0.0,0.0,0.11,0.0,0.0,0.0,0.0
AT1G79180,0.0,0.0,0.0,0.0,0.0,0.37,0.0,0.0,0.0,0.0,0.0,0.0,0.0,0.0,0.0,0.0,0.0,0.0,0.0,0.0,0.0,0.0,0.0,0.0,0.0,0.0,0.0,0.0,0.0,0.0,0.0,0.0,0.0,0.01,0.0,0.05,0.0,0.0,0.0,0.0,0.0,0.0,0.0,0.0
AT1G79580,0.0,0.0,0.0,0.0,0.0,0.0,0.0,0.62,0.0,0.845,0.0,0.0,0.0,0.0,0.0,0.0,0.0,0.0,0.0,0.0,0.0,0.0,0.0,0.315,0.005,0.135,0.0,0.615,0.795,0.0,0.715,0.0,0.0,0.0,0.0,0.0,0.815,0.0,0.0,0.0,0.34,0.0,0.0,0.05
AT1G80840,0.0,0.0,0.0,0.105,0.965,0.27,0.0,0.0,0.635,0.0,0.67,0.245,0.76,0.115,0.0,0.0,0.3,0.0,0.26,0.24,0.0,0.0,0.36,0.535,0.0,0.0,0.0,0.0,0.02,0.0,0.245,0.0,0.08,0.28,0.0,0.71,0.0,0.005,0.0,0.14,0.0,0.065,0.0,0.0
AT2G01060,0.0,0.0,0.0,0.0,0.0,0.0,0.0,0.0,0.0,0.0,0.0,0.0,0.0,0.0,0.0,0.0,0.0,0.0,0.0,0.0,0.0,0.0,0.0,0.0,0.0,0.025,0.0,0.0,0.0,0.0,0.0,0.0,0.0,0.0,0.0,0.0,0.0,0.0,0.0,0.0,0.0,0.0,0.0,0.015
AT2G01930,0.0,0.565,0.0,0.0,0.0,0.0,0.0,0.0,0.0,0.0,0.995,0.0,0.655,0.0,1.0,0.185,0.0,0.0,0.815,0.0,0.0,0.0,0.0,0.0,0.83,0.0,1.0,0.0,0.0,1.0,0.91,0.0,0.64,0.0,0.0,0.095,0.0,0.0,0.32,0.0,0.0,0.0,0.0,1.0
AT2G01940,0.0,0.335,0.0,0.135,0.0,0.84,0.86,0.0,0.15,0.0,0.56,0.0,0.91,0.0,0.75,1.0,0.855,0.0,0.985,0.105,0.0,0.53,0.025,0.0,0.37,0.09,0.9,0.0,0.0,0.71,1.0,0.0,0.89,0.635,0.0,0.0,0.0,0.98,0.105,0.03,0.795,0.995,0.0,0.785
AT2G02070,0.755,0.76,0.0,0.0,0.03,0.0,0.0,0.0,0.0,0.0,0.06,0.39,0.02,0.145,0.0,0.0,0.0,0.0,0.445,0.0,0.635,0.22,0.0,0.61,0.96,0.13,0.0,0.0,0.0,0.0,0.085,0.395,0.0,0.0,0.0,0.0,0.0,0.69,0.0,0.16,0.99,0.0,0.0,0.0
AT2G02080,0.0,0.535,0.0,0.975,0.7,0.005,0.405,0.0,0.07,0.0,0.905,0.0,1.0,0.86,0.985,0.0,0.0,0.945,0.44,0.88,0.995,0.69,0.0,0.15,0.0,0.415,0.535,0.0,0.005,0.88,0.515,0.0,0.99,0.115,0.0,0.13,0.0,0.295,0.55,0.89,0.0,0.0,0.035,0.365
AT2G02450,0.0,0.25,0.0,0.0,0.72,0.585,0.0,0.0,0.125,0.0,0.0,0.0,0.0,0.0,0.0,0.0,0.0,0.0,0.0,0.0,0.0,0.0,0.0,0.0,0.125,0.125,0.0,0.0,0.0,0.0,0.0,0.0,0.0,0.09,0.0,0.0,0.0,0.0,0.0,0.0,0.0,0.0,0.0,0.0
AT2G02820,0.0,0.135,0.0,0.0,0.0,0.0,0.0,0.0,0.05,0.0,0.0,0.0,0.0,0.0,0.0,0.0,0.0,0.0,0.0,0.005,0.0,0.0,0.0,0.0,0.03,0.29,0.0,0.0,0.0,0.35,0.0,0.0,0.33,0.0,0.0,0.07,0.0,0.0,0.0,0.0,0.0,0.0,0.0,0.0
AT2G03340,0.0,0.005,0.0,0.0,0.01,0.0,0.0,0.0,0.0,0.0,0.395,0.0,0.015,0.0,0.0,0.0,0.0,0.0,0.035,0.0,0.0,0.0,0.0,0.0,0.0,0.0,0.0,0.0,0.0,0.0,0.0,0.0,0.0,0.0,0.0,0.0,0.0,0.0,0.0,0.005,0.0,0.0,0.0,0.0
AT2G03500,0.0,0.0,0.0,0.005,0.0,0.0,0.0,0.005,0.0,0.0,0.23,0.0,0.145,0.95,0.0,0.0,0.0,0.0,0.0,0.0,0.0,0.78,0.0,0.0,0.0,0.0,0.0,0.0,0.075,0.0,0.0,0.0,0.0,0.0,0.04,0.355,0.02,0.0,0.0,0.365,0.0,0.0,0.0,0.0
AT2G04038,0.0,0.0,0.0,0.0,0.12,0.0,0.0,0.0,0.0,0.0,0.0,0.0,0.0,0.0,0.0,0.0,0.0,0.0,0.0,0.0,0.0,0.0,0.0,0.0,0.0,0.0,0.0,0.02,0.0,0.0,0.0,0.0,0.0,0.0,0.0,0.0,0.0,0.0,0.0,0.0,0.0,0.0,0.0,0.0
AT2G06200,0.0,0.0,0.0,0.0,0.0,0.0,0.0,0.0,0.0,0.0,0.0,0.0,0.0,0.0,0.0,0.0,0.0,0.0,0.52,0.755,0.0,0.0,0.0,0.0,0.0,0.0,0.0,0.0,0.0,0.0,0.21,0.0,0.0,0.01,0.0,0.74,0.0,0.0,0.0,0.0,0.0,0.0,0.0,0.0
AT2G15740,0.0,0.0,0.0,0.0,0.0,0.0,0.0,0.0,0.0,0.0,0.0,0.0,0.0,0.0,0.0,0.0,0.0,0.0,0.0,0.0,0.0,0.0,0.0,0.0,0.0,0.0,0.0,0.0,0.0,0.0,0.0,0.0,0.0,0.255,0.0,0.0,0.0,0.0,0.0,0.0,0.0,0.0,0.0,0.0
AT2G18060,0.0,0.045,0.0,0.0,0.0,0.0,0.0,0.0,0.0,0.0,0.0,0.0,0.0,0.0,0.0,0.005,0.0,0.0,0.01,0.0,0.0,0.0,0.0,0.0,0.01,0.07,0.0,0.0,0.0,0.0,0.0,0.0,0.0,0.0,0.0,0.0,0.0,0.0,0.0,0.04,0.0,0.0,0.0,0.0
AT2G18160,0.02,0.0,0.0,0.0,0.0,0.0,0.0,0.0,0.0,0.0,0.0,0.0,0.0,0.0,0.0,0.0,0.0,0.0,0.03,0.0,0.0,0.0,0.0,0.0,0.0,0.0,0.0,0.0,0.0,0.0,0.0,0.0,0.0,0.0,0.0,0.145,0.0,0.0,0.0,0.025,0.0,0.0,0.0,0.0
AT2G18350,0.0,0.045,0.0,0.445,0.0,0.0,0.0,0.0,0.0,0.0,0.0,0.0,0.0,0.605,0.0,0.015,0.0,0.12,0.745,0.03,0.04,0.03,0.0,0.28,0.0,0.425,0.0,0.0,0.025,0.0,0.235,0.0,0.005,0.0,0.0,0.07,0.0,0.29,0.0,0.0,0.74,0.0,0.0,0.0
AT2G18380,0.0,1.0,0.0,0.0,1.0,1.0,0.0,0.0,0.175,0.0,1.0,0.0,1.0,0.025,1.0,0.66,0.0,0.0,0.58,0.205,0.0,0.0,0.0,0.0,1.0,0.97,0.0,0.005,0.0,0.0,0.575,0.0,0.0,1.0,0.0,0.0,0.0,0.42,0.875,1.0,0.0,0.035,0.0,1.0
AT2G18550,0.0,0.26,0.055,0.0,0.0,0.0,0.0,0.44,0.12,0.95,0.0,0.0,0.0,0.21,0.0,0.0,0.535,0.0,0.405,0.005,0.0,0.655,0.0,0.0,0.355,0.0,0.0,0.785,0.92,0.0,0.235,0.0,0.0,0.68,0.25,0.475,0.255,0.035,0.0,0.0,0.0,0.0,0.0,0.0
AT2G20110,0.0,0.0,0.0,0.96,0.55,0.18,0.035,0.0,0.0,0.0,0.0,0.0,0.24,0.0,0.0,0.0,0.095,0.145,0.0,0.0,0.105,0.4,0.0,0.0,0.0,0.605,0.19,0.0,0.63,0.005,0.0,0.44,0.29,0.69,0.01,0.035,0.0,0.0,0.0,0.0,0.98,0.0,0.0,0.0
AT2G20400,0.0,0.115,0.0,0.0,0.195,0.035,0.0,0.0,0.0,0.0,0.1,0.0,0.01,0.0,0.0,0.0,0.0,0.0,0.155,0.0,0.0,0.0,0.0,0.0,0.0,0.1,0.0,0.0,0.0,0.0,0.0,0.005,0.045,0.0,0.0,0.0,0.0,0.0,0.0,0.0,0.0,0.0,0.0,0.0
AT2G22430,0.45,0.0,0.0,0.015,0.0,0.0,0.0,0.005,0.0,0.0,0.585,0.0,0.025,0.0,0.05,0.175,0.0,0.0,0.32,0.005,0.0,0.0,0.28,0.02,0.0,0.485,0.0,0.01,0.0,0.03,0.065,0.0,0.125,0.0,0.005,0.0,0.015,0.005,0.25,0.0,0.0,0.0,0.0,0.145
AT2G22540,0.0,0.0,0.0,0.0,0.07,0.0,0.0,0.0,0.0,0.0,0.02,0.0,0.16,0.265,0.0,0.035,0.0,0.005,0.67,0.0,0.935,0.0,0.435,0.0,0.015,0.44,0.265,0.0,0.0,0.34,0.0,0.0,0.145,0.52,0.0,0.45,0.0,0.5,0.37,0.89,0.0,0.0,0.0,0.27
AT2G23290,0.085,0.675,0.0,0.0,0.0,0.0,0.0,0.0,0.0,0.0,0.225,0.0,0.005,0.0,0.0,0.0,0.0,0.0,0.21,0.0,0.01,0.0,0.455,0.0,0.345,0.515,0.0,0.0,0.0,0.0,0.0,0.0,0.0,0.0,0.0,0.5,0.0,0.0,0.005,0.74,0.04,0.605,0.195,0.0
AT2G23320,0.0,0.0,0.0,0.005,0.0,0.0,0.005,0.0,0.035,0.0,0.0,0.0,0.0,0.215,0.045,0.005,0.01,0.0,0.0,0.0,0.0,0.275,0.0,0.045,0.0,0.235,0.01,0.0,0.0,0.0,0.0,0.0,0.175,0.0,0.0,0.355,0.0,0.0,0.0,0.0,0.0,0.05,0.0,0.795
AT2G23340,0.0,0.07,0.0,0.0,0.005,0.0,0.0,0.0,0.08,0.0,0.005,0.0,0.025,0.0,0.0,0.0,0.0,0.0,0.165,0.075,0.01,0.0,0.0,0.0,0.005,0.05,0.0,0.0,0.0,0.0,0.0,0.0,0.16,0.0,0.0,0.015,0.0,0.005,0.0,0.0,0.0,0.0,0.0,0.0
AT2G24430,0.0,0.015,0.0,0.0,0.0,0.0,0.0,0.0,0.0,0.0,0.0,0.0,0.0,0.0,0.0,0.0,0.0,0.0,0.115,0.0,0.0,0.0,0.0,0.0,0.0,0.0,0.0,0.0,0.0,0.0,0.0,0.0,0.305,0.0,0.0,0.0,0.0,0.0,0.0,0.0,0.0,0.0,0.0,0.0
AT2G26960,0.0,0.0,0.0,0.0,0.0,0.0,0.0,0.0,0.0,0.0,0.0,0.0,0.0,0.0,0.0,0.0,0.0,0.0,0.0,0.0,0.0,0.0,0.0,0.0,0.0,0.0,0.0,0.0,0.0,0.0,0.0,0.0,0.0,0.0,0.0,0.0,0.0,0.0,0.0,0.0,0.0,0.0,0.0,0.0
AT2G27300,0.0,0.075,0.0,0.0,0.0,0.0,0.0,0.0,0.0,0.01,0.15,0.0,0.0,0.01,0.0,0.0,0.0,0.0,0.0,0.005,0.0,0.0,0.0,0.0,0.0,0.0,0.0,0.405,0.06,0.0,0.0,0.0,0.0,0.0,0.0,0.035,0.0,0.005,0.0,0.0,0.0,0.0,0.0,0.0
AT2G28810,0.135,0.135,0.0,0.055,0.0,0.08,0.93,0.0,0.08,0.0,0.135,0.0,0.95,0.92,0.135,0.535,0.0,0.0,0.215,0.125,0.095,0.0,0.255,0.0,0.015,0.165,0.86,0.0,0.0,0.8,0.0,0.0,0.055,0.0,0.0,0.31,0.0,0.0,0.0,0.065,0.0,0.995,0.0,0.0
AT2G30250,0.0,0.0,0.0,0.06,0.015,0.0,0.0,0.0,0.0,0.0,0.0,0.0,0.0,0.185,0.0,0.0,0.11,0.0,0.035,0.045,0.0,0.0,0.0,0.0,0.0,0.55,0.0,0.0,0.0,0.0,0.0,0.22,0.065,0.0,0.0,0.16,0.0,0.0,0.0,0.0,0.06,0.01,0.0,0.0
AT2G30340,0.0,0.0,0.0,0.0,0.0,0.0,0.0,0.0,0.0,0.0,0.0,0.0,0.0,0.0,0.0,0.0,0.0,0.0,0.0,0.0,0.0,0.0,0.0,0.0,0.0,0.0,0.0,0.0,0.01,0.0,0.0,0.0,0.0,0.0,0.0,0.0,0.0,0.0,0.0,0.0,0.0,0.0,0.0,0.0
AT2G30590,0.0,0.04,0.0,0.0,0.0,0.0,0.0,0.0,0.0,0.0,0.0,0.0,0.0,0.0,0.0,0.0,0.0,0.0,0.0,0.0,0.0,0.0,0.0,0.0,0.0,0.0,0.0,0.0,0.0,0.0,0.0,0.0,0.0,0.0,0.0,0.0,0.0,0.0,0.0,0.0,0.0,0.0,0.0,0.0
AT2G31220,0.0,0.525,0.0,0.0,0.0,0.0,0.0,0.0,0.0,0.0,0.0,0.0,0.0,0.0,0.0,0.0,0.0,0.0,0.0,0.0,0.0,0.0,0.0,0.0,0.12,0.0,0.0,0.0,0.0,0.0,0.0,0.0,0.0,0.0,0.0,0.01,0.0,0.0,0.0,0.0,0.0,0.0,0.0,0.0
AT2G31230,0.0,0.16,0.0,0.805,1.0,0.955,0.23,0.0,1.0,0.0,0.99,0.0,0.37,0.0,0.91,0.95,0.0,0.01,0.955,1.0,0.605,0.89,1.0,0.835,0.0,0.42,1.0,0.0,0.0,1.0,0.455,0.0,1.0,0.98,0.0,0.46,0.0,0.9,0.99,1.0,0.0,1.0,0.1,0.995
AT2G32460,0.0,0.0,0.0,0.0,0.115,0.0,0.0,0.0,0.005,0.0,0.0,0.0,0.0,0.01,0.0,0.0,0.0,0.0,0.085,0.0,0.0,0.0,0.0,0.0,0.0,0.0,0.0,0.0,0.0,0.0,0.085,0.0,0.08,0.0,0.0,0.0,0.0,0.0,0.0,0.0,0.0,0.0,0.0,0.0
AT2G33550,0.0,0.475,0.0,0.0,0.84,0.0,0.03,0.01,0.0,0.0,0.0,0.0,0.0,0.01,0.05,0.0,0.0,0.0,0.0,0.0,0.0,0.0,0.0,0.0,0.435,0.0,0.02,0.0,0.0,0.005,0.0,0.0,0.19,0.01,0.0,0.35,0.0,0.0,0.0,0.0,0.0,0.0,0.0,0.0
AT2G33710,0.0,0.0,0.0,0.0,0.33,1.0,0.05,0.0,0.415,0.0,0.97,0.0,0.905,0.0,0.0,0.88,0.0,0.0,0.0,0.0,0.0,0.0,0.0,0.0,1.0,0.0,0.0,0.0,0.0,0.41,0.0,1.0,0.76,1.0,0.0,1.0,0.0,0.0,0.0,0.0,0.0,0.0,0.0,0.925
AT2G35530,0.0,0.0,0.0,0.0,0.0,0.0,0.0,0.0,0.0,0.0,0.0,0.0,0.0,0.0,0.0,0.0,0.0,0.0,0.0,0.0,0.0,0.0,0.0,0.0,0.0,0.0,0.0,0.0,0.0,0.0,0.0,0.0,0.0,0.0,0.0,0.0,0.0,0.0,0.0,0.0,0.0,0.0,0.0,0.0
AT2G35700,0.0,0.0,0.0,0.03,0.0,0.46,0.0,0.0,0.175,0.0,0.0,0.0,0.0,0.005,0.0,0.0,0.0,0.0,0.05,0.015,0.0,0.0,0.0,0.0,0.0,0.0,0.015,0.0,0.0,0.1,0.005,0.025,0.085,0.155,0.0,0.015,0.0,0.0,0.0,0.0,0.0,0.0,0.0,0.005
AT2G36010,0.0,0.945,0.0,0.0,0.845,0.98,0.0,0.0,0.645,0.0,0.0,0.0,0.0,0.355,0.0,0.0,0.0,1.0,0.81,0.725,0.0,0.0,0.0,0.0,0.88,0.005,0.0,0.0,0.0,0.01,0.0,0.0,0.08,1.0,0.0,0.49,0.0,0.0,0.0,0.15,0.0,0.0,0.0,0.0
AT2G36270,0.0,0.15,0.0,0.0,0.0,1.0,0.0,0.875,0.12,0.995,0.0,0.0,0.0,0.025,0.38,0.0,0.1,0.0,0.98,0.53,0.0,0.02,0.0,0.0,0.0,0.0,0.0,0.88,1.0,0.07,1.0,0.01,0.595,0.96,0.72,0.0,0.96,0.855,0.0,0.0,0.12,0.0,0.5,0.545
AT2G37590,0.0,0.0,0.0,0.585,0.0,0.545,0.0,0.0,0.3,0.0,0.22,0.0,0.0,0.315,0.0,0.0,0.0,0.0,0.0,0.02,0.005,0.0,0.0,0.0,0.0,0.63,0.0,0.0,0.23,0.0,0.0,0.015,0.0,0.04,0.0,0.405,0.0,0.0,0.275,0.23,0.0,0.0,0.0,0.0
AT2G38340,0.0,0.285,0.0,0.0,0.0,0.145,0.0,0.34,0.595,0.0,0.765,0.0,0.0,0.615,0.0,0.0,0.0,0.0,0.405,0.89,0.0,0.5,0.0,0.0,0.015,0.0,0.0,0.185,0.0,0.005,0.0,0.0,0.0,0.0,0.215,0.385,0.015,0.0,0.0,0.0,0.0,0.0,0.0,0.0
AT2G38470,0.0,0.445,0.0,0.08,0.005,0.0,0.0,0.0,0.51,0.0,0.45,0.0,0.28,0.365,0.2,0.0,0.0,0.0,0.13,0.0,0.0,0.26,0.84,0.495,0.27,0.08,0.0,0.0,0.0,0.015,0.035,0.0,0.035,0.0,0.0,0.95,0.0,0.0,0.0,0.0,0.0,0.01,0.0,0.0
AT2G40260,0.0,0.085,0.0,0.0,0.0,0.0,0.0,0.0,0.0,0.0,0.0,0.0,0.0,0.0,0.005,0.0,0.0,0.0,0.0,0.0,0.0,0.0,0.0,0.0,0.0,0.01,0.07,0.0,0.0,0.0,0.685,0.0,0.095,0.0,0.0,0.0,0.0,0.025,0.08,0.0,0.32,0.0,0.0,0.0
AT2G40620,0.0,0.165,0.0,0.06,1.0,0.0,0.0,0.0,0.0,0.0,0.0,0.0,0.0,0.415,0.0,0.72,0.0,0.0,0.0,0.0,0.0,0.0,0.0,0.995,0.0,0.0,0.285,0.0,0.0,0.0,0.0,0.0,0.005,0.0,0.0,0.5,0.0,0.0,0.0,1.0,0.0,0.0,0.0,0.0
AT2G40740,0.0,0.795,0.0,0.0,0.0,0.0,0.0,0.0,0.0,0.0,0.115,0.0,0.66,0.0,0.54,0.0,0.0,0.0,0.0,0.57,0.0,0.0,0.05,0.0,0.535,0.0,0.0,0.0,0.0,0.0,0.0,0.87,0.495,0.4,0.0,0.855,0.0,0.0,0.0,0.0,0.0,0.285,0.0,0.0
AT2G41690,0.0,0.0,0.0,0.0,0.0,0.0,0.0,0.0,0.0,0.0,0.0,0.0,0.0,0.0,0.0,0.0,0.0,0.0,0.0,0.0,0.0,0.0,0.0,0.0,0.0,0.0,0.0,0.0,0.0,0.0,0.0,0.0,0.0,0.0,0.0,0.08,0.0,0.0,0.0,0.0,0.0,0.0,0.0,0.0
AT2G42200,0.0,0.38,0.0,0.86,0.4,0.0,0.0,0.0,0.005,0.0,0.67,0.05,0.42,0.775,0.13,0.0,0.04,0.005,0.97,0.0,0.895,0.0,0.0,0.0,0.005,0.715,0.01,0.0,0.0,0.01,0.0,0.015,0.165,0.01,0.0,0.76,0.0,0.77,0.76,0.01,0.955,0.0,0.0,0.0
AT2G42430,0.0,0.0,0.0,0.0,0.0,0.075,0.0,0.0,0.0,0.0,0.0,0.0,0.0,0.0,0.0,0.0,0.0,0.0,0.0,0.0,0.0,0.0,0.0,0.0,0.0,0.0,0.0,0.0,0.0,0.0,0.0,0.0,0.0,0.0,0.0,0.0,0.0,0.0,0.0,0.0,0.0,0.0,0.0,0.0
AT2G43000,0.0,0.865,0.0,0.015,0.0,0.0,0.0,0.0,0.46,0.0,0.0,0.0,0.0,0.98,0.99,0.85,0.0,0.03,0.71,0.22,0.0,0.0,0.0,0.125,0.865,0.0,0.92,0.0,0.0,0.7,0.47,0.38,0.63,0.04,0.0,0.8,0.0,0.095,0.0,0.3,0.0,0.0,0.0,0.0
AT2G44840,0.0,0.005,0.0,0.0,0.075,0.0,0.0,0.0,0.01,0.0,0.52,0.01,0.07,0.335,0.0,0.0,0.81,0.0,0.205,0.0,0.53,0.0,0.0,0.045,0.075,0.0,0.0,0.0,0.0,0.0,0.0,0.0,0.085,0.185,0.0,0.345,0.0,0.445,0.0,0.0,0.0,0.0,0.0,0.0
AT2G44940,0.0,0.42,0.0,0.0,0.0,0.0,0.0,0.0,0.0,0.0,0.685,0.0,0.01,0.0,0.0,0.02,0.0,0.0,0.0,0.0,0.0,0.08,0.0,0.205,0.015,0.635,0.0,0.0,0.0,0.0,0.0,0.0,0.04,0.0,0.0,0.0,0.0,0.0,0.0,0.27,0.0,0.34,0.0,0.065
AT2G45410,0.0,0.365,0.0,0.0,0.0,0.825,0.0,0.0,1.0,0.0,0.705,0.0,0.13,0.0,0.0,0.0,0.195,0.0,0.0,0.0,0.0,0.0,0.0,0.0,0.265,0.0,0.0,0.0,0.0,0.29,0.0,0.0,0.96,0.925,0.0,0.0,0.0,0.0,0.0,0.985,0.0,0.0,0.0,0.0
AT2G45420,0.0,0.05,0.0,0.0,0.0,0.0,0.005,0.0,0.0,0.0,0.005,0.0,0.0,0.44,0.04,0.0,0.0,0.0,0.91,0.0,0.0,0.0,0.0,0.0,0.0,0.0,0.0,0.0,0.0,0.0,0.73,0.0,0.51,0.01,0.0,0.0,0.0,0.975,0.0,0.26,0.025,0.0,0.0,0.0
AT2G45480,0.0,0.0,0.0,0.0,0.0,0.0,0.0,0.0,0.0,0.0,0.0,0.0,0.0,0.0,0.0,0.0,0.0,0.0,0.0,0.0,0.0,0.0,0.0,0.0,0.0,0.0,0.0,0.0,0.0,0.0,0.0,0.0,0.0,0.0,0.0,0.0,0.0,0.0,0.0,0.0,0.0,0.0,0.0,0.0
AT2G45680,0.0,0.0,0.0,0.0,0.0,0.0,0.0,0.0,0.0,0.0,0.0,0.0,0.0,0.0,0.0,0.0,0.0,0.0,0.0,0.0,0.0,0.0,0.0,0.0,0.0,0.0,0.0,0.0,0.0,0.0,0.0,0.0,0.0,0.0,0.0,0.0,0.0,0.0,0.0,0.0,0.0,0.0,0.0,0.0
AT2G46270,1.0,1.0,0.0,0.965,0.0,0.0,0.0,0.86,0.0,0.005,0.195,0.0,0.145,1.0,0.0,0.545,1.0,0.0,1.0,0.0,1.0,0.79,0.0,0.475,1.0,0.965,0.985,0.035,0.06,0.99,0.14,0.98,0.61,0.0,0.795,1.0,1.0,0.995,0.755,0.0,0.935,0.0,0.025,0.0
AT2G46590,0.02,0.0,0.0,0.0,0.0,0.0,0.0,0.0,0.15,0.0,0.055,0.0,0.06,0.14,0.005,0.0,0.0,0.0,0.0,0.015,0.0,0.0,0.0,0.02,0.02,0.0,0.0,0.0,0.0,0.0,0.0,0.0,0.0,0.015,0.0,0.395,0.0,0.0,0.01,0.165,0.0,0.0,0.0,0.005
AT2G46680,0.0,0.995,0.0,0.965,0.825,0.66,0.0,0.86,0.0,0.82,0.35,0.0,0.0,0.015,0.0,0.015,0.945,0.0,0.44,0.0,0.095,0.415,0.18,0.0,0.88,0.95,0.0,0.865,0.945,0.0,0.0,0.485,0.91,0.0,0.965,0.54,0.985,0.0,0.0,0.82,0.35,0.0,0.0,0.89
AT2G46770,0.0,0.0,0.0,0.0,0.0,0.0,0.0,0.0,0.0,0.0,0.05,0.0,0.0,0.335,0.0,0.0,0.0,0.0,0.0,0.0,0.0,0.0,0.0,0.0,0.195,0.0,0.0,0.0,0.0,0.0,0.0,0.0,0.0,0.0,0.0,0.0,0.0,0.0,0.0,0.0,0.0,0.0,0.0,0.0
AT2G47070,0.0,0.0,0.0,0.0,0.0,0.005,0.015,0.0,0.04,0.0,0.0,0.0,0.0,0.03,0.0,0.0,0.0,0.0,0.0,0.0,0.0,0.0,0.0,0.0,0.0,0.01,0.0,0.0,0.0,0.0,0.015,0.0,0.0,0.0,0.0,0.0,0.0,0.0,0.0,0.0,0.0,0.0,0.0,0.0
AT3G01220,0.0,0.19,0.0,0.0,0.36,0.0,0.0,0.0,0.085,0.0,0.0,0.0,0.0,0.225,0.0,0.0,0.005,0.0,0.0,0.0,0.0,0.015,0.0,0.0,0.005,0.0,0.0,0.0,0.0,0.0,0.0,0.0,0.0,0.0,0.0,0.0,0.0,0.0,0.0,0.0,0.0,0.0,0.0,0.0
AT3G01530,0.0,0.0,0.0,0.0,0.0,0.0,0.0,0.0,0.02,0.0,0.0,0.0,0.0,0.0,0.0,0.0,0.0,0.0,0.005,0.0,0.0,0.0,0.0,0.0,0.0,0.005,0.68,0.0,0.0,0.515,0.72,0.0,0.0,0.0,0.0,0.0,0.0,0.0,0.0,0.0,0.0,0.0,0.0,0.0
AT3G01970,0.0,0.0,0.0,0.0,0.115,0.1,0.0,0.005,0.0,0.025,0.0,0.0,0.0,0.155,0.84,0.0,0.0,0.0,0.46,0.0,0.0,0.0,0.0,0.02,0.0,0.195,0.435,0.075,0.02,0.435,0.52,0.0,0.555,0.0,0.0,0.41,0.0,0.16,0.0,0.0,0.0,0.0,0.0,0.015
AT3G02940,0.0,0.0,0.0,0.0,0.935,0.35,0.0,1.0,0.19,0.995,0.0,0.0,0.0,0.625,0.0,0.0,0.0,0.0,0.0,0.0,0.0,0.0,0.0,0.085,0.0,0.0,0.0,1.0,1.0,0.0,0.0,0.0,0.005,0.7,1.0,0.0,1.0,0.0,0.0,0.855,0.0,0.0,0.0,0.52
AT3G03200,0.005,0.0,0.0,0.0,0.0,0.14,0.0,0.0,0.0,0.0,0.08,0.0,0.03,0.0,0.0,0.0,0.0,0.0,0.005,0.0,0.0,0.0,0.0,0.0,0.005,0.665,0.0,0.0,0.0,0.0,0.035,0.0,0.0,0.05,0.0,0.0,0.0,0.0,0.0,0.0,0.0,0.0,0.0,0.0
AT3G04030,0.0,0.12,0.0,0.0,0.02,0.04,0.0,0.04,0.0,0.0,0.04,0.0,0.0,0.22,0.0,0.0,0.0,0.0,0.175,0.015,0.005,0.0,0.0,0.0,0.0,0.03,0.0,0.0,0.0,0.0,0.0,0.0,0.015,0.0,0.0,0.25,0.0,0.0,0.0,0.0,0.0,0.2,0.0,0.0
AT3G04060,0.0,0.07,0.0,0.0,0.0,0.14,0.0,0.0,0.0,0.0,0.675,0.0,0.0,0.13,0.085,0.0,0.0,0.0,0.58,0.0,0.0,0.01,0.0,0.0,0.0,0.06,0.0,0.0,0.0,0.0,0.12,0.005,0.0,0.0,0.0,0.145,0.0,0.085,0.0,0.0,0.0,0.0,0.0,0.0
AT3G04070,0.0,0.635,0.015,0.0,0.845,0.99,0.975,0.955,0.97,0.0,0.01,0.0,0.32,0.67,0.035,0.005,0.0,0.005,0.98,0.0,0.04,0.98,0.0,0.0,0.54,0.0,0.0,0.0,0.87,0.07,0.97,0.0,0.1,0.44,0.895,0.27,0.19,1.0,0.0,0.005,0.0,0.955,0.34,0.0
AT3G06490,0.0,0.015,0.0,0.0,0.27,0.12,0.0,0.0,0.0,0.0,0.01,0.0,0.045,0.0,0.0,0.0,0.0,0.0,0.005,0.0,0.0,0.0,0.0,0.0,0.0,0.0,0.0,0.0,0.0,0.0,0.095,0.0,0.0,0.0,0.0,0.365,0.0,0.0,0.0,0.07,0.0,0.0,0.0,0.0
AT3G08500,0.0,0.0,0.0,0.0,0.0,0.0,0.0,0.0,0.0,0.0,0.0,0.0,0.11,0.125,0.0,0.0,0.0,0.03,0.02,0.0,0.0,0.0,0.0,0.0,0.0,0.0,0.0,0.0,0.0,0.0,1.0,0.0,0.0,0.25,0.0,0.0,0.0,0.995,0.0,0.0,0.0,0.0,0.0,0.0
AT3G09600,0.0,0.0,1.0,0.17,0.11,0.0,0.07,0.285,0.755,0.035,0.055,0.0,0.0,0.025,0.055,0.0,0.0,0.515,0.535,0.0,0.0,0.84,0.0,0.0,0.0,0.445,0.495,0.09,0.495,0.11,0.275,0.0,0.155,0.0,0.0,0.0,0.0,0.245,0.0,0.0,0.425,0.075,1.0,0.745
AT3G09735,0.0,0.915,0.0,0.0,0.98,0.27,0.0,0.0,0.0,0.0,0.0,0.0,0.0,0.005,0.0,0.0,0.0,0.0,0.005,0.0,0.0,0.0,0.795,0.0,0.83,0.0,0.0,0.0,0.0,0.0,0.0,0.0,0.0,0.0,0.0,0.81,0.0,0.0,0.0,0.115,0.0,0.0,0.0,0.0
AT3G10030,0.0,0.145,0.0,0.0,0.0,0.0,0.0,0.0,0.0,0.0,0.06,0.0,0.0,0.0,0.0,0.0,0.0,0.0,0.0,0.0,0.0,0.0,0.0,0.0,0.08,0.0,0.0,0.0,0.0,0.0,0.0,0.0,0.0,0.0,0.0,0.0,0.0,0.0,0.0,0.0,0.0,0.0,0.0,0.0
AT3G10113,0.0,0.0,0.0,0.0,0.0,0.7,0.0,0.0,0.0,0.0,0.0,0.0,0.0,0.0,0.0,0.0,0.0,0.0,0.0,0.0,0.0,0.0,0.0,0.0,0.0,0.0,0.0,0.0,0.0,0.0,0.0,0.0,0.0,0.0,0.0,0.0,0.0,0.0,0.0,0.0,0.0,0.0,0.0,0.0
AT3G10480,0.0,0.9,0.0,0.005,0.0,0.0,0.0,0.0,0.195,0.0,0.0,0.0,0.0,0.0,0.0,0.0,0.0,0.0,0.035,0.51,0.0,0.0,0.0,0.0,0.24,0.0,0.0,0.0,0.0,0.0,0.0,0.0,0.0,0.04,0.0,0.005,0.0,0.0,0.0,0.0,0.0,0.0,0.0,0.0
AT3G10500,0.0,0.01,0.0,0.09,0.0,0.0,0.0,0.0,0.0,0.0,0.01,0.0,0.0,0.105,0.0,0.0,0.0,0.0,0.0,0.0,0.0,0.0,0.0,0.0,0.005,0.0,0.0,0.0,0.0,0.0,0.0,0.005,0.005,0.0,0.0,0.27,0.0,0.0,0.045,0.0,0.0,0.0,0.0,0.0
AT3G10580,0.0,0.0,0.0,0.0,0.0,0.0,0.0,0.0,0.0,0.0,0.0,0.0,0.0,0.0,0.0,0.0,0.0,0.0,0.0,0.0,0.0,0.0,0.0,0.0,0.0,0.0,0.0,0.0,0.0,0.0,0.0,0.0,0.0,0.0,0.0,0.0,0.0,0.0,0.0,0.0,0.0,0.0,0.0,0.0
AT3G10800,0.0,0.0,0.0,0.0,0.0,0.0,0.0,0.0,0.0,0.0,0.335,0.0,0.475,0.045,0.0,0.0,0.0,0.0,0.095,0.0,0.0,0.0,0.0,0.0,0.0,0.0,0.0,0.0,0.0,0.0,0.0,0.0,0.0,0.005,0.0,0.195,0.0,0.0,0.0,0.0,0.0,0.0,0.0,0.0
AT3G11280,0.0,0.0,0.0,0.095,0.065,0.0,0.0,0.0,0.045,0.0,0.0,0.0,0.0,0.18,0.0,0.0,0.0,0.0,0.0,0.0,0.0,0.01,0.0,0.0,0.0,0.0,0.0,0.0,0.0,0.0,0.0,0.0,0.0,0.0,0.0,0.02,0.0,0.0,0.0,0.0,0.0,0.0,0.0,0.0
AT3G11440,0.0,0.435,0.0,0.0,0.04,0.0,0.0,0.0,0.005,0.0,0.0,0.0,0.0,0.0,0.0,0.0,0.0,0.0,0.0,0.0,0.0,0.0,0.0,0.0,0.365,0.0,0.0,0.0,0.0,0.0,0.0,0.0,0.0,0.0,0.0,0.0,0.0,0.0,0.0,0.0,0.0,0.0,0.0,0.0
AT3G12130,0.0,0.0,0.0,0.0,0.145,0.0,0.0,0.0,0.0,0.0,0.0,0.0,0.0,0.0,0.0,0.0,0.0,0.0,0.0,0.0,0.0,0.0,0.0,0.0,0.0,0.11,0.0,0.0,0.0,0.0,0.0,0.0,0.0,0.0,0.0,0.0,0.0,0.0,0.0,0.0,0.0,0.0,0.0,0.0
AT3G12250,0.0,0.58,0.0,0.0,0.0,0.0,0.0,0.0,0.0,0.0,0.125,0.0,0.0,0.0,0.01,0.0,0.0,0.0,0.58,0.0,0.0,0.0,0.0,0.0,0.06,0.07,0.0,0.0,0.0,0.0,0.005,0.02,0.035,0.0,0.0,0.0,0.0,0.01,0.145,0.0,0.0,0.0,0.0,0.0
AT3G12720,0.0,0.27,0.0,0.0,0.0,0.715,0.0,0.0,0.96,0.75,0.0,0.0,0.0,0.115,0.0,0.0,0.0,0.0,0.0,0.98,0.0,0.0,0.0,0.0,0.65,0.0,0.48,0.52,0.0,0.335,0.0,0.0,1.0,0.055,0.0,0.375,0.0,0.0,0.36,0.0,0.0,0.0,0.0,0.0
AT3G12730,0.005,0.005,0.0,0.0,0.0,0.0,0.0,0.01,0.0,0.02,0.0,0.0,0.0,0.015,0.0,0.0,0.0,0.0,0.0,0.0,0.0,0.0,0.0,0.0,0.0,0.405,0.01,0.01,0.075,0.03,0.0,0.0,0.245,0.0,0.0,0.035,0.0,0.0,0.0,0.055,0.0,0.0,0.0,0.0
AT3G13810,0.0,0.0,0.0,0.0,0.055,0.0,0.0,0.0,0.0,0.0,0.37,0.0,0.235,0.0,0.0,0.0,0.0,0.0,0.155,0.0,0.0,0.0,0.0,0.0,0.0,0.0,0.0,0.0,0.0,0.0,0.0,0.005,0.0,0.015,0.0,0.0,0.0,0.0,0.0,0.0,0.0,0.0,0.0,0.005
AT3G14180,0.0,1.0,0.0,0.0,0.0,0.525,0.0,0.0,0.0,0.0,1.0,0.0,0.69,1.0,0.0,0.0,0.0,0.0,0.0,0.0,0.025,0.0,0.0,0.0,0.0,0.0,0.99,0.0,0.0,0.995,0.12,0.0,0.28,1.0,0.0,0.975,0.0,0.0,0.0,0.0,0.0,0.0,0.0,0.065
AT3G15170,0.0,0.0,0.0,0.0,0.0,0.005,0.0,0.0,0.0,0.0,0.0,0.0,0.0,0.0,0.0,0.0,0.0,0.0,0.0,0.0,0.0,0.0,0.0,0.0,0.0,0.0,0.0,0.0,0.0,0.0,0.0,0.0,0.0,0.05,0.0,0.03,0.0,0.0,0.0,0.0,0.0,0.0,0.0,0.0
AT3G15210,0.25,0.225,0.0,0.0,0.0,0.0,0.0,0.13,0.0,0.0,0.445,0.0,0.06,0.04,0.0,0.17,0.0,0.0,0.0,0.0,0.04,0.755,0.0,0.0,0.76,0.415,0.0,0.0,0.0,0.0,0.0,0.0,0.0,0.0,0.0,0.225,0.0,0.0,0.0,0.0,0.0,0.0,0.01,0.0
AT3G15270,0.0,0.0,0.0,0.495,0.505,0.015,0.01,0.1,0.405,0.0,0.16,0.0,0.0,0.0,0.0,0.0,0.0,0.0,0.465,0.19,0.05,0.0,0.0,0.0,0.0,0.0,0.0,0.0,0.0,0.0,0.0,0.01,0.025,0.14,0.0,0.35,0.015,0.0,0.0,0.0,0.0,0.0,0.0,0.0
AT3G15500,0.0,0.915,0.265,0.0,0.0,0.695,0.0,0.0,0.085,0.005,0.05,0.0,0.975,1.0,0.93,0.0,1.0,0.84,0.055,0.0,0.96,0.95,0.325,0.0,0.84,0.0,0.695,0.3,0.025,0.99,0.33,0.725,0.875,0.265,0.0,0.21,0.005,0.0,0.0,0.0,0.0,0.97,0.0,0.345
AT3G16280,0.0,0.165,0.42,0.0,0.32,0.0,0.0,0.0,0.0,0.0,0.0,0.0,0.0,0.0,0.0,0.0,0.0,0.045,0.01,0.0,0.0,0.0,0.0,0.0,0.02,0.0,0.68,0.055,0.0,0.8,0.0,0.0,0.6,0.0,0.0,0.62,0.0,0.0,0.0,0.0,0.935,0.0,0.82,0.545
AT3G17730,0.0,0.36,0.0,0.0,0.0,0.01,0.0,0.0,0.0,0.0,0.05,0.0,0.0,0.0,0.0,0.0,0.0,0.0,0.0,0.0,0.0,0.0,0.0,0.0,0.28,0.0,0.0,0.0,0.0,0.0,0.0,0.0,0.0,0.0,0.0,0.0,0.0,0.0,0.0,0.0,0.0,0.0,0.0,0.0
AT3G18400,0.0,0.0,0.0,0.0,0.65,0.0,0.0,0.685,0.0,0.605,0.34,0.0,0.0,0.62,0.925,0.155,0.0,0.0,0.0,0.0,0.0,0.0,0.0,0.0,0.23,0.0,0.01,0.985,0.305,0.335,0.0,0.0,0.405,0.145,0.93,0.315,0.94,0.0,0.0,0.305,0.0,0.0,0.0,0.0
AT3G18990,0.0,0.76,0.0,0.0,0.0,0.0,0.0,0.0,0.0,0.0,0.29,0.0,0.0,0.0,0.0,0.0,0.0,0.0,0.16,0.02,0.0,0.005,0.0,0.0,0.01,0.805,0.0,0.0,0.0,0.0,0.41,0.0,0.0,0.0,0.0,0.03,0.0,0.0,0.0,0.0,0.0,0.03,0.0,0.0
AT3G20310,0.0,0.0,0.0,0.0,0.0,0.0,0.0,0.0,0.0,0.0,0.0,0.0,0.0,0.0,0.0,0.0,0.0,0.0,0.0,0.0,0.0,0.0,0.0,0.0,0.0,0.48,0.0,0.0,0.0,0.0,0.0,0.0,0.0,0.0,0.0,0.0,0.0,0.0,0.0,0.0,0.0,0.0,0.0,0.0
AT3G20770,0.0,0.0,0.0,0.0,0.0,0.0,0.0,0.0,0.0,0.0,0.0,0.0,0.0,0.0,0.0,0.0,0.0,0.0,0.0,0.0,0.0,0.0,0.0,0.0,0.0,0.0,0.0,0.0,0.0,0.0,0.0,0.0,0.01,0.0,0.0,0.0,0.0,0.0,0.0,0.0,0.0,0.0,0.0,0.0
AT3G21890,0.995,0.345,1.0,0.965,0.0,0.0,0.115,0.0,0.87,0.0,0.295,0.78,0.01,0.0,1.0,0.0,0.955,0.135,0.89,0.0,0.77,0.905,0.46,0.94,0.15,0.0,1.0,0.03,0.0,0.585,0.86,0.985,0.745,0.185,0.085,0.0,0.97,0.54,0.415,0.0,0.985,1.0,1.0,0.765
AT3G22760,0.0,0.605,0.0,0.0,0.99,0.375,0.0,0.0,0.13,0.0,1.0,0.0,0.94,0.57,0.975,0.0,0.61,0.0,0.475,0.99,0.0,0.0,0.94,0.0,0.7,0.385,0.04,0.345,0.025,0.78,0.78,0.005,0.725,0.0,0.0,0.98,0.0,0.065,0.0,0.945,0.45,0.275,0.0,0.0
AT3G22830,0.0,1.0,0.605,0.0,0.0,0.935,0.0,1.0,1.0,1.0,0.0,0.0,0.0,0.0,0.0,0.0,1.0,0.78,1.0,1.0,0.0,1.0,0.0,1.0,1.0,0.11,1.0,1.0,1.0,0.01,0.69,0.0,1.0,0.995,1.0,0.0,1.0,0.675,0.0,0.075,1.0,0.0,0.855,0.0
AT3G23220,0.0,0.0,0.0,0.0,0.0,0.035,0.0,0.0,0.0,0.0,0.0,0.0,0.0,0.0,0.0,0.0,0.0,0.0,0.0,0.0,0.0,0.0,0.0,0.0,0.0,0.0,0.0,0.0,0.0,0.0,0.0,0.0,0.0,0.0,0.0,0.025,0.0,0.0,0.0,0.0,0.0,0.0,0.0,0.0
AT3G24050,0.0,0.0,0.0,0.0,0.0,0.0,0.0,0.0,0.0,0.0,0.255,0.0,0.14,0.0,0.0,0.0,0.0,0.0,0.005,0.0,0.0,0.0,0.0,0.0,0.0,0.0,0.0,0.0,0.0,0.0,0.0,0.0,0.0,0.0,0.0,0.0,0.0,0.0,0.0,0.0,0.0,0.0,0.0,0.0
AT3G24120,0.0,1.0,0.0,0.0,0.9,0.97,0.99,0.0,0.0,0.0,0.0,0.0,0.0,0.755,0.0,0.415,0.0,0.0,0.995,0.995,0.0,0.0,0.0,1.0,1.0,0.665,0.995,0.0,0.0,1.0,0.01,0.0,1.0,0.0,0.0,1.0,0.0,0.0,0.94,0.13,1.0,0.755,0.0,0.0
AT3G24520,0.0,0.74,0.0,0.0,0.0,0.0,0.0,0.0,0.0,0.0,0.0,0.0,0.0,0.0,0.0,0.0,0.0,0.0,0.0,0.0,0.0,0.0,0.0,0.0,0.46,0.0,0.0,0.0,0.0,0.0,0.015,0.0,0.0,0.0,0.0,0.0,0.0,0.0,0.0,0.0,0.0,0.0,0.0,0.0
AT3G25990,0.0,0.0,0.0,0.0,0.02,0.055,0.0,0.0,0.005,0.0,0.0,0.0,0.0,0.945,0.0,0.0,0.0,0.0,0.0,0.005,0.0,0.0,0.0,0.0,0.0,0.005,0.0,0.0,0.0,0.0,0.485,0.0,0.11,0.0,0.0,0.605,0.0,0.005,0.0,0.0,0.0,0.0,0.0,0.005
AT3G26620,0.0,0.0,0.0,0.0,0.0,0.0,0.0,0.0,0.0,0.0,0.0,0.0,0.0,0.0,0.0,0.0,0.0,0.0,0.0,0.0,0.0,0.0,0.0,0.0,0.0,0.0,0.0,0.0,0.0,0.0,0.0,0.0,0.0,0.0,0.0,0.0,0.0,0.0,0.0,0.0,0.0,0.0,0.0,0.0
AT3G26790,0.0,0.0,0.0,0.005,0.0,0.115,0.0,0.26,0.0,0.025,0.035,0.0,0.075,0.0,0.0,0.0,0.0,0.0,0.0,0.015,0.0,0.0,0.0,0.0,0.64,0.095,0.0,0.025,0.04,0.0,0.0,0.0,0.225,0.65,0.02,0.0,0.005,0.0,0.0,0.0,0.0,0.0,0.0,0.0
AT3G27010,0.0,0.04,0.0,0.0,0.0,0.0,0.0,0.0,0.0,0.0,0.0,0.0,0.0,0.0,0.0,0.0,0.0,0.0,0.0,0.0,0.0,0.0,0.0,0.0,0.0,0.0,0.0,0.0,0.0,0.0,0.0,0.0,0.0,0.0,0.0,0.0,0.0,0.0,0.0,0.0,0.0,0.0,0.0,0.0
AT3G27785,0.0,0.0,0.0,0.0,0.0,0.0,0.0,0.0,0.0,0.0,0.0,0.0,0.0,0.0,0.0,0.0,0.0,0.0,0.0,0.0,0.0,0.0,0.0,0.0,0.0,0.0,0.0,0.0,0.0,0.0,0.0,0.0,0.0,0.0,0.0,0.0,0.0,0.0,0.0,0.0,0.0,0.0,0.0,0.0
AT3G28920,0.0,0.155,0.0,0.0,0.0,0.04,0.59,0.0,0.0,0.0,0.665,0.0,0.305,0.0,0.0,0.0,0.0,0.0,0.41,0.025,0.0,0.945,0.065,0.005,0.0,0.07,0.0,0.0,0.0,0.0,0.0,0.01,0.0,0.0,0.0,0.005,0.0,0.685,0.0,0.0,0.0,0.94,0.0,0.0
AT3G30210,0.0,0.0,0.0,0.0,0.0,0.0,0.0,0.31,0.0,0.28,0.0,0.0,0.0,0.0,0.0,0.0,0.0,0.0,0.0,0.0,0.0,0.0,0.0,0.0,0.0,0.0,0.0,0.175,0.115,0.0,0.0,0.0,0.0,0.0,0.345,0.0,0.18,0.0,0.0,0.0,0.0,0.0,0.0,0.0
AT3G42860,0.0,0.42,0.0,0.0,0.0,0.01,0.0,0.0,0.0,0.0,0.0,0.0,0.0,0.07,0.0,0.0,0.0,0.0,0.0,0.0,0.0,0.0,0.0,0.0,0.115,0.055,0.0,0.005,0.0,0.0,0.0,0.0,0.0,0.065,0.0,0.0,0.0,0.0,0.0,0.0,0.0,0.0,0.0,0.0
AT3G45610,0.0,0.08,0.0,0.0,0.0,0.27,0.045,0.005,0.0,0.0,0.445,0.0,0.205,0.02,0.595,0.27,0.945,0.0,0.295,0.0,0.0,0.0,0.0,0.005,0.0,0.155,0.02,0.015,0.19,0.035,0.23,0.0,0.36,0.125,0.0,0.625,0.0,0.145,0.0,0.0,0.0,0.0,0.0,0.0
AT3G46590,0.0,0.02,0.0,0.0,1.0,0.0,0.125,0.0,1.0,0.0,1.0,0.0,0.0,0.0,0.0,0.0,0.0,0.0,0.565,1.0,0.0,0.0,0.0,0.0,0.0,0.04,0.0,0.0,0.0,0.0,0.0,1.0,1.0,0.0,0.0,0.0,0.0,0.0,0.0,1.0,0.0,0.0,0.0,0.0
AT3G47500,0.0,0.505,0.0,0.0,0.0,0.0,0.0,0.015,0.24,0.0,0.9,0.0,0.6,0.0,0.0,0.175,0.0,1.0,0.0,0.0,0.0,0.0,0.89,0.0,0.0,0.055,0.0,0.0,0.0,0.0,0.15,0.645,0.0,0.0,0.0,0.08,0.0,0.0,0.04,0.44,0.9,0.51,0.0,0.0
AT3G49530,0.0,0.0,0.0,0.0,0.0,0.0,0.0,0.0,0.06,0.0,0.0,0.0,0.0,0.67,0.0,0.0,0.195,0.0,0.0,0.0,0.0,0.0,0.005,0.175,0.0,0.055,0.0,0.0,0.0,0.0,0.12,0.0,0.0,0.0,0.0,0.01,0.0,0.0,0.0,0.025,0.0,0.0,0.0,0.0
AT3G50060,0.0,0.95,0.0,0.875,0.735,0.0,0.0,0.0,0.01,0.0,0.25,0.99,0.205,0.43,0.0,0.705,0.995,0.0,0.575,0.0,0.26,0.71,0.83,0.0,0.98,0.565,0.0,0.0,0.0,0.575,1.0,0.0,0.875,0.12,0.0,0.685,0.0,0.98,0.47,0.97,0.015,0.985,0.13,0.585
AT3G50260,0.0,0.0,0.0,0.0,0.14,0.755,0.0,0.0,0.0,0.0,0.145,0.77,0.0,0.745,0.46,0.11,0.09,0.0,0.26,0.0,0.265,0.835,0.87,0.0,0.0,0.0,0.91,0.115,0.0,0.85,0.54,0.69,0.445,0.03,0.005,0.515,0.0,0.57,0.0,0.0,0.955,0.995,0.57,0.0
AT3G50410,0.78,0.945,0.0,0.0,0.905,0.52,0.0,0.99,0.11,0.645,0.995,0.0,0.245,0.0,0.0,0.16,0.005,0.0,0.0,0.0,0.995,0.0,0.425,0.0,0.985,0.345,0.0,0.98,0.88,0.025,0.19,0.0,0.02,1.0,0.155,0.995,0.0,0.925,0.715,0.0,0.39,0.0,0.115,0.0
AT3G52440,0.0,0.0,0.0,0.0,0.0,0.0,0.0,0.0,0.0,0.0,0.175,0.0,0.0,0.0,0.0,0.0,0.0,0.0,0.0,0.69,0.0,0.0,0.0,0.0,0.0,0.0,0.0,0.0,0.0,0.0,0.03,0.0,0.0,0.525,0.0,0.0,0.0,0.36,0.0,0.0,0.0,0.0,0.0,0.0
AT3G53200,0.0,0.0,0.0,0.0,0.0,0.0,0.0,0.055,0.0,0.0,0.0,0.0,0.0,0.0,0.0,0.0,0.0,0.0,0.0,0.275,0.0,0.0,0.0,0.0,0.0,0.0,0.0,0.0,0.075,0.345,0.0,0.0,0.24,0.0,0.205,0.0,0.02,0.0,0.0,0.0,0.0,0.0,0.0,0.09
AT3G55370,0.0,0.0,0.0,0.0,0.0,0.0,0.18,0.0,0.0,0.0,0.5,0.03,0.0,0.0,0.0,0.0,0.0,0.0,0.0,0.0,0.0,0.0,0.0,0.0,0.89,0.065,0.0,0.0,0.0,0.0,0.05,0.0,0.005,0.0,0.0,0.04,0.0,0.0,0.0,0.135,0.0,0.0,0.0,0.0
AT3G56400,0.0,0.935,0.0,0.0,0.0,0.82,0.19,0.0,0.03,0.0,0.51,0.045,0.83,1.0,0.99,0.0,0.0,1.0,0.165,0.0,0.0,0.0,0.64,0.17,0.83,0.335,0.0,0.0,0.085,0.16,0.0,0.0,0.46,0.265,0.0,0.0,0.0,0.0,0.0,0.0,0.2,0.005,0.0,0.0
AT3G56850,0.0,0.0,0.0,0.0,0.0,0.0,0.0,0.0,0.0,0.0,0.745,0.0,0.04,0.0,0.0,0.0,0.0,0.0,0.0,0.0,0.0,0.0,0.0,0.0,0.0,0.0,0.0,0.0,0.0,0.0,0.0,0.0,0.095,0.0,0.0,0.0,0.0,0.0,0.0,0.0,0.0,0.0,0.0,0.0
AT3G60490,0.0,0.43,0.0,0.0,0.0,0.0,0.0,0.085,0.0,0.12,0.0,0.0,0.0,0.0,0.0,0.0,0.0,0.0,0.02,0.535,0.62,0.0,0.0,0.0,0.01,0.0,0.395,0.0,0.0,0.075,0.0,0.0,0.295,0.01,0.01,0.72,0.0,0.0,0.0,0.025,0.0,0.0,0.0,0.025
AT3G60530,0.0,0.0,0.0,0.0,0.0,0.0,1.0,0.0,0.19,0.0,0.0,0.0,0.0,0.795,0.005,0.0,0.0,0.0,0.865,0.0,0.0,0.0,0.0,0.04,0.0,0.0,0.97,0.0,0.0,1.0,0.1,0.0,0.115,0.0,0.0,0.27,0.0,0.1,0.0,0.065,0.0,0.0,0.0,0.03
AT3G60580,0.0,0.375,0.0,0.0,0.275,0.0,0.0,0.0,0.0,0.0,0.475,0.0,0.29,0.065,0.0,0.0,0.0,0.0,0.0,0.025,0.0,0.0,0.0,0.0,0.175,0.0,0.0,0.0,0.0,0.0,0.0,0.0,0.15,0.0,0.0,0.425,0.0,0.0,0.0,0.0,0.0,0.0,0.0,0.0
AT3G61150,0.0,0.0,0.0,0.0,0.445,0.01,0.0,0.0,0.11,0.0,0.0,0.0,0.0,0.0,0.0,0.0,0.0,0.025,0.0,0.0,0.0,0.0,0.0,0.525,0.0,0.0,0.0,0.0,0.0,0.0,0.05,0.0,0.0,0.03,0.0,0.43,0.0,0.0,0.12,0.0,0.73,0.0,0.025,0.0
AT3G62420,0.0,0.0,0.0,0.935,0.92,0.0,0.0,0.0,0.0,0.0,0.03,0.0,0.02,0.0,0.0,0.0,0.0,0.0,0.045,0.0,0.0,1.0,0.965,0.0,0.0,0.0,0.0,0.0,0.0,0.0,0.0,0.37,0.0,0.0,0.0,0.095,0.0,0.0,0.0,0.98,0.005,1.0,0.0,0.0
AT4G00250,0.0,0.0,0.0,0.0,0.0,0.0,0.0,0.0,0.095,0.0,0.0,0.0,0.0,0.0,0.49,0.0,0.0,0.0,0.0,0.095,0.0,0.0,0.0,0.0,0.0,0.005,0.0,0.0,0.0,0.0,0.005,0.0,0.13,0.0,0.0,0.0,0.0,0.0,0.0,0.0,0.0,0.0,0.0,0.0
AT4G00730,0.0,0.0,0.0,0.01,0.26,0.685,0.0,0.0,0.0,0.0,0.03,0.0,0.01,0.0,0.0,0.0,0.0,0.015,0.0,0.0,0.0,0.03,0.0,0.235,0.0,0.0,0.005,0.0,0.0,0.0,0.0,0.0,0.12,0.295,0.0,0.0,0.0,0.0,0.0,0.0,0.005,0.0,0.0,0.0
AT4G01250,0.23,0.91,0.0,0.025,0.04,0.38,0.04,0.0,0.565,0.0,0.485,0.215,0.73,0.25,0.0,0.105,1.0,0.0,0.695,0.895,0.35,0.03,0.16,1.0,0.85,0.01,0.0,0.0,0.0,0.595,0.875,0.29,0.525,0.035,0.0,0.625,0.0,0.11,1.0,0.52,0.0,0.71,0.0,0.705
AT4G01280,0.0,0.505,0.0,0.0,0.0,0.0,0.0,0.005,0.0,0.0,0.275,0.0,0.03,0.0,0.0,0.0,0.0,0.0,0.04,0.0,0.0,0.0,0.0,0.0,0.255,0.175,0.0,0.0,0.0,0.0,0.0,0.0,0.0,0.0,0.0,0.045,0.0,0.0,0.15,0.0,0.005,0.0,0.0,0.0
AT4G01500,0.0,0.0,0.0,0.0,0.0,0.025,0.0,0.0,0.2,0.0,0.0,0.0,0.0,0.0,0.0,0.0,0.0,0.0,0.0,0.0,0.0,0.0,0.0,0.0,0.0,0.0,0.0,0.0,0.0,0.0,0.0,0.0,0.07,0.15,0.0,0.0,0.0,0.0,0.0,0.0,0.0,0.0,0.0,0.0
AT4G01540,0.0,0.0,0.0,0.0,0.0,0.0,0.005,0.0,0.0,0.0,0.0,0.0,0.0,0.115,0.0,0.145,0.0,0.0,0.0,0.0,0.0,0.0,0.0,0.015,0.05,0.0,0.0,0.0,0.0,0.0,0.0,0.0,0.12,0.0,0.0,0.275,0.0,0.0,0.0,0.0,0.0,0.0,0.0,0.0
AT4G01550,0.0,0.0,0.0,0.0,0.0,0.0,0.0,0.0,0.0,0.0,0.1,0.0,0.0,0.01,0.0,0.0,0.0,0.0,0.0,0.0,0.0,0.0,0.0,0.0,0.0,0.075,0.0,0.0,0.0,0.0,0.0,0.0,0.0,0.375,0.0,0.075,0.0,0.0,0.0,0.0,0.0,0.0,0.0,0.0
AT4G01680,0.0,0.0,0.0,0.0,0.195,0.0,0.835,0.0,0.0,0.0,0.445,0.0,0.785,0.0,0.005,0.0,0.0,0.0,0.0,0.0,0.0,0.0,0.0,0.0,0.055,0.35,0.0,0.0,0.075,0.58,0.0,0.01,0.285,0.0,0.0,0.085,0.0,0.0,0.005,0.01,0.61,0.0,0.0,0.0
AT4G04890,0.0,0.235,0.0,0.0,0.0,0.0,0.0,0.0,0.0,0.0,0.0,0.0,0.0,0.0,0.0,0.0,0.0,0.0,0.0,0.0,0.0,0.0,0.0,0.0,0.0,0.0,0.0,0.0,0.0,0.0,0.0,0.0,0.0,0.0,0.0,0.0,0.0,0.0,0.0,0.0,0.0,0.0,0.0,0.0
AT4G05100,0.0,0.52,0.0,0.0,0.0,0.005,0.0,0.09,0.0,0.105,0.0,0.0,0.0,0.0,0.0,0.0,0.0,0.0,0.0,0.0,0.17,0.025,0.0,0.0,0.055,0.0,0.0,0.065,0.66,0.0,0.0,0.01,0.0,0.0,0.285,0.0,0.14,0.615,0.0,0.0,0.0,0.0,0.0,0.0
AT4G06746,0.0,0.585,0.0,0.005,0.0,0.4,0.0,0.01,0.41,0.005,0.0,0.0,0.0,0.125,0.0,0.0,0.0,0.005,0.0,0.085,0.0,0.0,0.0,0.0,0.265,0.0,0.0,0.19,0.0,0.0,0.12,0.0,0.0,0.035,0.0,0.155,0.0,0.0,0.0,0.01,0.0,0.0,0.0,0.0
AT4G10350,0.0,0.0,0.0,0.0,0.0,0.0,0.0,0.0,0.08,0.0,0.0,0.0,0.0,0.0,0.165,0.0,0.0,0.0,0.0,0.115,0.0,0.0,0.0,0.0,0.0,0.0,0.0,0.005,0.0,0.0,0.0,0.0,0.0,0.0,0.0,0.0,0.0,0.0,0.0,0.0,0.0,0.0,0.0,0.49
AT4G11660,0.0,0.0,0.0,0.0,0.0,0.0,0.0,0.0,0.155,0.0,0.575,0.0,0.115,0.0,0.0,0.0,0.0,0.02,0.23,0.045,0.0,0.0,0.0,0.0,0.02,0.255,0.0,0.0,0.0,0.0,0.0,0.96,0.185,0.0,0.0,0.0,0.0,0.0,0.02,0.0,0.0,0.0,0.0,0.0
AT4G14770,0.0,0.205,0.0,0.37,0.0,0.575,0.0,0.0,0.73,0.0,0.0,0.0,0.535,0.715,0.04,0.0,0.0,0.33,0.96,0.0,0.0,0.0,0.0,0.0,0.0,0.01,0.0,0.0,0.0,0.785,0.97,0.0,0.43,0.0,0.0,0.975,0.0,0.89,0.89,0.0,0.0,0.0,0.0,0.75
AT4G15090,0.0,0.065,0.0,0.0,0.0,0.0,0.0,0.0,0.0,0.0,0.0,0.0,0.0,0.0,0.0,0.0,0.0,0.0,0.0,0.0,0.0,0.0,0.0,0.0,0.195,0.0,0.0,0.0,0.0,0.0,0.0,0.0,0.0,0.0,0.0,0.0,0.0,0.0,0.0,0.0,0.0,0.0,0.0,0.0
AT4G16150,0.0,0.0,0.0,0.0,0.0,0.0,0.0,0.0,0.0,0.0,0.0,0.0,0.0,0.11,0.0,0.0,0.0,0.0,0.0,0.0,0.0,0.0,0.0,0.0,0.0,0.05,0.0,0.0,0.0,0.0,0.0,0.0,0.04,0.0,0.0,0.0,0.0,0.0,0.0,0.0,0.0,0.0,0.0,0.0
AT4G16750,0.305,0.865,0.0,0.92,1.0,0.79,1.0,0.995,0.945,0.175,1.0,0.0,1.0,0.815,0.99,0.0,0.87,0.0,1.0,0.815,0.0,0.355,0.0,1.0,0.0,0.97,0.0,1.0,0.995,0.02,1.0,0.255,0.155,0.565,1.0,0.815,1.0,1.0,0.51,0.995,0.0,0.23,0.99,0.0
AT4G17980,0.0,0.015,0.0,0.0,0.835,0.0,0.0,0.0,0.0,0.0,0.0,0.0,0.0,0.0,0.0,0.0,0.0,0.0,0.0,0.0,0.0,0.0,0.0,0.0,0.0,0.0,0.0,0.0,0.0,0.0,0.0,0.0,0.99,0.0,0.0,0.0,0.0,0.1,0.0,0.415,0.0,0.0,0.0,0.0
AT4G18170,0.0,0.0,0.0,0.785,0.0,0.78,0.0,0.0,0.005,0.0,0.69,0.0,0.83,0.525,0.705,0.015,0.0,0.025,0.0,0.0,0.0,0.995,0.0,0.0,0.0,0.645,0.205,0.0,0.0,0.18,0.0,0.0,0.485,0.655,0.0,0.585,0.0,0.64,0.025,0.0,0.0,0.505,0.0,0.145
AT4G18450,0.0,0.0,0.0,0.0,0.0,0.0,0.0,0.0,0.0,0.0,0.0,0.0,0.0,0.0,0.0,0.0,0.0,0.0,0.03,0.0,0.0,0.0,0.0,0.0,0.0,0.0,0.0,0.0,0.0,0.0,0.0,0.0,0.0,0.0,0.0,0.0,0.0,0.0,0.0,0.0,0.0,0.0,0.0,0.0
AT4G18770,0.0,0.055,0.0,0.0,0.0,0.39,0.0,0.0,0.0,0.0,0.0,0.0,0.0,0.06,0.0,0.0,0.0,0.0,0.105,0.0,0.0,0.0,0.0,0.0,0.0,0.0,0.0,0.0,0.0,0.0,0.735,0.0,0.0,0.71,0.0,0.005,0.0,0.065,0.0,0.0,0.0,0.0,0.0,0.0
AT4G18880,0.0,0.155,0.0,0.0,0.0,0.0,0.0,0.0,0.0,0.0,0.0,0.0,0.0,0.22,0.0,0.0,0.0,0.0,0.3,0.0,0.0,0.0,0.0,0.0,0.0,0.0,0.0,0.0,0.0,0.0,0.0,0.0,0.0,0.0,0.0,0.0,0.0,0.0,0.0,0.0,0.0,0.0,0.0,0.0
AT4G18890,0.0,0.0,0.0,0.0,0.0,0.0,0.0,0.0,0.0,0.0,0.0,0.0,0.0,0.055,0.0,0.0,0.0,0.0,0.0,0.0,0.0,0.0,0.0,0.0,0.0,0.0,0.0,0.0,0.0,0.0,0.0,0.0,0.0,0.0,0.0,0.0,0.0,0.0,0.0,0.0,0.0,0.0,0.0,0.0
AT4G21030,0.0,0.0,0.0,0.0,0.0,0.0,0.0,0.0,0.0,0.0,0.0,0.0,0.0,0.0,0.0,0.0,0.0,0.0,0.0,0.0,0.0,0.0,0.0,0.0,0.0,0.0,0.0,0.0,0.0,0.0,0.0,0.0,0.0,0.0,0.0,0.0,0.0,0.0,0.0,0.0,0.0,0.0,0.0,0.0
AT4G21040,0.0,0.0,0.0,0.0,0.0,0.0,0.0,0.0,0.0,0.0,0.0,0.0,0.0,0.0,0.0,0.0,0.0,0.0,0.0,0.0,0.0,0.0,0.0,0.0,0.0,0.0,0.0,0.0,0.0,0.0,0.0,0.0,0.0,0.0,0.0,0.0,0.0,0.0,0.0,0.0,0.0,0.0,0.0,0.0
AT4G21080,0.0,0.0,0.0,0.0,0.0,0.0,0.0,0.0,0.0,0.0,0.0,0.0,0.0,0.0,0.0,0.0,0.0,0.0,0.0,0.0,0.0,0.0,0.0,0.0,0.0,0.0,0.0,0.0,0.0,0.0,0.0,0.0,0.0,0.0,0.0,0.0,0.0,0.0,0.0,0.0,0.0,0.0,0.0,0.0
AT4G22070,0.0,0.255,0.0,0.0,0.0,0.48,0.0,0.0,0.215,0.0,0.0,0.0,0.0,0.0,0.52,0.0,0.0,0.0,0.0,0.0,0.0,0.0,0.0,0.0,0.1,0.0,0.0,0.06,0.0,0.0,0.0,0.0,0.0,0.07,0.0,0.18,0.0,0.0,0.0,0.1,0.0,0.0,0.0,0.0
AT4G23550,0.0,0.0,0.0,0.165,0.0,0.0,0.0,0.0,0.0,0.0,0.345,0.0,0.135,0.0,0.0,0.015,0.0,0.17,0.0,0.0,0.155,0.0,0.0,0.075,0.21,0.18,0.01,0.005,0.0,0.04,0.0,0.605,0.0,0.0,0.0,0.0,0.0,0.0,0.05,0.46,0.015,0.0,0.0,0.015
AT4G24020,0.0,0.0,0.0,0.0,0.0,0.0,0.0,0.0,0.0,0.0,0.0,0.0,0.0,0.0,0.0,0.0,0.0,0.0,0.0,0.0,0.0,0.0,0.0,0.0,0.0,0.0,0.0,0.0,0.0,0.0,0.0,0.0,0.0,0.0,0.0,0.0,0.0,0.0,0.0,0.0,0.0,0.0,0.0,0.0
AT4G24240,0.0,0.0,0.0,0.0,0.125,0.0,0.0,0.0,0.19,0.0,0.0,0.0,0.0,0.0,0.0,0.0,0.0,0.0,0.0,0.0,0.0,0.0,0.0,0.075,0.0,0.145,0.0,0.0,0.0,0.0,0.0,0.0,0.0,0.0,0.0,0.0,0.0,0.0,0.0,0.0,0.0,0.0,0.0,0.0
AT4G25470,0.065,0.85,0.0,0.0,0.775,0.86,0.14,0.0,0.84,0.0,0.9,0.0,0.305,0.0,0.0,0.0,0.01,0.0,0.01,0.725,0.0,0.0,0.0,0.72,0.83,0.0,0.0,0.0,0.0,0.05,0.77,0.305,0.0,0.96,0.0,0.0,0.0,0.0,0.0,0.765,0.0,0.0,0.0,0.0
AT4G25480,0.0,0.615,0.555,0.0,0.31,0.995,0.21,0.0,0.44,0.0,0.43,0.0,0.05,0.0,0.0,0.0,0.0,0.0,0.64,1.0,0.0,0.005,0.265,0.305,0.23,0.335,0.0,0.0,0.0,0.0,0.025,0.695,0.1,0.99,0.0,0.0,0.015,0.145,0.0,0.185,0.155,0.51,0.0,0.0
AT4G25490,0.0,0.395,0.0,0.0,0.0,0.86,0.04,0.0,0.695,0.0,0.455,0.005,0.05,0.05,0.0,0.0,0.115,0.0,0.24,0.875,0.0,0.0,0.0,0.61,0.86,0.0,0.04,0.0,0.0,0.395,0.185,0.845,0.26,0.505,0.0,0.74,0.0,0.0,0.0,0.11,0.0,0.0,1.0,0.0
AT4G26030,0.0,0.0,0.0,0.0,0.0,0.0,0.0,0.0,0.0,0.0,0.0,0.0,0.0,0.0,0.0,0.0,0.0,0.0,0.0,0.0,0.0,0.0,0.0,0.0,0.0,0.0,0.0,0.0,0.0,0.0,0.0,0.0,0.0,0.125,0.0,0.0,0.0,0.0,0.0,0.0,0.0,0.0,0.0,0.0
AT4G26640,0.0,0.0,0.0,0.0,0.0,0.0,0.0,0.0,0.0,0.0,0.0,0.0,0.0,0.0,0.0,0.0,0.0,0.0,0.0,0.0,0.0,0.0,0.0,0.0,0.0,0.0,0.0,0.0,0.0,0.0,0.0,0.0,0.0,0.0,0.0,0.0,0.0,0.0,0.0,0.0,0.0,0.0,0.0,0.0
AT4G27950,0.0,0.09,0.0,0.0,0.485,0.01,0.0,0.0,0.0,0.0,0.03,0.0,0.12,0.005,0.0,0.0,0.0,0.0,0.0,0.0,0.0,0.0,0.0,0.055,0.0,0.0,0.0,0.0,0.0,0.0,0.0,0.0,0.0,0.14,0.0,0.005,0.0,0.0,0.0,0.335,0.0,0.0,0.0,0.0
AT4G28500,0.0,0.035,0.0,0.0,0.0,0.0,0.0,0.0,0.0,0.0,0.0,0.0,0.0,0.0,0.0,0.0,0.0,0.0,0.0,0.0,0.0,0.0,0.0,0.0,0.0,0.0,0.0,0.0,0.0,0.0,0.0,0.0,0.0,0.0,0.0,0.0,0.0,0.0,0.0,0.0,0.0,0.0,0.0,0.0
AT4G29230,0.0,0.08,0.0,0.0,0.0,0.0,0.0,0.0,0.0,0.0,0.0,0.0,0.0,0.0,0.0,0.0,0.0,0.0,0.0,0.0,0.0,0.005,0.0,0.0,0.015,0.0,0.0,0.0,0.0,0.0,0.0,0.0,0.0,0.0,0.0,0.01,0.0,0.0,0.0,0.0,0.0,0.0,0.0,0.0
AT4G31060,0.0,0.0,0.0,0.0,0.0,0.0,0.0,0.0,0.0,0.0,0.235,0.0,0.15,0.01,0.0,0.0,0.0,0.0,0.825,0.0,0.0,0.0,0.0,0.0,0.0,0.0,0.0,0.0,0.0,0.0,0.22,0.0,0.005,0.0,0.0,0.0,0.0,0.24,0.0,0.0,0.0,0.0,0.0,0.0
AT4G31800,0.5,0.555,0.0,0.2,1.0,0.1,0.0,0.0,0.87,0.0,0.0,0.505,0.0,1.0,0.045,0.335,1.0,1.0,0.0,0.675,0.815,0.125,0.955,1.0,0.865,0.19,0.86,0.0,0.0,0.145,0.0,0.95,0.61,0.235,0.0,0.905,0.0,0.83,0.915,0.975,0.76,1.0,0.0,0.87
AT4G32730,0.0,0.38,0.0,0.0,0.0,0.0,0.0,0.0,0.0,0.0,0.0,0.0,0.885,0.91,0.0,0.0,0.0,0.015,0.0,0.0,0.0,0.0,0.0,0.0,0.25,0.235,0.0,0.0,0.0,0.0,0.14,0.0,0.0,0.0,0.0,0.52,0.0,0.04,0.0,0.0,0.0,0.0,0.0,0.0
AT4G32800,0.0,0.81,0.0,0.025,0.0,0.0,0.0,0.0,0.075,0.0,0.405,0.0,0.41,0.095,0.0,0.0,0.0,0.0,0.42,0.0,0.005,0.0,0.895,0.17,0.395,0.095,0.0,0.0,0.0,0.005,0.0,0.04,0.39,0.005,0.0,0.5,0.0,0.17,0.0,0.655,0.075,0.04,0.0,0.0
AT4G34410,0.0,0.0,0.0,0.0,0.0,0.0,0.0,0.0,0.0,0.0,0.0,0.0,0.0,0.01,0.0,0.0,0.13,0.0,0.26,0.27,0.0,0.0,0.0,0.0,0.0,0.0,0.0,0.0,0.0,0.0,0.05,0.0,0.0,0.0,0.0,0.0,0.0,0.0,0.0,0.0,0.0,0.0,0.0,0.0
AT4G34590,0.0,0.02,0.0,0.0,0.0,0.0,1.0,1.0,0.57,1.0,0.585,0.985,0.095,0.32,1.0,0.08,0.0,0.005,0.2,0.985,0.12,0.0,0.96,0.0,0.0,0.48,0.705,1.0,1.0,0.945,0.995,0.655,0.655,0.0,1.0,0.65,1.0,0.98,0.345,0.0,0.345,0.0,0.695,1.0
AT4G36160,0.0,0.0,0.0,0.0,0.0,0.02,0.0,0.0,0.0,0.0,0.0,0.0,0.0,0.0,0.0,0.0,0.0,0.0,0.0,0.035,0.0,0.325,0.0,0.0,0.0,0.0,0.0,0.0,0.0,0.0,0.055,0.0,0.345,0.0,0.0,0.0,0.0,0.63,0.0,0.0,0.0,0.0,0.0,0.0
AT4G36620,0.0,0.0,0.0,0.0,0.0,0.0,0.0,0.0,0.0,0.0,0.0,0.0,0.0,0.0,0.0,0.0,0.0,0.0,0.0,0.0,0.0,0.0,0.0,0.0,0.0,0.0,0.0,0.0,0.0,0.0,0.0,0.0,0.0,0.0,0.0,0.0,0.0,0.0,0.0,0.0,0.0,0.0,0.0,0.0
AT4G36740,0.0,0.615,0.0,0.0,0.0,0.0,0.0,0.995,0.63,0.29,0.695,0.0,0.875,0.115,0.0,0.0,0.0,0.0,0.01,0.125,0.0,0.0,0.0,1.0,0.295,0.0,0.0,0.79,0.405,0.0,0.665,0.0,0.0,0.0,1.0,0.0,1.0,0.015,0.0,0.0,0.0,0.0,0.0,0.48
AT4G36780,0.035,0.69,0.0,0.01,0.84,0.0,0.0,0.0,0.0,0.0,0.435,0.0,0.0,0.56,0.0,0.005,0.0,0.0,0.0,0.0,0.0,0.0,0.0,0.0,0.84,0.895,0.0,0.09,0.0,0.1,0.0,0.01,0.485,0.0,0.0,0.0,0.0,0.01,0.0,0.345,0.0,0.165,0.0,0.255
AT4G37180,0.0,0.635,0.0,0.8,0.71,0.0,0.875,0.105,0.0,0.0,0.0,0.0,0.0,0.96,0.02,0.0,1.0,0.35,0.0,0.0,0.0,0.005,0.995,0.0,0.495,0.05,0.0,0.0,0.0,0.0,0.715,0.0,0.0,0.01,0.0,0.0,0.035,0.0,0.05,0.07,0.0,0.22,0.0,0.005
AT4G37260,0.135,0.61,0.0,0.02,0.06,0.885,0.005,0.0,0.31,0.0,0.74,0.0,0.32,0.475,0.0,0.325,0.0,0.02,0.13,0.0,0.295,0.0,0.125,0.08,0.37,0.6,0.01,0.0,0.0,0.13,0.0,0.02,0.28,0.74,0.0,0.63,0.0,0.0,0.005,0.61,0.615,0.58,0.0,0.0
AT4G38000,0.0,0.24,0.0,0.0,0.0,0.495,0.0,0.0,0.0,0.0,0.0,0.0,0.0,0.0,0.0,0.0,0.0,0.0,0.125,0.0,0.0,0.225,0.0,0.0,0.0,0.0,0.0,0.0,0.0,0.0,0.0,0.0,0.01,0.0,0.0,0.26,0.0,0.0,0.0,0.0,0.0,0.0,0.0,0.0
AT4G38170,0.0,1.0,0.0,0.0,0.0,0.0,0.0,0.0,0.05,0.0,1.0,0.0,0.0,0.0,0.0,0.0,0.0,0.0,0.935,0.0,0.0,0.0,0.0,0.0,1.0,0.02,0.05,0.0,0.0,0.075,0.0,0.0,0.0,0.0,0.0,0.0,0.0,0.0,0.99,0.0,0.0,0.0,0.0,0.0
AT5G01380,0.0,0.985,0.0,0.0,0.26,0.18,0.0,0.0,0.0,0.0,0.48,0.0,0.0,0.59,0.0,0.0,0.0,0.0,0.0,0.0,0.0,0.065,0.0,0.0,0.92,0.0,0.0,0.0,0.0,0.025,0.0,0.0,0.31,0.0,0.0,0.12,0.0,1.0,0.0,0.475,0.0,0.0,0.0,0.0
AT5G02320,0.0,0.26,0.0,0.0,0.0,0.0,0.0,0.0,0.0,0.0,0.045,0.0,0.155,0.01,0.0,0.0,0.0,0.0,0.0,0.0,0.0,0.0,0.0,0.0,0.325,0.0,0.0,0.0,0.0,0.0,0.0,0.0,0.125,0.0,0.0,0.22,0.0,0.0,0.0,0.0,0.0,0.0,0.0,0.0
AT5G02460,0.0,0.535,0.0,0.0,0.0,0.005,0.0,0.0,0.0,0.0,0.275,0.0,0.065,0.0,0.0,0.0,0.0,0.0,0.0,0.03,0.0,0.0,0.0,0.015,0.46,0.0,0.0,0.0,0.0,0.01,0.09,0.01,0.0,0.0,0.0,0.0,0.0,0.0,0.0,0.0,0.0,0.0,0.0,0.01
AT5G02840,0.0,0.18,0.0,0.0,0.0,0.0,0.0,0.0,0.085,0.0,0.83,0.0,0.39,0.0,0.005,0.0,0.0,0.02,0.0,0.0,0.0,0.0,0.0,0.0,0.525,0.0,0.275,0.0,0.0,0.165,0.0,0.0,0.2,0.0,0.0,0.0,0.0,0.0,0.0,0.0,0.0,0.0,0.0,0.045
AT5G03150,0.0,0.0,0.0,0.0,0.005,0.0,0.1,0.0,0.0,0.0,0.0,0.0,0.0,0.0,0.0,0.21,0.0,0.0,0.2,0.0,0.0,0.0,0.0,0.0,0.0,0.29,0.005,0.0,0.0,0.0,0.095,0.0,0.435,0.0,0.0,0.0,0.0,0.02,0.02,0.085,0.0,0.0,0.0,0.0
AT5G03790,0.0,0.0,0.0,0.0,0.32,0.0,0.0,0.13,0.01,0.0,0.0,0.0,0.0,0.0,0.84,0.0,0.0,0.0,0.0,0.0,0.0,0.0,0.0,0.0,0.0,0.005,0.23,0.225,0.0,0.685,0.0,0.0,0.02,0.0,0.0,0.48,0.165,0.015,0.705,0.0,0.0,0.0,0.0,0.565
AT5G04390,0.0,0.485,0.0,0.0,0.4,0.0,0.0,0.0,0.0,0.0,0.005,0.0,0.0,0.0,0.0,0.0,0.0,0.0,0.0,0.0,0.0,0.0,0.0,0.0,0.0,0.45,0.0,0.0,0.0,0.0,0.0,0.0,0.0,0.61,0.0,0.0,0.0,0.0,0.0,0.095,0.0,0.0,0.0,0.0
AT5G04410,0.0,0.0,0.0,0.0,0.05,0.0,0.0,0.0,0.0,0.0,0.535,0.0,0.41,0.0,0.0,0.0,0.0,0.0,0.215,0.03,0.0,0.02,0.0,0.0,0.0,0.0,0.0,0.0,0.0,0.0,0.0,0.0,0.0,0.0,0.0,0.015,0.0,0.0,0.055,0.0,0.0,0.0,0.0,0.0
AT5G05550,0.0,0.0,0.0,0.075,1.0,0.98,0.0,0.0,0.98,0.0,0.0,0.0,0.025,0.0,0.975,0.0,0.0,0.0,1.0,1.0,0.33,0.11,0.35,1.0,1.0,1.0,1.0,0.0,0.0,1.0,0.995,0.005,1.0,0.0,0.0,1.0,0.0,1.0,0.98,0.805,0.25,0.0,0.0,1.0
AT5G05790,0.0,0.0,0.0,0.725,0.0,0.0,0.235,0.0,0.0,0.0,0.71,0.0,0.055,0.01,0.0,0.0,0.0,0.0,0.0,0.0,0.0,0.0,0.0,0.005,0.02,0.005,0.0,0.0,0.0,0.0,0.0,0.0,0.295,0.0,0.0,0.0,0.0,0.0,0.0,0.0,0.0,0.0,0.0,0.0
AT5G06100,0.0,0.45,0.0,0.0,0.0,0.005,0.0,0.0,0.115,0.0,0.0,0.0,0.36,0.0,0.14,0.0,0.0,0.0,1.0,0.0,0.0,0.0,0.0,0.085,0.22,0.025,0.095,0.0,0.0,0.14,0.0,0.005,0.095,0.0,0.0,0.255,0.0,0.0,0.0,0.0,0.04,0.0,0.0,0.05
AT5G06839,0.0,0.0,0.0,0.0,0.0,0.0,0.0,0.0,0.0,0.0,0.0,0.0,0.0,0.0,0.0,0.0,0.0,0.0,0.0,0.0,0.0,0.0,0.0,0.0,0.0,0.0,0.0,0.0,0.0,0.0,0.0,0.0,0.0,0.0,0.0,0.0,0.0,0.0,0.0,0.0,0.0,0.0,0.0,0.0
AT5G06950,0.0,0.0,0.0,0.0,0.0,0.0,0.0,0.0,0.0,0.0,0.03,0.0,0.0,0.0,0.0,0.0,0.0,0.0,0.0,0.0,0.0,0.0,0.0,0.0,0.0,0.68,0.0,0.0,0.0,0.0,0.0,0.0,0.0,0.0,0.0,0.0,0.0,0.0,0.0,0.0,0.0,0.0,0.0,0.0
AT5G06960,0.0,0.0,0.0,0.0,0.0,0.0,0.0,0.0,0.0,0.0,0.0,0.0,0.0,0.0,0.0,0.0,0.0,0.0,0.0,0.0,0.0,0.0,0.0,0.0,0.0,0.035,0.0,0.0,0.0,0.0,0.0,0.0,0.0,0.0,0.0,0.005,0.0,0.0,0.0,0.0,0.0,0.0,0.0,0.0
AT5G07310,0.0,0.34,0.0,0.0,0.0,0.11,0.0,0.0,0.09,0.06,0.0,0.0,0.0,0.09,0.0,0.0,0.0,0.0,0.0,0.33,0.0,0.035,0.0,0.0,0.18,0.0,0.0,0.0,0.0,0.325,0.0,0.0,0.0,0.195,0.0,0.0,0.0,0.975,0.0,0.0,0.815,0.0,0.0,0.0
AT5G07680,0.0,0.005,0.0,0.0,0.0,0.0,0.0,0.0,0.005,0.0,0.0,0.0,0.0,0.0,0.0,0.0,0.0,0.0,0.005,0.0,0.0,0.0,0.0,0.0,0.0,0.0,0.0,0.0,0.0,0.0,0.015,0.0,0.0,0.0,0.0,0.0,0.0,0.0,0.0,0.0,0.0,0.0,0.0,0.0
AT5G08130,0.06,0.0,0.0,0.0,0.52,0.0,0.0,0.0,0.0,0.0,0.085,0.0,0.0,0.0,0.0,0.135,0.0,0.0,0.0,0.0,0.0,0.0,0.0,0.0,0.0,0.0,0.0,0.0,0.0,0.0,0.0,0.0,0.005,0.0,0.0,0.0,0.0,0.0,0.0,0.03,0.0,0.0,0.0,0.0
AT5G08330,0.0,0.31,0.0,0.375,0.39,0.0,0.87,0.0,0.0,0.0,0.0,0.0,0.0,0.315,0.605,0.0,0.0,0.0,0.0,0.03,0.0,0.0,0.0,0.13,0.285,0.0,0.365,0.0,0.0,0.615,0.0,0.025,0.055,0.0,0.0,0.0,0.0,0.045,0.0,0.74,0.015,0.0,0.0,0.175
AT5G08520,0.0,0.055,0.0,0.0,0.005,0.0,0.0,0.0,0.055,0.0,0.0,0.0,0.0,0.0,0.895,0.0,0.0,0.0,0.145,0.035,0.165,0.0,0.0,0.0,0.005,0.045,0.42,0.0,0.0,0.425,0.1,0.0,0.625,0.0,0.0,0.0,0.0,0.815,0.0,0.0,0.09,0.08,0.0,0.12
AT5G08750,0.0,0.0,0.0,0.0,0.0,0.0,0.0,0.0,0.0,0.0,0.0,0.0,0.0,0.0,0.0,0.0,0.0,0.0,0.0,0.0,0.0,0.0,0.0,0.0,0.0,0.0,0.0,0.0,0.0,0.0,0.0,0.0,0.0,0.0,0.0,0.0,0.0,0.0,0.0,0.0,0.0,0.0,0.0,0.0
AT5G09410,0.0,0.0,0.0,0.0,0.76,0.005,0.0,0.0,0.0,0.0,0.05,0.0,0.205,0.0,0.005,0.0,0.0,0.0,0.0,0.0,0.0,0.0,0.0,0.0,0.0,0.07,0.035,0.0,0.0,0.205,0.0,0.0,0.05,0.0,0.0,0.0,0.0,0.0,0.015,0.0,0.0,0.0,0.0,0.0
AT5G10030,0.0,0.03,0.0,0.135,0.49,0.0,0.0,0.0,0.035,0.0,0.0,0.0,0.0,0.0,0.0,0.005,0.0,0.0,0.28,0.045,0.07,0.0,0.0,0.0,0.0,0.0,0.0,0.0,0.0,0.0,0.0,0.0,0.0,0.0,0.0,0.0,0.0,0.03,0.045,0.085,0.0,0.0,0.0,0.0
AT5G10510,0.0,0.0,0.0,0.0,0.0,0.0,0.0,0.0,0.0,0.0,0.0,0.0,0.0,0.0,0.0,0.0,0.0,0.0,0.0,0.0,0.0,0.0,0.0,0.0,0.0,0.0,0.0,0.0,0.0,0.0,0.0,0.0,0.0,0.0,0.0,0.0,0.0,0.0,0.0,0.0,0.0,0.0,0.0,0.0
AT5G11260,0.0,0.0,1.0,0.195,0.0,0.0,0.0,0.0,0.04,0.0,0.805,0.0,0.685,0.545,0.28,0.085,0.29,0.0,0.985,0.0,0.0,0.33,0.0,0.005,0.0,0.805,0.76,0.0,0.0,0.695,0.49,0.615,0.855,0.1,0.0,0.485,0.0,0.155,0.93,0.0,1.0,0.0,0.01,0.78
AT5G11510,0.0,0.275,0.0,0.0,0.0,0.04,0.0,0.0,0.005,0.0,0.0,0.0,0.985,0.99,0.0,0.0,0.0,0.0,0.16,0.0,0.0,0.0,0.0,0.0,0.045,0.0,0.0,0.0,0.0,0.0,0.87,0.0,0.0,0.0,0.0,1.0,0.0,0.1,0.0,0.0,0.0,0.0,0.0,0.0
AT5G13080,0.0,0.755,0.0,0.0,0.14,0.99,0.0,0.58,0.995,0.635,0.1,0.0,0.975,1.0,1.0,0.0,0.255,0.0,0.68,0.0,0.0,0.9,0.0,0.0,0.0,0.0,0.92,0.14,0.225,1.0,0.75,0.0,0.925,0.695,0.33,0.995,0.84,0.07,0.075,0.855,0.06,1.0,0.0,0.91
AT5G13180,0.315,0.0,0.0,0.0,0.0,0.0,0.245,0.0,0.0,0.0,0.48,0.0,0.25,0.0,0.0,0.4,0.0,0.0,0.045,0.0,0.0,0.0,0.045,0.0,0.0,0.0,0.0,0.0,0.0,0.0,0.0,0.0,0.015,0.0,0.0,0.075,0.0,0.0,0.0,0.02,0.09,0.0,0.0,0.0
AT5G13790,0.0,0.0,0.0,0.0,0.0,0.005,0.015,0.0,0.0,0.0,0.0,0.0,0.0,0.0,0.0,0.0,0.0,0.0,0.02,0.0,0.0,0.0,0.0,0.0,0.0,0.0,0.0,0.0,0.0,0.0,0.0,0.0,0.0,0.0,0.0,0.07,0.0,0.0,0.0,0.0,0.0,0.0,0.0,0.0
AT5G13910,0.0,0.0,0.0,0.0,0.0,0.0,0.0,0.0,0.0,0.0,0.0,0.0,0.0,0.0,0.0,0.0,0.0,0.0,0.0,0.0,0.0,0.0,0.0,0.0,0.0,0.0,0.0,0.0,0.0,0.0,0.0,0.0,0.005,0.0,0.0,0.0,0.0,0.0,0.0,0.0,0.0,0.0,0.0,0.0
AT5G14960,0.0,0.025,0.0,0.0,0.0,0.0,0.0,0.0,0.855,0.0,0.005,0.0,1.0,0.0,0.0,0.0,0.0,0.96,1.0,0.0,0.0,0.0,0.0,0.0,0.0,0.0,0.0,0.0,0.0,0.0,0.985,0.0,0.0,0.85,0.0,0.0,0.0,0.33,0.0,0.0,0.0,0.0,0.0,0.0
AT5G15830,0.0,0.085,0.01,0.0,0.475,0.86,0.15,0.04,0.73,0.425,0.035,0.0,0.01,0.015,0.0,0.2,0.0,1.0,0.0,0.6,0.075,0.035,0.0,0.0,0.165,0.0,0.0,0.8,0.84,0.0,0.0,0.005,0.11,0.69,0.0,0.0,0.0,0.0,0.0,0.0,1.0,0.04,0.0,0.0
AT5G16820,0.0,0.885,0.0,0.0,1.0,0.0,0.0,0.0,0.22,0.0,1.0,0.0,0.375,1.0,0.0,0.005,0.0,0.525,1.0,0.385,0.0,0.0,0.0,0.0,0.965,0.0,0.015,0.0,0.0,0.06,1.0,0.0,0.08,0.135,0.0,0.0,0.0,1.0,0.0,0.99,0.69,0.0,0.11,0.895
AT5G17300,0.0,0.6,0.465,0.26,0.5,0.72,0.15,0.01,0.57,0.0,0.875,0.0,0.07,0.11,0.0,0.33,0.03,0.415,0.89,0.09,0.0,0.145,0.08,0.0,0.205,0.0,0.0,0.0,0.0,0.0,0.755,0.005,0.545,0.86,0.0,0.58,0.0,0.49,0.045,0.295,0.73,0.0,0.015,0.0
AT5G17800,0.0,0.0,0.0,0.0,0.0,0.0,0.0,0.0,0.0,0.0,0.0,0.0,0.0,0.0,0.0,0.0,0.0,0.0,0.0,0.0,0.0,0.0,0.0,0.0,0.0,0.0,0.01,0.0,0.0,0.015,0.0,0.0,0.145,0.0,0.0,0.425,0.0,0.0,0.0,0.0,0.0,0.0,0.0,0.0
AT5G18270,0.0,0.065,0.0,0.0,0.0,0.0,0.0,0.0,0.01,0.0,0.0,0.0,0.0,0.595,0.0,0.0,0.0,0.0,0.225,0.115,0.0,0.07,0.0,0.0,0.0,0.0,0.0,0.0,0.0,0.0,0.0,0.0,0.0,0.185,0.0,0.2,0.0,0.0,0.0,0.0,0.0,0.0,0.0,0.0
AT5G18450,0.0,0.0,0.0,0.0,0.0,0.0,0.0,0.73,0.01,0.965,0.0,0.0,0.0,0.0,0.0,0.0,0.0,0.0,0.0,0.215,0.0,0.0,0.0,0.0,0.0,0.0,0.0,0.685,0.93,0.0,0.0,0.0,0.0,0.0,0.475,0.0,0.035,0.0,0.0,0.0,0.0,0.0,0.0,0.0
AT5G18560,0.0,0.0,0.0,0.0,0.0,0.0,0.0,0.0,0.365,0.0,0.0,0.0,0.0,0.0,0.0,0.0,0.0,0.0,0.0,0.0,0.0,0.0,0.0,0.0,0.0,0.0,0.0,0.0,0.0,0.0,0.0,0.0,0.02,0.0,0.0,0.0,0.0,0.0,0.0,0.73,0.0,0.0,0.0,0.0
AT5G19790,0.0,0.0,0.0,0.0,0.0,0.0,0.0,0.025,0.575,0.055,0.95,0.0,1.0,0.0,1.0,0.0,0.0,0.0,0.0,0.0,0.0,0.0,0.0,0.0,0.01,0.0,0.995,0.0,0.0,0.92,0.005,0.0,1.0,0.0,0.385,0.0,0.0,0.0,0.0,0.975,0.0,0.0,0.0,0.37
AT5G22990,0.0,0.0,0.0,0.0,0.0,0.0,0.0,0.0,0.99,0.0,0.0,0.0,0.0,0.0,0.0,0.0,0.0,0.0,0.0,0.0,0.0,0.0,0.0,0.0,0.0,0.0,0.0,0.0,0.0,0.0,0.0,0.0,0.0,0.0,0.0,0.0,0.0,0.0,0.0,0.0,0.0,0.0,0.0,0.0
AT5G23280,0.245,0.0,0.0,0.0,0.0,0.0,0.0,0.0,0.0,0.0,0.385,0.0,0.005,0.0,0.0,0.0,0.0,0.0,0.1,0.0,0.0,0.01,0.0,0.0,0.0,0.0,0.0,0.0,0.0,0.0,0.015,0.0,0.0,0.005,0.0,0.0,0.0,0.0,0.0,0.0,0.0,0.0,0.0,0.0
AT5G23930,0.0,0.375,0.0,0.0,0.0,0.025,0.0,0.0,0.06,0.0,0.02,0.0,0.0,0.045,0.0,0.0,0.0,0.0,0.0,0.0,0.0,0.0,0.0,0.0,0.0,0.0,0.0,0.0,0.0,0.0,0.0,0.05,0.0,0.06,0.0,0.0,0.0,0.0,0.0,0.0,0.025,0.0,0.0,0.0
AT5G24110,0.0,0.575,0.0,0.0,0.0,0.0,0.0,0.0,0.0,0.0,0.245,0.0,0.085,0.0,0.0,0.0,0.0,0.0,0.025,0.62,0.015,0.0,0.0,0.0,0.5,0.0,0.0,0.0,0.0,0.0,0.005,0.345,0.4,0.52,0.0,0.55,0.0,0.09,0.0,0.0,0.0,0.0,0.0,0.0
AT5G25190,0.745,0.0,0.0,1.0,0.6,0.335,0.635,0.0,0.425,0.0,0.54,0.0,0.225,0.0,0.0,0.0,0.005,0.465,0.0,0.535,0.875,0.0,0.755,0.105,0.0,0.555,0.0,0.0,0.0,0.86,0.135,0.145,0.135,0.14,0.0,0.01,0.0,0.0,0.0,0.42,0.0,1.0,0.0,0.065
AT5G25810,0.0,0.125,0.0,0.0,0.06,0.0,0.0,0.0,0.0,0.0,0.0,0.0,0.0,0.0,0.0,0.0,0.0,0.0,0.095,0.0,0.0,0.0,0.0,0.0,0.0,0.0,0.0,0.0,0.0,0.0,0.0,0.0,0.25,0.0,0.0,0.0,0.0,0.0,0.0,0.05,0.0,0.0,0.0,0.0
AT5G26170,0.02,0.0,0.0,0.0,0.125,0.925,0.0,0.0,0.0,0.0,0.0,0.0,0.0,1.0,0.0,0.0,0.0,0.695,0.27,0.98,0.0,0.0,0.1,0.0,0.0,0.0,0.0,0.0,0.0,0.0,0.0,0.0,0.0,0.92,0.0,0.34,0.0,0.175,0.0,0.0,0.47,0.0,0.0,0.0
AT5G29000,0.0,0.0,0.0,0.0,0.0,0.0,0.0,0.01,0.01,0.0,0.0,0.0,0.0,0.075,0.0,0.0,0.0,0.0,0.02,0.0,0.0,0.0,0.0,0.0,0.0,0.0,0.0,0.02,0.08,0.0,0.0,0.0,0.0,0.005,0.005,0.18,0.0,0.0,0.015,0.0,0.0,0.0,0.0,0.0
AT5G39610,0.0,0.37,0.0,0.0,0.96,0.87,0.0,0.085,0.745,0.0,0.0,0.0,0.0,0.565,0.01,0.0,0.0,0.0,0.99,0.0,0.01,0.0,0.03,0.0,0.075,0.0,0.0,0.0,0.0,0.715,0.985,0.0,0.975,0.0,0.0,0.01,0.0,0.955,0.005,0.7,0.0,0.0,0.0,0.0
AT5G39760,0.0,0.025,0.0,0.565,0.985,0.16,0.0,0.98,0.0,0.83,0.7,0.93,0.53,0.07,0.0,0.825,0.07,0.0,0.315,0.0,0.0,0.235,0.015,0.96,0.025,0.285,0.0,0.91,0.795,0.0,0.155,0.415,0.235,0.01,0.975,0.035,1.0,0.235,0.0,0.93,0.125,0.16,0.0,0.005
AT5G39820,0.0,0.0,0.0,0.0,0.0,0.0,0.0,0.0,0.0,0.0,0.0,0.0,0.0,0.0,0.0,0.0,0.0,0.0,0.0,0.0,0.0,0.0,0.0,0.0,0.0,0.0,0.0,0.0,0.0,0.0,0.0,0.0,0.0,0.0,0.0,0.0,0.0,0.0,0.0,0.0,0.0,0.0,0.0,0.0
AT5G41570,0.0,0.0,0.0,0.0,0.0,0.0,0.0,0.0,0.27,0.0,0.0,0.0,0.0,0.035,0.0,0.0,0.0,0.0,0.0,0.0,0.0,0.0,0.0,0.0,0.0,0.0,0.0,0.0,0.0,0.0,0.0,0.0,0.225,0.0,0.0,0.0,0.57,0.0,0.0,0.0,0.0,0.0,0.0,0.0
AT5G45300,0.0,0.0,0.0,0.0,0.0,0.0,0.0,0.0,0.0,0.0,0.0,0.0,0.0,0.0,0.0,0.0,0.0,0.0,0.0,0.0,0.0,0.0,0.0,0.0,0.0,0.0,0.0,0.0,0.0,0.0,0.0,0.0,0.0,0.0,0.0,0.0,0.0,0.0,0.0,0.0,0.0,0.0,0.0,0.0
AT5G45580,0.0,0.0,0.0,0.0,0.93,0.16,0.235,0.06,0.48,0.0,0.455,0.0,0.735,0.0,0.75,0.0,0.0,0.0,0.0,0.0,0.0,0.0,0.0,0.005,0.0,0.0,0.195,0.0,0.0,0.0,0.0,0.0,0.18,0.0,0.0,0.0,0.0,0.0,0.0,0.865,0.0,0.0,0.31,0.45
AT5G46350,0.0,0.225,0.0,0.0,0.0,0.3,0.0,0.0,0.085,0.06,0.0,0.0,0.0,0.665,0.0,0.0,0.0,0.0,0.02,0.01,0.0,0.0,0.0,0.0,0.085,0.01,0.0,0.0,0.0,0.0,0.0,0.0,0.0,0.04,0.0,0.15,0.0,0.0,0.0,0.0,0.0,0.0,0.0,0.0
AT5G46590,0.0,0.32,0.0,0.0,0.0,0.0,0.0,0.0,0.0,0.0,0.0,0.0,0.0,0.16,0.0,0.0,0.0,0.0,0.0,0.0,0.0,0.0,0.0,0.0,0.105,0.0,0.0,0.0,0.0,0.0,0.0,0.0,0.0,0.0,0.0,0.0,0.0,0.0,0.0,0.0,0.0,0.0,0.0,0.0
AT5G46830,0.0,0.66,0.0,0.27,0.0,0.775,0.0,0.0,0.0,0.0,0.235,0.255,0.635,0.0,0.875,0.0,0.0,0.0,0.1,0.08,0.04,0.0,0.0,0.665,0.635,0.64,0.76,0.0,0.0,0.93,0.375,0.355,0.39,0.905,0.0,0.54,0.0,0.19,0.175,0.0,0.0,0.19,0.0,0.855
AT5G47220,0.0,0.33,0.0,0.0,0.0,0.0,0.0,0.0,0.52,0.0,0.0,0.0,0.0,0.12,0.0,0.0,0.0,0.0,0.675,0.085,0.01,0.0,0.0,0.12,0.03,0.0,0.0,0.0,0.0,0.0,0.0,0.15,0.0,0.0,0.0,0.775,0.0,0.0,0.0,0.0,0.0,0.0,0.0,0.0
AT5G47230,0.0,0.74,0.0,0.0,0.0,0.115,0.0,0.0,0.305,0.0,0.985,0.0,0.465,0.515,0.0,0.0,0.0,0.0,0.985,0.06,0.0,0.0,0.0,0.54,0.005,0.415,0.0,0.0,0.0,0.0,0.0,0.335,0.0,0.0,0.0,0.455,0.0,0.0,0.0,0.0,0.0,0.0,0.0,0.0
AT5G47370,0.2,0.105,0.0,0.565,0.635,0.0,0.32,0.0,0.175,0.0,0.0,0.0,0.0,0.0,0.005,0.88,0.0,0.015,0.14,0.155,0.52,0.0,0.085,0.01,0.02,0.925,0.0,0.0,0.0,0.0,0.0,0.44,0.0,0.07,0.0,0.765,0.0,0.045,0.24,0.675,0.0,0.0,0.0,0.0
AT5G47390,0.0,0.0,0.055,0.0,0.0,0.21,0.0,0.0,0.025,0.0,0.235,0.0,0.36,0.78,0.905,0.0,0.0,0.0,0.0,0.265,0.0,0.0,0.585,0.805,0.155,0.125,0.94,0.0,0.0,0.625,0.0,0.0,0.365,0.27,0.0,0.665,0.0,0.0,0.0,0.0,0.0,0.3,0.0,0.885
AT5G47660,0.0,0.76,0.0,0.3,0.0,0.0,0.0,0.0,0.0,0.0,0.795,0.0,0.82,0.39,0.005,0.0,0.0,0.0,0.0,0.0,0.0,0.0,0.0,0.0,0.79,0.11,0.0,0.0,0.0,0.0,0.0,0.015,0.03,0.0,0.0,0.275,0.0,0.0,0.0,0.0,0.0,0.0,0.0,0.0
AT5G50670,0.0,0.0,0.0,0.0,0.0,0.0,0.0,0.0,0.0,0.0,0.0,0.0,0.0,0.0,0.0,0.0,0.0,0.0,0.0,0.0,0.0,0.0,0.0,0.0,0.0,0.0,0.0,0.0,0.0,0.0,0.0,0.0,0.0,0.0,0.0,0.0,0.0,0.0,0.0,0.0,0.0,0.0,0.0,0.0
AT5G51990,0.0,0.0,0.0,0.0,0.0,0.93,0.0,1.0,0.7,1.0,0.845,1.0,0.0,0.71,0.0,0.0,1.0,0.525,0.005,0.0,0.96,0.975,0.0,0.0,0.0,0.0,0.0,0.985,0.775,0.0,0.805,0.0,0.61,0.94,1.0,0.015,1.0,0.99,0.0,0.0,0.0,0.0,0.245,0.0
AT5G52020,0.0,0.005,0.0,0.0,0.0,0.01,0.0,0.0,0.0,0.0,0.0,0.0,0.015,0.0,0.0,0.0,0.01,0.0,0.0,0.0,0.265,0.0,0.0,0.0,0.0,0.0,0.0,0.0,0.0,0.0,0.0,0.0,0.19,0.0,0.0,0.0,0.0,0.025,0.17,0.0,0.0,0.0,0.0,0.0
AT5G52660,0.0,0.03,0.0,0.0,0.0,0.02,0.0,0.45,0.0,0.0,0.02,0.0,0.07,0.0,0.0,0.0,0.0,0.02,0.0,0.075,0.01,0.0,0.97,0.0,0.0,0.895,0.0,0.005,0.04,0.0,0.0,0.0,0.045,0.215,0.055,0.98,1.0,0.0,0.0,0.045,0.185,0.86,0.005,0.0
AT5G52830,0.0,0.0,0.0,0.035,0.515,0.0,0.215,0.15,0.0,0.22,0.815,0.0,0.2,0.02,0.0,0.0,0.0,0.0,0.0,0.0,0.03,0.065,0.0,0.0,0.0,0.515,0.0,0.87,0.455,0.0,0.0,0.0,0.205,0.0,0.085,0.325,0.175,0.0,0.0,0.49,0.03,0.0,0.0,0.0
AT5G53950,0.0,0.0,0.0,0.0,0.0,0.0,0.0,0.0,0.0,0.0,0.15,0.0,0.0,0.0,0.0,0.0,0.0,0.0,0.0,0.0,0.0,0.0,0.0,0.0,0.0,0.0,0.0,0.0,0.0,0.0,0.0,0.0,0.0,0.0,0.0,0.035,0.0,0.0,0.0,0.0,0.0,0.0,0.0,0.0
AT5G54230,0.0,0.0,0.0,0.0,0.0,0.555,0.0,0.065,0.04,0.455,0.0,0.0,0.0,0.0,0.0,0.0,0.0,0.0,0.17,0.005,0.0,0.0,0.0,0.0,0.0,0.0,0.0,0.105,0.145,0.0,0.125,0.0,0.0,0.0,0.05,0.955,0.005,0.0,0.0,0.015,0.0,0.0,0.0,0.0
AT5G56110,0.0,0.0,0.0,0.0,0.0,0.0,0.0,0.0,0.0,0.0,0.305,0.0,0.125,0.0,0.0,0.0,0.0,0.0,0.0,0.0,0.0,0.0,0.0,0.0,0.0,0.0,0.0,0.0,0.0,0.0,0.0,0.0,0.0,0.0,0.0,0.0,0.0,0.0,0.0,0.0,0.0,0.0,0.0,0.0
AT5G56840,0.86,0.01,0.0,0.0,0.675,0.15,0.63,0.665,0.06,0.15,0.0,0.0,0.0,0.0,0.935,0.0,0.0,0.0,0.0,0.555,1.0,0.0,0.0,0.0,0.0,0.855,0.89,0.005,0.0,1.0,0.0,0.0,0.6,0.575,0.07,0.05,0.0,0.19,0.955,0.015,0.0,0.845,0.0,0.77
AT5G58850,0.0,0.0,0.0,0.0,0.0,0.0,0.0,0.0,0.0,0.0,0.0,0.0,0.0,0.0,0.0,0.0,0.0,0.0,0.0,0.0,0.0,0.0,0.0,0.0,0.0,0.0,0.0,0.0,0.0,0.0,0.0,0.0,0.0,0.0,0.0,0.0,0.0,0.0,0.0,0.0,0.0,0.0,0.0,0.0
AT5G58900,0.085,0.49,0.0,0.14,0.095,0.45,0.0,0.18,0.0,0.615,0.865,0.275,0.025,0.32,0.0,0.0,0.0,0.0,0.28,0.0,0.04,0.23,0.0,0.315,0.705,0.46,0.0,0.925,0.35,0.0,0.0,0.285,0.005,0.31,0.0,0.0,0.0,0.025,0.0,0.0,0.935,0.725,0.0,0.0
AT5G59430,0.0,1.0,0.0,0.0,0.0,0.0,0.0,0.0,0.0,0.0,0.0,0.0,0.0,0.0,0.0,0.0,0.0,0.0,0.0,0.0,0.0,0.0,0.0,0.0,0.995,0.0,0.0,0.0,0.0,0.0,0.0,0.0,0.0,0.0,0.0,0.0,0.0,0.0,0.0,0.0,0.0,0.0,0.0,0.0
AT5G60130,0.0,0.94,0.0,0.0,0.995,0.845,0.95,0.0,0.935,0.0,0.955,0.0,1.0,0.0,0.0,0.0,0.0,0.0,0.99,1.0,0.0,0.0,0.0,0.0,0.98,0.46,0.0,0.0,0.0,0.0,0.88,0.0,0.26,0.885,0.0,0.0,0.055,0.0,0.0,0.595,0.0,0.0,0.155,0.725
AT5G60850,0.005,0.66,0.0,0.0,0.0,0.0,0.02,0.0,0.0,0.0,0.0,0.74,0.0,0.0,0.08,0.81,0.0,0.04,0.485,0.05,0.0,0.0,0.0,0.0,0.1,0.23,0.05,0.0,0.0,0.06,0.0,0.145,0.34,0.0,0.0,0.115,0.0,0.0,0.0,0.0,0.0,0.0,0.0,0.0
AT5G61620,0.0,0.0,0.0,0.0,0.0,0.195,0.0,0.0,0.0,0.0,0.035,0.0,0.0,0.0,0.0,0.0,0.0,0.0,0.0,0.0,0.0,0.0,0.0,0.0,0.0,0.0,0.0,0.0,0.0,0.0,0.0,0.0,0.0,0.0,0.0,0.275,0.0,0.0,0.0,0.0,0.0,0.0,0.0,0.0
AT5G62000,0.0,0.12,0.0,0.0,0.0,0.0,0.0,0.0,0.0,0.0,0.0,0.0,0.0,0.0,0.09,0.0,0.0,0.0,0.02,0.0,0.085,0.0,0.0,0.005,0.0,0.255,0.005,0.0,0.0,0.0,0.0,0.0,0.155,0.0,0.0,0.0,0.0,0.0,0.0,0.05,0.0,0.0,0.0,0.0
AT5G62020,0.0,0.0,0.0,0.0,0.0,0.0,0.0,0.0,0.0,0.0,0.005,0.0,0.0,0.0,0.0,0.0,0.0,0.0,0.045,0.0,0.0,0.0,0.0,0.0,0.01,0.0,0.0,0.0,0.0,0.0,0.0,0.0,0.0,0.0,0.0,0.08,0.0,0.0,0.0,0.03,0.0,0.0,0.0,0.0
AT5G62320,0.0,0.08,0.0,0.0,0.0,0.0,0.0,0.0,0.0,0.0,0.12,0.0,0.0,0.01,0.0,0.0,0.0,0.0,0.0,0.0,0.0,0.0,0.0,0.0,0.02,0.0,0.0,0.0,0.0,0.0,0.0,0.0,0.0,0.0,0.0,0.0,0.0,0.0,0.0,0.0,0.0,0.0,0.0,0.0
AT5G62380,0.0,0.035,0.0,0.0,0.24,0.0,0.0,0.0,0.0,0.0,0.0,0.0,0.0,0.0,0.0,0.0,0.0,0.0,0.005,0.0,0.0,0.0,0.0,0.0,0.0,0.0,0.0,0.0,0.0,0.0,0.0,0.0,0.0,0.0,0.0,0.0,0.0,0.01,0.0,0.02,0.0,0.0,0.0,0.0
AT5G62470,0.0,0.0,0.0,0.0,0.0,0.0,0.0,0.045,0.0,0.0,0.1,0.0,0.0,0.0,0.0,0.0,0.0,0.0,0.0,0.0,0.0,0.0,0.0,0.0,0.0,0.0,0.0,0.0,0.0,0.0,0.0,0.025,0.005,0.0,0.0,0.005,0.0,0.0,0.0,0.0,0.0,0.0,0.0,0.0
AT5G62940,0.0,0.99,0.0,0.0,1.0,0.52,0.835,0.0,0.35,0.0,0.54,0.0,0.82,0.88,0.0,0.81,0.0,0.0,0.955,0.825,0.505,0.755,0.42,1.0,0.66,0.66,0.05,0.0,0.0,0.39,1.0,0.48,0.0,0.025,0.0,0.215,0.0,1.0,0.665,1.0,0.0,0.0,0.0,0.565
AT5G63090,0.0,0.0,0.0,0.0,0.0,0.0,0.0,0.0,0.0,0.0,0.0,0.0,0.0,0.0,0.0,0.0,0.0,0.0,0.235,0.0,0.0,0.0,0.0,0.0,0.0,0.0,0.0,0.0,0.0,0.0,0.165,0.0,0.0,0.0,0.0,0.0,0.0,0.005,0.0,0.0,0.0,0.0,0.0,0.0
AT5G63260,0.0,0.0,0.0,0.0,0.0,0.0,0.0,0.0,0.0,0.0,0.0,0.0,0.0,0.0,0.0,0.0,0.0,0.0,0.0,0.0,0.0,0.0,0.0,0.0,0.0,0.07,0.0,0.0,0.0,0.0,0.0,0.0,0.0,0.0,0.0,0.0,0.0,0.0,0.0,0.0,0.0,0.0,0.0,0.0
AT5G64060,0.0,0.805,0.0,0.0,0.0,0.0,0.0,0.0,0.0,0.0,0.24,0.0,0.005,0.0,0.0,0.0,0.0,0.0,0.0,0.075,0.0,0.0,0.0,0.0,0.44,0.4,0.0,0.0,0.0,0.0,0.0,0.0,0.195,0.0,0.0,0.09,0.0,0.0,0.0,0.0,0.0,0.0,0.0,0.0
AT5G64750,0.0,0.455,0.0,0.0,0.0,0.285,0.0,0.0,0.03,0.0,0.0,0.0,0.0,0.0,0.0,0.0,0.0,0.0,0.03,0.0,0.18,0.0,0.0,0.0,0.34,0.0,0.0,0.0,0.0,0.0,0.0,0.07,0.0,0.41,0.0,0.035,0.0,0.28,0.0,0.0,0.0,0.0,0.0,0.0
AT5G65130,0.0,0.145,0.0,0.0,0.045,0.0,0.0,0.0,0.0,0.0,0.0,0.0,0.0,0.0,0.0,0.0,0.0,0.0,0.0,0.0,0.0,0.0,0.0,0.0,0.04,0.115,0.0,0.0,0.0,0.0,0.0,0.0,0.0,0.0,0.0,0.0,0.0,0.0,0.0,0.0,0.0,0.0,0.0,0.0
AT5G65210,0.0,0.0,0.0,0.0,0.035,0.0,0.0,0.0,0.0,0.0,0.065,0.0,0.005,0.0,0.0,0.0,0.0,0.0,0.07,0.0,0.0,0.02,0.0,0.0,0.0,0.0,0.0,0.0,0.0,0.0,0.005,0.0,0.0,0.0,0.0,0.0,0.0,0.015,0.0,0.01,0.0,0.0,0.0,0.0
AT5G65310,0.96,0.01,0.0,0.0,0.0,0.0,0.525,0.0,0.0,0.0,0.92,0.63,0.17,0.005,0.81,0.775,0.0,0.0,0.525,0.0,0.785,0.0,0.98,0.03,0.0,0.895,0.0,0.0,0.0,0.0,0.0,0.6,0.0,0.0,0.0,0.535,0.0,0.205,0.105,0.025,0.405,0.035,0.0,0.26
AT5G65410,0.63,0.0,0.0,0.095,0.375,0.255,0.115,0.0,0.03,0.0,0.515,0.0,0.0,0.27,0.0,0.0,0.0,0.005,0.06,0.0,0.045,0.0,0.0,0.05,0.0,0.015,0.0,0.0,0.0,0.76,0.0,0.0,0.065,0.0,0.0,0.0,0.0,0.0,0.22,0.0,0.0,0.0,0.41,0.0
AT5G65510,0.0,0.135,0.0,0.0,0.355,0.0,0.0,0.0,0.0,0.0,0.62,0.0,0.86,0.055,0.0,0.0,0.0,0.0,0.0,0.0,0.0,0.0,0.0,0.0,0.29,0.015,0.0,0.0,0.0,0.0,0.015,0.0,0.0,0.025,0.0,0.0,0.0,0.005,0.0,0.01,0.0,0.0,0.0,0.21
AT5G66300,0.0,0.005,0.0,0.0,0.0,0.0,0.0,0.0,0.0,0.0,0.0,0.0,0.0,0.0,0.0,0.0,0.0,0.0,0.0,0.0,0.0,0.0,0.0,0.0,0.0,0.0,0.0,0.0,0.0,0.0,0.0,0.0,0.0,0.0,0.0,0.0,0.0,0.0,0.0,0.0,0.0,0.0,0.0,0.0
AT5G66700,0.0,0.0,0.0,0.0,0.035,0.63,0.0,0.0,0.03,0.0,0.06,0.0,0.285,0.11,0.0,0.0,0.04,0.0,0.635,0.02,0.0,0.03,0.0,0.0,0.13,0.0,0.03,0.0,0.0,0.0,0.745,0.0,0.05,0.1,0.0,0.895,0.0,0.445,0.0,0.01,0.0,0.0,0.0,0.0
AT5G66730,0.0,0.0,0.0,0.0,0.0,0.0,0.0,0.0,0.0,0.0,0.0,0.0,0.0,0.0,0.0,0.0,0.0,0.0,0.0,0.0,0.0,0.0,0.0,0.0,0.0,0.0,0.0,0.0,0.0,0.0,0.0,0.0,0.0,0.0,0.0,0.0,0.0,0.0,0.0,0.0,0.0,0.0,0.0,0.0
AT5G66940,0.88,0.0,0.0,0.0,0.005,0.97,0.415,0.0,0.0,0.0,0.0,0.0,0.95,0.88,0.0,0.0,0.0,0.0,0.0,0.015,0.0,0.0,0.52,0.0,0.0,0.0,0.0,0.0,0.0,1.0,0.0,0.0,0.32,0.0,0.52,0.855,0.54,0.0,0.77,0.595,0.0,0.145,0.0,0.89
AT5G67190,0.0,0.185,0.0,0.0,0.335,0.0,0.0,0.0,0.0,0.0,0.0,0.0,0.0,0.0,0.0,0.0,0.0,0.575,0.0,0.0,0.0,0.0,0.0,0.0,0.015,0.0,0.0,0.0,0.0,0.06,0.0,0.13,0.11,0.305,0.0,0.065,0.0,0.0,0.005,0.145,0.01,0.01,0.0,0.0
AT5G67300,0.0,0.0,0.0,0.89,0.54,0.25,0.825,0.73,0.0,0.45,0.585,0.0,0.92,0.02,0.985,0.0,0.185,0.0,0.0,0.0,0.97,0.06,0.94,0.99,0.06,0.46,0.875,0.175,0.595,0.505,0.0,0.605,0.56,0.0,0.625,0.97,0.53,0.24,0.75,0.905,0.155,0.81,0.08,0.615
AT5G67580,0.0,0.0,0.0,0.0,0.0,0.0,0.0,0.0,0.0,0.0,0.005,0.0,0.0,0.0,0.0,0.0,0.0,0.0,0.0,0.0,0.0,0.0,0.0,0.0,0.0,0.0,0.0,0.0,0.0,0.0,0.0,0.0,0.0,0.0,0.0,0.0,0.0,0.0,0.0,0.0,0.0,0.0,0.0,0.0
